village_id_ship,farm_id,crop_type_ship,health_index_ship,yield_estimate_to_date_ship,village_id_cal,crop_type_cal,health_index_cal,yield_estimate_to_date_cal
1,1,Rice,24.86,1.418,1,Rice,23.85,1.446
1,2,Rice,37.96,1.623,1,Rice,38.12,1.64
1,3,Rice,53.54,1.404,1,Rice,50.63,1.373
1,4,Maize,96.76,2.767,1,Maize,96.52,2.762
1,5,Groundnut,5.79,2.124,1,Groundnut,5.78,2.125
1,6,Cotton,30.19,0.377,1,Cotton,31.91,0.388
1,7,Bajra,43.96,2.823,1,Bajra,46.73,2.865
1,8,Groundnut,21.34,1.973,1,Groundnut,24.5,2.073
1,9,Cotton,50.62,0.324,1,Cotton,50.1,0.324
1,10,Cotton,30.52,0.364,1,Cotton,32.09,0.374
1,11,Cotton,14.8,0.317,1,Cotton,15.89,0.326
1,12,Cotton,36.1,0.431,1,Cotton,39.11,0.448
1,13,Rice,68.88,1.416,1,Rice,67.17,1.399
1,14,Cotton,74.98,0.605,1,Cotton,75.67,0.605
1,15,Cotton,28.85,0.304,1,Cotton,29.03,0.307
1,16,Groundnut,40.5,1.699,1,Groundnut,38.54,1.638
1,17,Cotton,75.49,0.298,1,Cotton,74.69,0.296
1,18,Cotton,5.56,0.278,1,Cotton,5.55,0.28
1,19,Bajra,73.98,2.428,1,Bajra,71.96,2.34
1,20,Rice,77.43,2.082,1,Rice,80.29,2.08
1,21,Rice,90.77,2.101,1,Rice,93.77,2.086
1,22,Cotton,7.76,0.361,1,Cotton,8.8,0.375
1,23,Bajra,0.0,1.66,1,Bajra,0.0,1.661
1,24,Rice,24.84,2.134,1,Rice,27.97,2.126
1,25,Cotton,50.0,0.352,1,Cotton,51.34,0.359
1,26,Rice,94.16,1.859,1,Rice,95.45,1.832
1,27,Rice,70.67,1.562,1,Rice,70.72,1.559
1,28,Cotton,41.89,0.349,1,Rice,98.07,1.809
1,29,Rice,79.4,1.656,1,Rice,81.67,1.667
1,30,Cotton,96.39,0.493,1,Cotton,96.6,0.493
1,31,Maize,77.0,2.536,1,Maize,76.16,2.541
1,32,Rice,25.51,1.674,1,Rice,25.37,1.69
1,33,Cotton,14.39,0.433,1,Cotton,16.86,0.454
1,34,Rice,85.36,2.03,1,Rice,87.86,1.971
1,35,Rice,55.59,1.533,1,Rice,56.21,1.554
1,36,Maize,15.61,2.097,1,Maize,16.46,2.143
1,37,Rice,69.59,1.73,1,Rice,69.85,1.692
1,38,Rice,46.15,1.69,1,Rice,46.07,1.675
1,39,Cotton,9.64,0.381,1,Rice,44.95,2.021
1,40,Cotton,41.51,0.381,1,Cotton,45.06,0.399
1,41,Cotton,97.01,0.543,1,Cotton,97.19,0.543
1,42,Cotton,99.12,0.438,1,Cotton,99.19,0.438
1,43,Cotton,31.73,0.354,1,Cotton,34.04,0.366
1,44,Cotton,40.55,0.35,1,Cotton,41.25,0.355
1,45,Cotton,54.51,0.361,1,Cotton,55.26,0.366
1,46,Cotton,58.15,0.406,1,Cotton,59.05,0.412
1,47,Cotton,72.99,0.493,1,Cotton,74.75,0.507
1,48,Cotton,23.02,0.44,1,Cotton,25.56,0.459
1,49,Rice,86.31,1.976,1,Rice,88.08,1.969
1,50,Cotton,93.23,0.605,1,Cotton,94.1,0.605
1,51,Cotton,96.17,0.303,1,Cotton,95.92,0.303
1,52,Cotton,32.61,0.474,1,Cotton,34.01,0.485
1,53,Cotton,62.8,0.412,1,Cotton,64.78,0.424
1,54,Maize,75.68,2.372,1,Maize,75.0,2.393
1,55,Maize,99.29,2.432,1,Maize,98.95,2.366
1,56,Rice,51.79,1.706,1,Rice,52.83,1.7
1,57,Maize,10.04,2.279,1,Maize,12.73,2.371
1,58,Cotton,81.62,0.598,1,Cotton,85.04,0.605
1,59,Cotton,48.56,0.438,1,Cotton,49.71,0.446
1,60,Groundnut,82.86,2.406,1,Groundnut,86.39,2.463
1,61,Cotton,21.59,0.357,1,Cotton,22.79,0.366
1,62,Cotton,16.19,0.425,1,Cotton,16.79,0.433
1,63,Rice,91.23,1.909,1,Rice,92.92,1.879
1,64,Cotton,30.89,0.363,1,Cotton,31.09,0.366
1,65,Rice,92.2,1.892,1,Rice,93.88,1.867
1,66,Rice,82.3,1.773,1,Rice,85.25,1.78
1,67,Cotton,97.57,0.605,1,Cotton,97.73,0.605
1,68,Cotton,17.92,0.351,1,Cotton,19.79,0.364
1,69,Cotton,94.71,0.605,1,Cotton,94.99,0.605
1,70,Cotton,58.94,0.605,1,Cotton,61.47,0.605
1,71,Groundnut,77.16,2.577,1,Groundnut,82.99,2.707
1,72,Maize,59.89,2.008,1,Maize,58.22,2.005
1,73,Maize,6.21,2.234,1,Maize,6.5,2.254
1,74,Cotton,95.87,0.464,1,Cotton,96.1,0.464
1,75,Cotton,11.01,0.325,1,Cotton,11.83,0.334
1,76,Cotton,11.82,0.339,1,Cotton,12.58,0.347
1,77,Cotton,10.74,0.253,1,Cotton,10.24,0.252
1,78,Rice,26.67,1.622,1,Rice,24.76,1.6
1,79,Rice,32.18,1.513,1,Rice,30.1,1.513
1,80,Rice,30.49,1.352,1,Rice,27.97,1.368
1,81,Maize,88.03,2.57,1,Maize,86.51,2.536
1,82,Maize,34.86,1.813,1,Maize,33.71,1.814
1,83,Cotton,8.67,0.291,1,Cotton,8.79,0.294
1,84,Cotton,78.77,0.431,1,Cotton,79.28,0.436
1,85,Cotton,98.47,0.496,1,Cotton,98.58,0.496
1,86,Cotton,98.03,0.502,1,Cotton,98.16,0.502
1,87,Cotton,27.35,0.393,1,Cotton,29.33,0.406
1,88,Rice,76.6,1.664,1,Rice,76.97,1.637
1,89,Rice,55.26,1.706,1,Rice,54.41,1.684
1,90,Cotton,47.34,0.32,1,Cotton,46.96,0.321
1,91,Cotton,48.28,0.357,1,Cotton,49.04,0.363
1,92,Cotton,48.21,0.349,1,Cotton,48.48,0.354
1,93,Cotton,39.19,0.247,1,Cotton,37.83,0.246
1,94,Cotton,44.29,0.327,1,Cotton,45.19,0.333
1,95,Cotton,77.19,0.581,1,Cotton,79.96,0.6
1,96,Cotton,62.32,0.357,1,Cotton,63.09,0.362
1,97,Cotton,8.59,0.339,1,Cotton,9.5,0.35
1,98,Cotton,71.32,0.409,1,Cotton,71.32,0.411
1,99,Cotton,74.7,0.496,1,Cotton,75.39,0.495
1,100,Maize,53.94,2.599,1,Maize,55.01,2.648
1,101,Cotton,47.26,0.355,1,Cotton,46.85,0.356
1,102,Cotton,42.37,0.344,1,Cotton,42.65,0.348
1,103,Cotton,99.98,0.442,1,Cotton,99.98,0.442
1,104,Groundnut,75.36,2.439,1,Groundnut,79.27,2.489
1,105,Cotton,98.34,0.575,1,Cotton,98.45,0.575
1,106,Cotton,98.77,0.519,1,Cotton,98.86,0.518
1,107,Cotton,11.48,0.417,1,Cotton,12.63,0.43
1,108,Cotton,98.72,0.548,1,Cotton,98.82,0.548
1,109,Cotton,7.81,0.272,1,Cotton,8.01,0.276
1,110,Cotton,97.54,0.568,1,Cotton,97.69,0.568
1,111,Groundnut,44.88,2.184,1,Groundnut,46.4,2.185
1,112,Maize,67.67,2.639,1,Maize,68.79,2.7
1,113,Rice,84.76,1.618,1,Rice,83.89,1.543
1,114,Groundnut,0.53,2.266,1,Groundnut,0.52,2.344
1,115,Cotton,61.1,0.305,1,Cotton,60.24,0.304
1,116,Groundnut,42.09,2.457,1,Rice,68.56,1.574
1,117,Cotton,95.19,0.605,1,Cotton,95.44,0.605
1,118,Rice,63.75,1.659,1,Rice,63.92,1.649
1,119,Cotton,93.27,0.605,1,Cotton,93.6,0.605
1,120,Cotton,78.41,0.475,1,Cotton,78.74,0.48
1,121,Cotton,93.43,0.478,1,Cotton,93.75,0.478
1,122,Groundnut,64.46,1.671,1,Groundnut,64.83,1.632
1,123,Cotton,37.56,0.237,1,Cotton,36.14,0.235
1,124,Groundnut,0.74,1.894,1,Groundnut,0.69,1.957
1,125,Groundnut,43.71,2.29,1,Groundnut,50.0,2.413
1,126,Groundnut,44.21,1.946,1,Groundnut,44.36,1.925
1,127,Groundnut,85.6,1.813,1,Groundnut,87.26,1.797
1,128,Groundnut,71.95,2.11,1,Groundnut,76.0,2.161
1,129,Groundnut,96.68,1.706,1,Groundnut,97.41,1.682
1,130,Cotton,49.24,0.378,1,Cotton,50.89,0.387
1,131,Groundnut,80.56,1.919,1,Groundnut,83.87,1.962
1,132,Bajra,72.45,3.024,1,Bajra,70.82,2.883
1,133,Groundnut,93.17,1.965,1,Groundnut,94.7,1.976
1,134,Groundnut,37.96,2.092,1,Groundnut,39.62,2.109
1,135,Cotton,4.12,0.353,1,Cotton,4.28,0.359
1,136,Cotton,53.87,0.493,1,Cotton,57.45,0.514
1,137,Cotton,99.14,0.352,1,Cotton,99.21,0.352
1,138,Cotton,99.69,0.456,1,Cotton,99.72,0.456
1,139,Groundnut,66.58,2.222,1,Groundnut,69.24,2.233
1,140,Cotton,52.91,0.244,1,Cotton,49.64,0.237
1,141,Maize,63.76,1.828,1,Maize,61.02,1.808
1,142,Groundnut,78.73,2.035,1,Groundnut,81.63,2.059
1,143,Cotton,43.63,0.338,1,Cotton,44.42,0.343
1,144,Groundnut,93.1,1.883,1,Groundnut,91.92,1.743
1,145,Groundnut,82.68,2.185,1,Groundnut,85.84,2.228
1,146,Cotton,25.85,0.284,1,Cotton,25.95,0.286
1,147,Cotton,99.0,0.521,1,Cotton,98.89,0.52
1,148,Cotton,39.26,0.257,1,Cotton,39.17,0.259
1,149,Maize,35.87,2.239,1,Maize,36.57,2.266
1,150,Cotton,14.45,0.369,1,Cotton,16.01,0.382
1,151,Cotton,90.9,0.494,1,Cotton,91.73,0.506
1,152,Groundnut,54.3,2.59,1,Groundnut,60.8,2.608
1,153,Cotton,28.41,0.287,1,Cotton,29.47,0.294
1,154,Cotton,99.87,0.528,1,Cotton,99.88,0.528
1,155,Bajra,40.1,3.411,1,Bajra,41.98,3.363
1,156,Groundnut,90.12,2.475,1,Groundnut,93.1,2.561
1,157,Groundnut,72.65,1.691,1,Groundnut,72.87,1.639
1,158,Maize,26.01,2.738,1,Maize,28.03,2.786
1,159,Cotton,42.42,0.5,1,Cotton,46.1,0.522
1,160,Cotton,4.61,0.314,1,Cotton,4.66,0.318
1,161,Cotton,17.66,0.287,1,Cotton,18.2,0.291
1,162,Cotton,28.26,0.351,1,Cotton,30.33,0.363
1,163,Cotton,97.9,0.534,1,Cotton,98.04,0.534
1,164,Cotton,12.71,0.436,1,Cotton,13.36,0.445
1,165,Groundnut,58.09,2.298,1,Groundnut,61.87,2.343
1,166,Groundnut,59.18,2.302,1,Groundnut,63.65,2.363
1,167,Groundnut,32.05,2.01,1,Groundnut,33.97,2.042
1,168,Groundnut,57.13,2.143,1,Groundnut,60.9,2.19
1,169,Maize,93.79,3.006,1,Maize,94.13,3.006
1,170,Groundnut,32.23,1.755,1,Groundnut,31.93,1.737
1,171,Cotton,27.88,0.242,1,Cotton,26.52,0.239
1,172,Groundnut,46.87,1.961,1,Groundnut,42.0,1.961
1,173,Cotton,90.55,0.505,1,Cotton,90.96,0.505
1,174,Cotton,47.23,0.48,1,Cotton,47.97,0.487
1,175,Cotton,63.38,0.256,1,Cotton,62.26,0.252
1,176,Cotton,6.6,0.239,1,Cotton,6.43,0.239
1,177,Cotton,23.39,0.265,1,Cotton,23.3,0.265
1,178,Cotton,54.97,0.369,1,Cotton,54.61,0.37
1,179,Cotton,8.81,0.299,1,Cotton,8.65,0.3
1,180,Bajra,49.84,2.969,1,Bajra,49.68,2.911
1,181,Rice,38.38,1.234,1,Bajra,8.41,2.722
1,182,Rice,27.82,1.363,1,Rice,23.18,1.331
1,183,Rice,38.74,1.699,1,Rice,36.41,1.656
1,184,Rice,82.46,1.746,1,Rice,82.71,1.675
1,185,Cotton,47.18,0.365,1,Cotton,49.8,0.378
1,186,Cotton,2.68,0.292,1,Cotton,2.66,0.294
1,187,Cotton,65.58,0.356,1,Cotton,65.93,0.359
1,188,Cotton,12.13,0.261,1,Cotton,11.83,0.261
1,189,Cotton,65.28,0.345,1,Cotton,66.28,0.351
1,190,Groundnut,72.49,2.232,1,Groundnut,77.43,2.309
1,191,Cotton,63.11,0.41,1,Cotton,65.19,0.422
1,192,Bajra,38.29,3.211,1,Bajra,41.17,3.226
1,193,Groundnut,81.94,2.549,1,Groundnut,86.23,2.603
1,194,Rice,83.66,1.801,1,Rice,85.19,1.777
1,195,Groundnut,75.29,1.961,1,Groundnut,74.62,1.947
1,196,Groundnut,84.17,1.791,1,Groundnut,85.77,1.771
1,197,Bajra,88.02,3.473,1,Bajra,88.59,3.447
1,198,Groundnut,53.59,2.064,1,Groundnut,58.3,2.137
1,199,Cotton,45.95,0.325,1,Cotton,44.88,0.323
1,200,Cotton,94.25,0.48,1,Cotton,94.55,0.48
1,201,Groundnut,57.97,2.346,1,Groundnut,62.7,2.415
1,202,Rice,0.33,1.673,1,Rice,0.17,1.656
1,203,Rice,13.45,1.556,1,Rice,11.36,1.545
1,204,Groundnut,76.91,1.794,1,Groundnut,79.41,1.801
1,205,Cotton,98.27,0.514,1,Cotton,98.39,0.514
1,206,Cotton,73.91,0.39,1,Cotton,73.7,0.391
1,207,Cotton,10.47,0.305,1,Cotton,10.93,0.311
1,208,Groundnut,53.26,2.349,1,Groundnut,58.25,2.422
1,209,Cotton,84.3,0.371,1,Cotton,84.1,0.371
1,210,Cotton,3.6,0.307,1,Cotton,3.61,0.31
1,211,Cotton,79.44,0.431,1,Cotton,80.57,0.44
1,212,Rice,74.9,1.647,1,Rice,75.0,1.617
1,213,Cotton,98.76,0.505,1,Cotton,98.85,0.505
1,214,Groundnut,9.25,2.182,1,Groundnut,8.97,2.194
1,215,Groundnut,60.35,1.947,1,Groundnut,64.59,2.0
1,216,Cotton,97.84,0.565,1,Cotton,97.98,0.565
1,217,Cotton,18.99,0.32,1,Cotton,19.49,0.325
1,218,Cotton,97.32,0.605,1,Cotton,97.49,0.605
1,219,Cotton,98.64,0.555,1,Cotton,98.74,0.555
1,220,Rice,81.4,1.555,1,Rice,82.23,1.555
1,221,Rice,79.04,1.399,1,Rice,78.26,1.381
1,222,Rice,8.87,1.375,1,Rice,6.38,1.36
1,223,Rice,63.92,1.405,1,Rice,62.73,1.409
1,224,Rice,45.17,1.613,1,Rice,44.46,1.615
1,225,Rice,7.3,1.508,1,Rice,5.6,1.515
1,226,Rice,49.26,1.609,1,Rice,50.0,1.619
1,227,Rice,56.36,1.733,1,Rice,56.11,1.684
1,228,Maize,17.22,2.626,1,Maize,19.64,2.707
1,229,Groundnut,54.28,1.957,1,Groundnut,57.33,1.986
1,230,Cotton,98.05,0.587,1,Cotton,98.18,0.587
1,231,Groundnut,55.25,2.398,1,Groundnut,61.54,2.512
1,232,Cotton,19.92,0.313,1,Cotton,20.87,0.32
1,233,Rice,9.37,1.838,1,Rice,8.75,1.829
1,234,Groundnut,46.62,2.182,1,Groundnut,50.25,2.233
1,235,Cotton,96.19,0.605,1,Cotton,96.41,0.605
1,236,Groundnut,37.51,2.082,1,Groundnut,36.08,2.038
1,237,Cotton,7.41,0.357,1,Cotton,8.46,0.372
1,238,Cotton,24.44,0.275,1,Cotton,23.74,0.275
1,239,Groundnut,45.26,1.869,1,Groundnut,46.66,1.872
1,240,Cotton,52.35,0.397,1,Cotton,53.21,0.403
1,241,Groundnut,22.32,2.119,1,Groundnut,24.74,2.191
1,242,Bajra,31.33,3.039,1,Bajra,31.95,2.991
1,243,Maize,8.59,2.059,1,Maize,8.93,2.084
1,244,Cotton,25.63,0.276,1,Cotton,25.48,0.277
1,245,Rice,50.74,1.559,1,Rice,50.8,1.574
1,246,Cotton,95.12,0.42,1,Cotton,95.38,0.42
1,247,Cotton,13.39,0.337,1,Cotton,14.05,0.344
1,248,Cotton,99.28,0.563,1,Cotton,99.34,0.563
1,249,Groundnut,26.79,2.104,1,Groundnut,28.98,2.155
1,250,Cotton,56.54,0.303,1,Cotton,56.06,0.303
1,251,Groundnut,42.02,1.923,1,Groundnut,43.7,1.935
1,252,Groundnut,23.65,1.921,1,Groundnut,25.0,1.956
1,253,Cotton,99.32,0.442,1,Cotton,99.38,0.442
1,254,Groundnut,15.42,1.809,1,Groundnut,15.07,1.809
1,255,Bajra,43.2,2.988,1,Bajra,45.28,3.018
1,256,Cotton,20.23,0.338,1,Cotton,21.73,0.349
1,257,Cotton,20.02,0.303,1,Cotton,20.33,0.306
1,258,Groundnut,13.79,2.048,1,Groundnut,14.34,2.086
1,259,Rice,38.27,1.519,1,Rice,35.08,1.496
1,260,Groundnut,18.68,1.789,1,Groundnut,19.04,1.806
1,261,Groundnut,94.99,1.934,1,Groundnut,95.65,1.886
1,262,Groundnut,65.37,1.996,1,Groundnut,68.95,2.032
1,263,Maize,58.64,2.3,1,Maize,57.66,2.312
1,264,Cotton,14.39,0.25,1,Cotton,14.19,0.251
1,265,Cotton,27.82,0.302,1,Cotton,28.26,0.306
1,266,Groundnut,53.92,2.194,1,Groundnut,59.04,2.277
1,267,Cotton,92.89,0.303,1,Cotton,90.8,0.303
1,268,Cotton,98.6,0.59,1,Cotton,98.7,0.59
1,269,Cotton,23.08,0.323,1,Cotton,24.03,0.33
1,270,Maize,21.88,2.03,1,Maize,21.77,2.038
1,271,Groundnut,74.55,1.689,1,Groundnut,74.42,1.627
1,272,Groundnut,21.57,2.041,1,Groundnut,24.07,2.117
1,273,Rice,70.98,1.673,1,Rice,71.85,1.664
1,274,Maize,57.41,2.698,1,Maize,58.29,2.739
1,275,Cotton,45.51,0.343,1,Cotton,45.85,0.346
1,276,Bajra,15.7,2.848,1,Bajra,17.27,2.868
1,277,Groundnut,60.61,2.13,1,Groundnut,64.55,2.176
1,278,Cotton,31.4,0.273,1,Cotton,31.22,0.274
1,279,Groundnut,37.2,2.124,1,Groundnut,42.57,2.236
1,280,Groundnut,18.16,2.312,1,Groundnut,21.03,2.422
1,281,Groundnut,35.78,2.008,1,Groundnut,39.35,2.069
1,282,Groundnut,64.07,1.915,1,Groundnut,66.2,1.916
1,283,Groundnut,93.4,2.247,1,Cotton,47.58,0.315
1,284,Groundnut,13.39,2.332,1,Groundnut,15.6,2.441
1,285,Groundnut,18.11,2.19,1,Groundnut,19.35,2.24
1,286,Cotton,15.19,0.289,1,Cotton,15.28,0.291
1,287,Cotton,98.61,0.605,1,Cotton,98.71,0.605
1,288,Cotton,30.83,0.392,1,Cotton,31.99,0.4
1,289,Cotton,62.86,0.404,1,Cotton,61.65,0.403
1,290,Cotton,98.64,0.487,1,Cotton,98.74,0.487
1,291,Cotton,35.37,0.316,1,Cotton,35.63,0.318
1,292,Cotton,99.33,0.43,1,Cotton,99.39,0.43
1,293,Groundnut,87.75,2.737,1,Groundnut,91.81,2.853
1,294,Cotton,97.27,0.51,1,Cotton,97.43,0.51
1,295,Groundnut,77.13,2.39,1,Groundnut,80.98,2.441
1,296,Cotton,34.77,0.351,1,Cotton,35.43,0.357
1,297,Groundnut,60.81,2.355,1,Groundnut,67.22,2.469
1,298,Rice,65.44,1.415,1,Rice,64.38,1.413
1,299,Cotton,1.9,0.368,1,Cotton,2.19,0.381
1,300,Cotton,20.71,0.528,1,Cotton,22.62,0.545
1,301,Rice,43.87,1.438,1,Rice,42.77,1.463
1,302,Bajra,44.32,3.354,1,Bajra,46.63,3.346
1,303,Cotton,57.21,0.417,1,Cotton,59.16,0.428
1,304,Cotton,8.21,0.299,1,Cotton,8.42,0.303
1,305,Rice,7.95,1.516,1,Rice,5.62,1.498
1,306,Cotton,50.23,0.345,1,Cotton,50.27,0.346
1,307,Groundnut,2.23,2.245,1,Groundnut,2.35,2.33
1,308,Groundnut,52.77,1.537,1,Groundnut,54.12,1.53
1,309,Groundnut,43.65,1.851,1,Groundnut,44.74,1.85
1,310,Rice,50.91,1.442,1,Rice,48.46,1.435
1,311,Cotton,63.2,0.44,1,Cotton,65.48,0.454
1,312,Bajra,80.43,2.659,1,Bajra,80.13,2.667
1,313,Cotton,10.63,0.349,1,Cotton,11.81,0.361
1,314,Cotton,23.83,0.546,1,Cotton,26.21,0.566
1,315,Groundnut,18.25,2.027,1,Groundnut,18.69,2.047
1,316,Cotton,73.04,0.432,1,Cotton,74.12,0.44
1,317,Groundnut,61.51,1.981,1,Groundnut,66.35,2.047
1,318,Maize,62.35,2.436,1,Maize,61.64,2.45
1,319,Cotton,12.83,0.328,1,Cotton,13.09,0.332
1,320,Cotton,98.88,0.506,1,Cotton,98.96,0.506
1,321,Cotton,48.53,0.347,1,Cotton,48.0,0.347
1,322,Cotton,6.06,0.302,1,Cotton,6.28,0.307
1,323,Bajra,42.77,3.023,1,Bajra,46.24,3.103
1,324,Maize,83.69,2.488,1,Maize,82.65,2.492
1,325,Cotton,66.93,0.295,1,Cotton,60.02,0.279
1,326,Maize,76.5,2.064,1,Maize,75.0,2.077
1,327,Groundnut,28.67,1.562,1,Groundnut,30.39,1.595
1,328,Rice,73.38,1.414,1,Rice,72.87,1.406
1,329,Bajra,42.9,2.698,1,Bajra,43.51,2.699
1,330,Groundnut,53.25,1.638,1,Groundnut,53.72,1.612
1,331,Groundnut,51.78,1.671,1,Groundnut,54.4,1.693
1,332,Bajra,42.4,3.239,1,Bajra,44.29,3.228
1,333,Bajra,45.87,2.963,1,Bajra,48.08,3.003
1,334,Cotton,14.63,0.23,1,Cotton,13.35,0.226
1,335,Rice,52.74,1.616,1,Rice,55.54,1.651
1,336,Groundnut,0.06,1.897,1,Groundnut,0.05,1.974
1,337,Groundnut,41.89,1.691,1,Groundnut,39.75,1.628
1,338,Groundnut,33.32,1.843,1,Groundnut,34.68,1.86
1,339,Groundnut,0.58,1.63,1,Groundnut,0.43,1.616
1,340,Rice,69.99,1.703,1,Rice,71.29,1.678
1,341,Groundnut,20.78,2.28,1,Groundnut,23.66,2.377
1,342,Cotton,14.65,0.328,1,Cotton,15.99,0.34
1,343,Groundnut,21.38,2.276,1,Groundnut,24.18,2.365
1,344,Cotton,97.41,0.444,1,Cotton,97.57,0.444
1,345,Bajra,2.28,2.919,1,Bajra,3.37,3.081
1,346,Bajra,39.53,2.819,1,Bajra,43.36,2.94
1,347,Groundnut,6.0,1.715,1,Groundnut,6.09,1.761
1,348,Bajra,9.09,2.776,1,Bajra,10.9,2.875
1,349,Rice,39.42,1.542,1,Rice,36.06,1.512
1,350,Groundnut,79.86,1.93,1,Groundnut,82.35,1.94
1,351,Cotton,4.59,0.268,1,Cotton,4.6,0.271
1,352,Groundnut,19.42,1.588,1,Groundnut,18.53,1.57
1,353,Groundnut,45.36,1.763,1,Groundnut,46.58,1.762
1,354,Bajra,9.69,2.732,1,Bajra,9.61,2.637
1,355,Groundnut,31.08,1.961,1,Groundnut,28.72,1.961
1,356,Groundnut,73.53,1.863,1,Groundnut,75.73,1.861
1,357,Groundnut,59.26,1.683,1,Groundnut,62.09,1.704
1,358,Groundnut,65.96,1.871,1,Groundnut,68.78,1.887
1,359,Groundnut,73.15,1.961,1,Groundnut,69.31,1.882
1,360,Cotton,2.74,0.311,1,Cotton,2.96,0.319
1,361,Groundnut,32.34,1.616,1,Groundnut,34.57,1.657
1,362,Groundnut,23.21,1.403,1,Groundnut,23.96,1.424
1,363,Cotton,32.95,0.33,1,Cotton,33.24,0.332
1,364,Groundnut,91.04,2.043,1,Groundnut,92.94,2.061
1,365,Bajra,31.63,2.971,1,Bajra,33.27,2.983
1,366,Groundnut,24.66,2.013,1,Groundnut,25.94,2.045
1,367,Bajra,40.03,2.628,1,Bajra,42.17,2.707
1,368,Groundnut,38.93,2.033,1,Groundnut,41.17,2.063
1,369,Cotton,21.63,0.359,1,Cotton,21.98,0.363
1,370,Cotton,16.29,0.366,1,Cotton,17.03,0.374
1,371,Cotton,34.34,0.3,1,Cotton,34.37,0.302
1,372,Cotton,7.61,0.27,1,Cotton,7.45,0.271
1,373,Groundnut,39.68,1.608,1,Groundnut,42.23,1.644
1,374,Groundnut,44.03,2.111,1,Groundnut,47.04,2.151
1,375,Rice,22.79,1.466,1,Rice,19.68,1.459
1,376,Cotton,3.1,0.31,1,Cotton,3.1,0.313
1,377,Rice,5.41,1.47,1,Rice,3.67,1.453
1,378,Cotton,80.38,0.298,1,Cotton,74.26,0.28
1,379,Cotton,34.22,0.294,1,Cotton,34.48,0.296
1,380,Cotton,78.94,0.457,1,Cotton,79.88,0.465
1,381,Groundnut,19.37,1.645,1,Groundnut,19.49,1.654
1,382,Cotton,12.19,0.24,1,Cotton,11.73,0.239
1,383,Cotton,56.73,0.363,1,Cotton,56.51,0.363
1,384,Cotton,56.73,0.363,1,Cotton,56.51,0.363
1,385,Cotton,64.59,0.38,1,Cotton,64.88,0.38
1,386,Rice,0.73,2.116,1,Rice,0.28,2.114
1,387,Rice,0.03,1.758,1,Rice,0.01,1.758
1,388,Cotton,51.92,0.353,1,Cotton,49.9,0.349
1,389,Cotton,51.92,0.353,1,Cotton,49.9,0.349
1,390,Cotton,76.49,0.405,1,Cotton,74.82,0.401
1,391,Cotton,51.92,0.353,1,Cotton,49.9,0.349
1,392,Cotton,51.92,0.353,1,Cotton,49.9,0.349
1,393,Cotton,51.92,0.353,1,Cotton,49.9,0.349
1,394,Cotton,51.92,0.353,1,Cotton,49.9,0.349
1,395,Cotton,51.92,0.353,1,Cotton,49.9,0.349
1,396,Cotton,51.92,0.353,1,Cotton,49.9,0.349
1,397,Cotton,51.92,0.353,1,Cotton,49.9,0.349
1,398,Cotton,51.92,0.353,1,Cotton,49.9,0.349
1,399,Cotton,51.92,0.353,1,Cotton,49.9,0.349
1,400,Cotton,51.92,0.353,1,Cotton,49.9,0.349
1,401,Cotton,51.92,0.353,1,Cotton,49.9,0.349
1,402,Cotton,51.92,0.353,1,Cotton,49.9,0.349
1,403,Cotton,51.92,0.353,1,Cotton,49.9,0.349
1,404,Cotton,51.92,0.353,1,Cotton,49.9,0.349
1,405,Cotton,51.92,0.353,1,Cotton,49.9,0.349
1,406,Cotton,51.92,0.353,1,Cotton,49.9,0.349
1,407,Cotton,31.79,0.311,1,Cotton,30.8,0.309
1,408,Cotton,8.81,0.263,1,Cotton,9.01,0.263
1,409,Cotton,76.49,0.405,1,Cotton,74.82,0.401
1,410,Cotton,8.81,0.605,1,Cotton,9.01,0.605
1,411,Cotton,51.92,0.353,1,Cotton,49.9,0.349
1,412,Cotton,51.92,0.353,1,Cotton,49.9,0.349
1,413,Cotton,51.92,0.353,1,Cotton,49.9,0.349
1,414,Cotton,51.92,0.353,1,Cotton,49.9,0.349
1,415,Maize,36.87,2.023,1,Maize,35.85,2.01
1,416,Cotton,51.92,0.353,1,Cotton,49.9,0.349
1,417,Cotton,51.92,0.353,1,Cotton,49.9,0.349
1,418,Rice,96.3,1.806,1,Rice,96.09,1.805
1,419,Cotton,51.92,0.315,1,Cotton,49.9,0.31
1,420,Maize,23.54,1.348,1,Maize,21.67,1.336
1,421,Groundnut,17.4,1.915,1,Groundnut,16.85,1.907
1,422,Bajra,75.0,2.446,1,Bajra,73.98,2.442
1,423,Maize,40.23,1.897,1,Maize,38.83,1.898
1,424,Groundnut,53.27,1.799,1,Groundnut,54.37,1.787
1,425,Cotton,85.47,0.319,1,Cotton,83.59,0.311
1,426,Groundnut,94.74,1.874,1,Groundnut,95.51,1.836
1,427,Groundnut,64.22,1.778,1,Groundnut,67.87,1.815
1,428,Groundnut,50.18,1.549,1,Groundnut,53.35,1.583
1,429,Cotton,83.62,0.344,1,Cotton,82.76,0.34
1,430,Cotton,76.49,0.244,1,Cotton,74.82,0.24
1,431,Cotton,21.8,0.266,1,Cotton,21.9,0.268
1,432,Bajra,98.05,2.445,1,Bajra,97.11,2.251
1,433,Groundnut,18.48,1.734,1,Groundnut,19.51,1.773
1,434,Cotton,77.19,0.338,1,Cotton,76.24,0.336
1,435,Bajra,99.92,2.894,1,Bajra,99.89,2.833
1,436,Cotton,25.3,0.247,1,Cotton,24.22,0.244
1,437,Cotton,56.73,0.305,1,Cotton,56.51,0.305
1,438,Cotton,69.53,0.279,1,Cotton,69.31,0.278
1,439,Maize,73.33,2.134,1,Maize,71.68,2.138
1,440,Cotton,18.16,0.272,1,Cotton,18.07,0.273
1,441,Groundnut,99.85,1.655,1,Groundnut,99.88,1.554
1,442,Groundnut,32.79,1.589,1,Groundnut,34.14,1.608
1,443,Bajra,79.08,2.355,1,Bajra,76.89,2.275
1,444,Rice,0.81,1.758,1,Rice,0.32,1.758
1,445,Rice,33.32,2.111,1,Rice,26.97,2.109
1,446,Cotton,8.81,0.531,1,Cotton,9.01,0.531
1,447,Cotton,22.24,0.291,1,Cotton,21.33,0.289
1,448,Cotton,22.24,0.291,1,Cotton,21.33,0.289
1,449,Cotton,22.24,0.291,1,Cotton,21.33,0.289
1,450,Cotton,22.24,0.291,1,Cotton,21.33,0.289
1,451,Cotton,22.24,0.291,1,Cotton,21.33,0.289
1,452,Rice,0.65,1.758,1,Rice,0.25,1.758
1,453,Cotton,5.9,0.383,1,Cotton,6.04,0.383
1,454,Bajra,54.77,2.306,1,Bajra,52.6,2.249
1,455,Bajra,43.65,1.611,1,Bajra,41.16,1.612
1,456,Cotton,43.37,0.33,1,Cotton,42.18,0.327
1,457,Cotton,22.24,0.257,1,Cotton,21.33,0.254
1,458,Cotton,31.79,0.235,1,Cotton,30.8,0.233
1,459,Rice,70.72,1.686,1,Rice,71.43,1.63
1,460,Groundnut,97.36,1.695,1,Groundnut,98.03,1.681
1,461,Rice,75.1,2.129,1,Rice,71.68,2.127
1,462,Maize,66.15,2.409,1,Maize,64.15,2.383
1,463,Rice,0.45,1.758,1,Rice,0.16,1.758
1,464,Cotton,31.27,0.31,1,Cotton,30.8,0.309
1,465,Cotton,22.24,0.291,1,Cotton,21.33,0.289
1,466,Bajra,87.98,2.739,1,Bajra,85.67,2.577
1,467,Groundnut,36.29,1.315,1,Groundnut,36.35,1.3
1,468,Rice,79.62,1.965,1,Rice,76.87,1.964
1,469,Cotton,73.08,0.305,1,Cotton,72.08,0.302
1,470,Cotton,58.31,0.294,1,Cotton,58.45,0.296
1,471,Cotton,72.73,0.377,1,Cotton,72.21,0.376
1,472,Cotton,36.38,0.306,1,Cotton,36.25,0.307
1,473,Bajra,94.07,2.359,1,Bajra,92.84,2.281
1,474,Cotton,14.9,0.287,1,Cotton,13.55,0.283
1,475,Rice,0.94,1.244,1,Rice,0.42,1.228
1,476,Groundnut,40.54,1.499,1,Groundnut,42.97,1.534
1,477,Bajra,0.03,1.71,1,Bajra,0.04,1.7
1,478,Bajra,40.79,2.084,1,Bajra,39.8,2.098
1,479,Bajra,83.16,2.21,1,Bajra,80.26,2.104
1,480,Groundnut,78.36,1.534,1,Groundnut,78.31,1.474
1,481,Bajra,50.0,2.398,1,Bajra,50.0,2.43
1,482,Cotton,85.77,0.28,1,Cotton,82.08,0.267
1,483,Maize,35.49,2.095,1,Maize,33.0,2.051
1,484,Cotton,25.98,0.273,1,Cotton,25.81,0.274
1,485,Cotton,26.49,0.272,1,Cotton,26.09,0.271
1,486,Rice,90.81,2.143,1,Rice,89.82,2.142
1,487,Bajra,11.66,1.812,1,Bajra,9.8,1.697
1,488,Groundnut,26.67,1.294,1,Groundnut,26.68,1.29
1,489,Bajra,76.95,2.238,1,Bajra,75.63,2.245
1,490,Groundnut,91.99,1.63,1,Groundnut,92.48,1.574
1,491,Bajra,92.35,2.59,1,Bajra,91.11,2.488
1,492,Cotton,39.12,0.284,1,Cotton,38.88,0.284
1,493,Cotton,64.59,0.314,1,Cotton,64.88,0.316
1,494,Cotton,45.06,0.28,1,Cotton,44.59,0.279
1,495,Bajra,14.42,2.474,1,Bajra,14.05,2.41
1,496,Cotton,25.84,0.248,1,Cotton,25.45,0.248
1,497,Cotton,60.04,0.281,1,Cotton,59.82,0.281
1,498,Bajra,96.71,2.607,1,Bajra,95.91,2.501
1,499,Bajra,0.75,1.805,1,Bajra,1.15,2.033
1,500,Groundnut,98.73,2.038,1,Groundnut,99.04,1.993
1,501,Cotton,48.48,0.26,1,Cotton,47.28,0.257
1,502,Cotton,16.59,0.267,1,Cotton,16.95,0.27
1,503,Bajra,26.2,2.916,1,Bajra,27.31,2.911
1,504,Cotton,29.27,0.282,1,Cotton,28.95,0.283
1,505,Bajra,94.51,2.765,1,Bajra,94.03,2.716
1,506,Bajra,27.45,2.284,1,Bajra,26.36,2.237
1,507,Bajra,28.16,2.606,1,Bajra,28.79,2.616
1,508,Bajra,62.78,2.336,1,Bajra,60.2,2.259
1,509,Bajra,45.96,2.576,1,Bajra,47.38,2.633
1,510,Cotton,70.65,0.247,1,Cotton,69.02,0.242
1,511,Maize,70.3,2.499,1,Maize,68.57,2.479
1,512,Cotton,24.09,0.272,1,Cotton,23.61,0.27
1,513,Bajra,4.28,2.548,1,Bajra,4.89,2.593
1,514,Groundnut,17.09,2.215,1,Groundnut,18.37,2.27
1,515,Cotton,16.81,0.277,1,Cotton,16.72,0.278
1,516,Bajra,55.47,2.801,1,Bajra,54.03,2.694
1,517,Cotton,95.47,0.461,1,Cotton,95.03,0.455
1,518,Bajra,93.38,3.174,1,Bajra,94.17,3.255
1,519,Cotton,42.32,0.326,1,Cotton,40.96,0.323
1,520,Cotton,52.18,0.282,1,Cotton,51.24,0.28
1,521,Cotton,38.58,0.307,1,Cotton,39.12,0.311
1,522,Cotton,21.75,0.314,1,Cotton,22.83,0.321
1,523,Cotton,68.33,0.28,1,Cotton,61.97,0.265
1,524,Groundnut,37.28,1.961,1,Groundnut,30.84,1.838
1,525,Bajra,69.79,3.528,1,Bajra,73.82,3.528
1,526,Groundnut,79.89,1.84,1,Groundnut,76.62,1.706
1,527,Groundnut,49.32,1.712,1,Groundnut,48.32,1.668
1,528,Groundnut,9.33,1.381,1,Groundnut,7.71,1.327
1,529,Cotton,44.26,0.252,1,Cotton,42.75,0.249
1,530,Groundnut,0.04,1.921,1,Groundnut,0.03,1.93
1,531,Groundnut,89.97,2.071,1,Groundnut,91.73,2.073
1,532,Maize,47.96,1.825,1,Maize,45.26,1.802
1,533,Cotton,86.28,0.361,1,Cotton,85.32,0.356
1,534,Bajra,34.08,2.144,1,Bajra,33.67,2.156
1,535,Cotton,38.64,0.234,1,Cotton,37.04,0.23
1,536,Groundnut,100.0,1.88,1,Groundnut,100.0,1.791
1,537,Groundnut,41.5,1.747,1,Groundnut,42.66,1.75
1,538,Bajra,74.4,2.463,1,Bajra,75.71,2.545
1,539,Cotton,53.42,0.32,1,Cotton,53.08,0.32
1,540,Cotton,74.99,0.349,1,Cotton,75.26,0.352
1,541,Cotton,31.93,0.263,1,Cotton,31.92,0.264
1,542,Cotton,53.09,0.253,1,Cotton,51.42,0.249
1,543,Cotton,52.74,0.271,1,Cotton,50.69,0.266
1,544,Groundnut,86.84,2.004,1,Groundnut,89.14,2.021
1,545,Maize,35.44,1.828,1,Maize,34.39,1.833
1,546,Cotton,99.15,0.332,1,Cotton,99.22,0.332
1,547,Groundnut,70.37,1.486,1,Groundnut,68.84,1.408
1,548,Groundnut,30.51,1.557,1,Groundnut,30.75,1.553
1,549,Cotton,41.84,0.254,1,Cotton,41.08,0.252
1,550,Rice,51.61,1.575,1,Rice,49.97,1.543
1,551,Bajra,76.11,3.062,1,Bajra,77.37,3.083
1,552,Bajra,37.52,1.979,1,Bajra,37.44,2.013
1,553,Bajra,81.26,2.749,1,Bajra,81.41,2.773
1,554,Bajra,42.79,2.713,1,Bajra,44.26,2.755
1,555,Groundnut,20.54,1.383,1,Groundnut,21.2,1.405
1,556,Cotton,95.04,0.383,1,Cotton,95.3,0.383
1,557,Cotton,97.86,0.413,1,Cotton,97.47,0.413
1,558,Bajra,73.45,2.946,1,Bajra,73.34,2.916
1,559,Maize,84.14,3.006,1,Maize,84.87,3.006
1,560,Bajra,49.99,2.845,1,Bajra,52.92,2.933
1,561,Cotton,31.9,0.482,1,Cotton,35.12,0.503
1,562,Cotton,82.15,0.532,1,Cotton,83.68,0.548
1,563,Cotton,31.28,0.46,1,Cotton,33.45,0.475
1,564,Cotton,32.26,0.26,1,Cotton,31.4,0.258
1,565,Cotton,49.77,0.319,1,Cotton,49.87,0.321
1,566,Cotton,19.72,0.308,1,Cotton,20.39,0.312
1,567,Cotton,9.7,0.268,1,Cotton,9.55,0.269
1,568,Cotton,76.3,0.42,1,Cotton,76.09,0.421
1,569,Groundnut,20.76,2.16,1,Groundnut,20.4,2.153
1,570,Cotton,99.17,0.4,1,Cotton,99.24,0.4
1,571,Groundnut,93.62,1.759,1,Groundnut,94.55,1.726
1,572,Cotton,58.87,0.432,1,Cotton,61.62,0.448
1,573,Groundnut,72.45,2.089,1,Groundnut,72.72,2.058
1,574,Cotton,56.76,0.262,1,Cotton,51.23,0.249
1,575,Groundnut,41.41,1.939,1,Groundnut,44.13,1.979
1,576,Groundnut,8.14,1.863,1,Groundnut,7.99,1.885
1,577,Cotton,59.41,0.366,1,Cotton,58.51,0.365
1,578,Cotton,55.98,0.506,1,Cotton,60.34,0.532
1,579,Cotton,77.83,0.522,1,Cotton,80.68,0.546
1,580,Cotton,68.35,0.319,1,Cotton,67.96,0.319
1,581,Cotton,59.65,0.322,1,Cotton,59.71,0.324
1,582,Cotton,78.79,0.39,1,Cotton,76.2,0.381
1,583,Groundnut,62.35,1.671,1,Groundnut,57.58,1.547
1,584,Maize,86.09,3.006,1,Maize,86.9,3.006
1,585,Cotton,91.3,0.544,1,Cotton,91.68,0.553
1,586,Bajra,98.34,2.722,1,Bajra,98.13,2.677
1,587,Cotton,41.94,0.356,1,Cotton,41.89,0.358
1,588,Bajra,94.67,2.444,1,Bajra,92.97,2.277
1,589,Bajra,6.73,1.731,1,Bajra,7.82,1.766
1,590,Cotton,34.43,0.251,1,Cotton,32.86,0.247
1,591,Cotton,15.86,0.231,1,Cotton,15.29,0.229
1,592,Cotton,49.54,0.276,1,Cotton,48.44,0.272
1,593,Groundnut,91.82,1.596,1,Groundnut,92.38,1.531
1,594,Cotton,97.98,0.409,1,Cotton,98.11,0.409
1,595,Cotton,98.6,0.52,1,Cotton,98.7,0.52
1,596,Groundnut,30.34,1.843,1,Groundnut,30.72,1.842
1,597,Cotton,3.52,0.338,1,Cotton,3.64,0.343
1,598,Cotton,28.42,0.287,1,Cotton,28.95,0.291
1,599,Cotton,16.49,0.326,1,Cotton,16.98,0.331
1,600,Cotton,19.59,0.27,1,Cotton,18.86,0.268
1,601,Bajra,53.26,2.984,1,Bajra,52.33,2.88
1,602,Cotton,71.84,0.359,1,Cotton,71.06,0.357
1,603,Cotton,4.86,0.274,1,Cotton,4.95,0.276
1,604,Cotton,25.89,0.284,1,Cotton,25.73,0.285
1,605,Cotton,7.75,0.343,1,Cotton,7.57,0.344
1,606,Bajra,15.35,2.284,1,Bajra,15.15,2.242
1,607,Groundnut,30.69,1.692,1,Groundnut,28.17,1.629
1,608,Cotton,91.42,0.443,1,Cotton,91.52,0.445
1,609,Groundnut,39.24,2.078,1,Groundnut,39.29,2.058
1,610,Cotton,32.41,0.289,1,Cotton,31.17,0.287
1,611,Maize,25.67,1.772,1,Maize,25.51,1.798
1,612,Cotton,18.17,0.321,1,Cotton,17.8,0.322
1,613,Cotton,18.23,0.306,1,Cotton,18.52,0.309
1,614,Cotton,28.38,0.372,1,Cotton,29.13,0.378
1,615,Cotton,97.26,0.447,1,Cotton,97.43,0.447
1,616,Groundnut,9.66,1.641,1,Groundnut,9.75,1.671
1,617,Cotton,42.09,0.263,1,Cotton,41.38,0.262
1,618,Groundnut,51.66,1.818,1,Groundnut,53.84,1.83
1,619,Cotton,36.41,0.301,1,Cotton,36.38,0.302
1,620,Bajra,12.21,2.312,1,Bajra,11.77,2.253
1,621,Cotton,54.96,0.291,1,Cotton,54.0,0.288
1,622,Groundnut,58.96,1.842,1,Groundnut,62.64,1.884
1,623,Bajra,82.13,2.558,1,Bajra,80.45,2.491
1,624,Groundnut,73.15,1.706,1,Groundnut,74.66,1.687
1,625,Cotton,55.63,0.329,1,Cotton,54.84,0.328
1,626,Cotton,44.06,0.293,1,Cotton,43.64,0.293
1,627,Groundnut,4.24,1.713,1,Groundnut,4.07,1.739
1,628,Cotton,46.38,0.309,1,Cotton,46.47,0.31
1,629,Maize,43.18,1.851,1,Maize,41.81,1.858
1,630,Cotton,36.64,0.283,1,Cotton,36.98,0.285
1,631,Cotton,26.91,0.289,1,Cotton,26.78,0.289
1,632,Bajra,65.38,2.572,1,Bajra,64.26,2.54
1,633,Bajra,19.36,2.775,1,Bajra,22.06,2.855
1,634,Bajra,8.39,2.829,1,Bajra,10.32,2.906
1,635,Bajra,99.74,2.124,1,Bajra,99.68,2.177
1,636,Cotton,52.81,0.265,1,Cotton,52.28,0.265
1,637,Bajra,30.15,1.915,1,Bajra,28.19,1.875
1,638,Bajra,13.58,2.078,1,Bajra,12.89,2.025
1,639,Groundnut,1.08,1.576,1,Groundnut,0.83,1.56
1,640,Bajra,14.15,2.807,1,Bajra,14.09,2.713
1,641,Groundnut,68.12,2.016,1,Groundnut,71.26,2.04
1,642,Groundnut,99.94,2.237,1,Groundnut,99.96,2.238
1,643,Rice,37.03,1.518,1,Rice,34.22,1.501
1,644,Bajra,43.79,3.422,1,Bajra,46.8,3.421
1,645,Cotton,97.02,0.479,1,Cotton,96.71,0.479
1,646,Bajra,12.99,3.013,1,Bajra,14.53,3.036
1,647,Cotton,29.46,0.284,1,Cotton,27.93,0.281
1,648,Cotton,79.57,0.345,1,Cotton,76.92,0.335
1,649,Cotton,61.35,0.343,1,Cotton,62.87,0.351
1,650,Groundnut,59.27,1.764,1,Groundnut,63.5,1.816
1,651,Bajra,17.11,2.401,1,Bajra,17.39,2.375
1,652,Cotton,22.27,0.338,1,Cotton,23.6,0.347
1,653,Cotton,15.05,0.325,1,Cotton,15.81,0.332
1,654,Bajra,91.66,3.021,1,Bajra,91.27,2.976
1,655,Groundnut,71.73,1.607,1,Groundnut,73.17,1.585
1,656,Bajra,84.6,3.053,1,Bajra,84.67,3.036
1,657,Bajra,55.16,2.074,1,Bajra,53.64,2.06
1,658,Bajra,62.21,2.675,1,Bajra,60.4,2.574
1,659,Cotton,26.27,0.29,1,Cotton,26.06,0.29
1,660,Maize,16.59,1.672,1,Maize,15.77,1.664
1,661,Cotton,87.34,0.375,1,Cotton,87.02,0.376
1,662,Cotton,98.62,0.502,1,Cotton,98.72,0.502
1,663,Cotton,42.86,0.263,1,Cotton,40.83,0.259
1,664,Groundnut,3.58,1.678,1,Groundnut,3.14,1.676
1,665,Cotton,57.34,0.28,1,Cotton,50.93,0.266
1,666,Cotton,99.17,0.605,1,Cotton,99.23,0.605
1,667,Cotton,79.24,0.306,1,Cotton,77.63,0.301
1,668,Groundnut,44.04,1.757,1,Groundnut,46.18,1.776
1,669,Bajra,54.46,3.125,1,Bajra,55.19,3.123
1,670,Bajra,44.6,2.614,1,Bajra,44.17,2.552
1,671,Cotton,51.6,0.271,1,Cotton,50.16,0.269
1,672,Groundnut,8.13,1.529,1,Groundnut,7.24,1.507
1,673,Cotton,8.03,0.248,1,Cotton,8.04,0.25
1,674,Bajra,64.87,3.528,1,Bajra,66.92,3.528
1,675,Groundnut,76.86,1.828,1,Groundnut,80.23,1.865
1,676,Groundnut,81.1,1.36,1,Groundnut,82.62,1.339
1,677,Groundnut,28.01,1.977,1,Groundnut,30.02,2.021
1,678,Maize,40.98,2.38,1,Maize,40.22,2.378
1,679,Cotton,94.57,0.434,1,Cotton,94.37,0.433
1,680,Cotton,63.92,0.423,1,Cotton,65.28,0.432
1,681,Cotton,79.97,0.328,1,Cotton,77.22,0.319
1,682,Cotton,21.84,0.401,1,Cotton,21.04,0.401
1,683,Cotton,37.53,0.308,1,Cotton,38.59,0.314
1,684,Cotton,74.84,0.31,1,Cotton,74.85,0.311
1,685,Groundnut,10.98,1.652,1,Groundnut,9.79,1.623
1,686,Groundnut,16.45,1.841,1,Groundnut,16.58,1.856
1,687,Cotton,22.25,0.264,1,Cotton,22.23,0.266
1,688,Groundnut,34.96,1.648,1,Groundnut,38.12,1.708
1,689,Rice,30.81,1.327,1,Rice,26.65,1.295
1,690,Rice,38.21,1.542,1,Rice,34.05,1.487
1,691,Rice,10.76,1.3,1,Groundnut,2.74,2.008
1,692,Bajra,8.67,2.863,1,Bajra,10.52,2.949
1,693,Cotton,36.27,0.294,1,Cotton,36.39,0.296
1,694,Cotton,96.66,0.471,1,Cotton,96.86,0.471
1,695,Groundnut,99.8,2.272,1,Groundnut,99.9,2.285
1,696,Cotton,61.11,0.356,1,Cotton,60.75,0.357
1,697,Cotton,43.9,0.367,1,Cotton,44.5,0.372
1,698,Cotton,33.41,0.403,1,Cotton,34.35,0.41
1,699,Groundnut,12.39,2.261,1,Groundnut,14.26,2.366
1,700,Bajra,27.75,2.503,1,Bajra,29.44,2.53
1,701,Bajra,23.0,2.898,1,Bajra,24.6,2.896
1,702,Groundnut,34.41,1.702,1,Groundnut,35.24,1.706
1,703,Cotton,38.6,0.379,1,Cotton,38.86,0.383
1,704,Bajra,7.44,2.538,1,Bajra,8.18,2.541
1,705,Cotton,96.25,0.418,1,Cotton,95.72,0.411
1,706,Bajra,61.58,2.797,1,Bajra,62.45,2.822
1,707,Cotton,42.26,0.312,1,Cotton,42.79,0.316
1,708,Groundnut,23.09,1.961,1,Groundnut,22.09,1.955
1,709,Groundnut,43.45,1.74,1,Groundnut,45.11,1.75
1,710,Cotton,88.16,0.551,1,Cotton,90.07,0.576
1,711,Cotton,63.4,0.315,1,Cotton,62.16,0.312
1,712,Cotton,27.42,0.277,1,Cotton,27.46,0.278
1,713,Cotton,76.18,0.41,1,Cotton,76.42,0.414
1,714,Rice,41.21,1.243,1,Rice,35.85,1.224
1,715,Cotton,90.52,0.528,1,Cotton,91.37,0.542
1,716,Groundnut,15.27,1.754,1,Groundnut,14.89,1.752
1,717,Cotton,37.84,0.308,1,Cotton,38.46,0.312
1,718,Bajra,55.77,3.206,1,Bajra,55.5,3.108
1,719,Cotton,68.03,0.516,1,Cotton,71.82,0.542
1,720,Maize,87.08,2.972,1,Maize,87.76,3.006
1,721,Cotton,62.74,0.52,1,Cotton,66.71,0.546
1,722,Cotton,93.61,0.591,1,Cotton,94.66,0.605
1,723,Cotton,94.58,0.605,1,Cotton,95.11,0.605
1,724,Cotton,22.7,0.479,1,Cotton,24.87,0.497
1,725,Groundnut,40.07,2.062,1,Groundnut,43.68,2.118
1,726,Cotton,29.95,0.353,1,Cotton,31.53,0.363
1,727,Groundnut,78.3,1.961,1,Groundnut,71.12,1.961
1,728,Bajra,7.06,2.626,1,Bajra,8.1,2.681
1,729,Cotton,16.87,0.394,1,Cotton,18.19,0.407
1,730,Cotton,71.96,0.523,1,Cotton,75.11,0.546
1,731,Groundnut,96.32,2.03,1,Cotton,52.03,0.281
1,732,Cotton,84.28,0.379,1,Cotton,83.42,0.376
1,733,Cotton,89.5,0.56,1,Cotton,91.05,0.582
1,734,Maize,80.98,2.523,1,Maize,80.55,2.549
1,735,Cotton,83.98,0.461,1,Cotton,84.46,0.467
1,736,Cotton,83.05,0.371,1,Cotton,83.11,0.373
1,737,Cotton,75.0,0.385,1,Cotton,75.86,0.391
1,738,Cotton,25.52,0.259,1,Cotton,24.95,0.258
1,739,Cotton,60.71,0.277,1,Cotton,59.14,0.273
1,740,Cotton,26.15,0.263,1,Cotton,25.49,0.262
1,741,Rice,90.93,1.978,1,Rice,89.95,1.976
1,742,Cotton,8.81,0.605,1,Cotton,9.01,0.605
1,743,Groundnut,88.83,1.795,1,Groundnut,90.64,1.793
1,744,Bajra,59.07,2.073,1,Bajra,56.45,2.029
1,745,Rice,1.54,1.758,1,Rice,0.68,1.758
1,746,Rice,3.69,1.758,1,Rice,1.94,1.758
1,747,Rice,79.67,2.181,1,Rice,76.92,2.179
1,748,Groundnut,95.89,1.681,1,Groundnut,96.84,1.672
1,749,Groundnut,28.27,1.589,1,Groundnut,26.99,1.554
1,750,Groundnut,88.51,1.819,1,Groundnut,89.83,1.794
1,751,Groundnut,98.58,1.965,1,Groundnut,98.79,1.894
1,752,Cotton,69.8,0.317,1,Cotton,68.78,0.314
1,753,Cotton,74.41,0.282,1,Cotton,73.73,0.28
1,754,Cotton,86.93,0.39,1,Cotton,87.15,0.392
1,755,Cotton,79.51,0.503,1,Cotton,80.14,0.503
1,756,Cotton,78.23,0.396,1,Cotton,78.05,0.397
1,757,Groundnut,81.97,1.743,1,Groundnut,81.96,1.674
1,758,Cotton,89.23,0.383,1,Cotton,88.99,0.382
1,759,Groundnut,94.72,1.913,1,Groundnut,95.78,1.899
1,760,Bajra,94.78,3.134,1,Bajra,93.76,2.969
1,761,Groundnut,96.79,2.2,1,Groundnut,97.77,2.222
1,762,Bajra,34.52,2.503,1,Bajra,36.29,2.562
1,763,Maize,69.88,2.03,1,Maize,67.14,2.001
1,764,Groundnut,37.94,1.773,1,Groundnut,39.22,1.783
1,765,Groundnut,63.51,1.754,1,Groundnut,66.35,1.771
1,766,Cotton,43.58,0.277,1,Cotton,43.23,0.277
1,767,Groundnut,8.1,1.706,1,Groundnut,7.16,1.68
1,768,Bajra,80.38,2.722,1,Bajra,78.57,2.62
1,769,Cotton,29.05,0.274,1,Cotton,28.9,0.275
1,770,Cotton,32.63,0.265,1,Cotton,31.59,0.263
1,771,Cotton,7.49,0.269,1,Cotton,7.52,0.272
1,772,Cotton,26.1,0.308,1,Cotton,25.54,0.308
1,773,Cotton,14.65,0.289,1,Cotton,14.99,0.293
1,774,Maize,25.0,1.905,1,Maize,23.81,1.888
1,775,Groundnut,45.02,1.572,1,Groundnut,47.4,1.595
1,776,Bajra,26.27,2.822,1,Bajra,25.0,2.677
1,777,Bajra,17.1,2.682,1,Bajra,17.71,2.665
1,778,Bajra,52.45,2.508,1,Bajra,52.09,2.509
1,779,Bajra,3.48,2.349,1,Bajra,3.75,2.359
1,780,Bajra,10.61,2.944,1,Bajra,12.67,3.027
1,781,Groundnut,4.86,1.734,1,Groundnut,3.99,1.702
1,782,Groundnut,42.46,2.107,1,Groundnut,46.73,2.183
1,783,Cotton,54.94,0.253,1,Cotton,53.98,0.251
1,784,Maize,17.78,1.869,1,Maize,17.16,1.865
1,785,Groundnut,7.91,1.706,1,Groundnut,8.36,1.765
1,786,Groundnut,12.18,1.688,1,Groundnut,11.94,1.696
1,787,Bajra,49.91,2.276,1,Bajra,48.62,2.244
1,788,Bajra,51.95,2.127,1,Bajra,47.78,1.995
1,789,Cotton,25.37,0.269,1,Cotton,24.26,0.267
1,790,Groundnut,34.27,1.912,1,Groundnut,34.99,1.914
1,791,Groundnut,99.7,1.821,1,Groundnut,99.84,1.837
1,792,Bajra,92.96,3.528,1,Bajra,92.84,3.528
1,793,Bajra,43.8,2.896,1,Bajra,42.84,2.8
1,794,Bajra,51.32,2.956,1,Bajra,52.04,2.927
1,795,Maize,83.98,2.538,1,Maize,82.63,2.52
1,796,Cotton,77.42,0.269,1,Cotton,75.97,0.264
1,797,Cotton,81.95,0.372,1,Cotton,79.91,0.365
1,798,Cotton,79.74,0.382,1,Cotton,79.9,0.384
1,799,Cotton,9.16,0.228,1,Cotton,8.42,0.225
1,800,Maize,23.76,1.863,1,Maize,22.97,1.867
1,801,Groundnut,26.95,1.464,1,Groundnut,27.71,1.478
1,802,Maize,66.15,1.87,1,Maize,64.15,1.872
1,803,Bajra,90.71,2.703,1,Cotton,41.75,0.248
1,804,Bajra,87.78,2.239,1,Bajra,87.51,2.309
1,805,Bajra,98.71,2.349,1,Bajra,98.53,2.363
1,806,Bajra,86.96,1.84,1,Bajra,86.28,1.839
1,807,Groundnut,99.99,1.961,1,Groundnut,99.99,1.804
1,808,Groundnut,99.02,2.102,1,Groundnut,99.27,2.058
1,809,Maize,9.0,1.76,1,Maize,9.14,1.79
1,810,Cotton,59.43,0.31,1,Cotton,59.43,0.312
1,811,Bajra,76.88,2.402,1,Bajra,74.47,2.315
1,812,Cotton,67.61,0.302,1,Cotton,67.18,0.302
1,813,Cotton,57.36,0.345,1,Cotton,57.64,0.348
1,814,Cotton,95.06,0.449,1,Cotton,95.16,0.452
1,815,Bajra,83.51,1.9,1,Bajra,83.22,1.9
1,816,Bajra,42.77,2.08,1,Bajra,43.5,2.17
1,817,Cotton,10.2,0.223,1,Cotton,9.83,0.221
1,818,Groundnut,25.0,1.626,1,Groundnut,24.2,1.602
1,819,Bajra,79.95,1.9,1,Bajra,79.2,1.9
1,820,Groundnut,33.46,1.759,1,Groundnut,33.69,1.751
1,821,Bajra,48.98,2.418,1,Bajra,50.35,2.5
1,822,Bajra,38.02,1.715,1,Bajra,35.28,1.669
1,823,Groundnut,94.66,1.433,1,Groundnut,96.14,1.46
1,824,Cotton,31.27,0.31,1,Cotton,30.8,0.309
1,825,Cotton,31.27,0.31,1,Cotton,30.8,0.309
1,826,Cotton,31.27,0.31,1,Cotton,31.78,0.311
1,827,Cotton,31.27,0.31,1,Cotton,31.78,0.311
1,828,Cotton,31.27,0.31,1,Cotton,31.78,0.311
1,829,Groundnut,95.83,2.031,1,Groundnut,96.1,2.032
1,830,Cotton,43.67,0.284,1,Cotton,43.03,0.283
1,831,Bajra,85.08,2.561,1,Bajra,84.58,2.572
1,832,Cotton,13.83,0.269,1,Cotton,13.61,0.27
1,833,Cotton,31.49,0.271,1,Cotton,30.79,0.27
1,834,Cotton,27.89,0.293,1,Cotton,28.17,0.296
1,835,Maize,30.65,1.852,1,Maize,29.56,1.85
1,836,Groundnut,45.81,2.035,1,Groundnut,48.68,2.072
1,837,Bajra,94.51,2.433,1,Bajra,93.89,2.43
1,838,Bajra,13.95,2.477,1,Bajra,14.48,2.497
1,839,Cotton,36.86,0.277,1,Cotton,36.94,0.278
1,840,Cotton,27.55,0.293,1,Cotton,27.78,0.296
1,841,Cotton,79.22,0.284,1,Cotton,77.96,0.279
1,842,Cotton,53.67,0.289,1,Cotton,52.59,0.287
1,843,Bajra,59.79,1.9,1,Bajra,59.98,1.939
1,844,Groundnut,21.11,1.825,1,Groundnut,23.23,1.892
1,845,Cotton,74.43,0.422,1,Cotton,74.95,0.427
1,846,Bajra,11.83,2.245,1,Bajra,12.9,2.309
1,847,Cotton,11.26,0.333,1,Cotton,12.11,0.342
1,848,Rice,37.28,1.372,1,Rice,33.75,1.36
1,849,Groundnut,37.99,1.851,1,Groundnut,37.58,1.826
1,850,Cotton,72.91,0.364,1,Cotton,73.17,0.367
1,851,Bajra,66.61,2.743,1,Bajra,64.97,2.662
1,852,Rice,20.37,1.279,1,Rice,15.03,1.232
1,853,Rice,64.08,1.377,1,Rice,61.05,1.337
1,854,Groundnut,89.67,1.795,1,Groundnut,88.21,1.669
1,855,Bajra,91.04,2.609,1,Bajra,90.18,2.557
1,856,Bajra,55.88,2.031,1,Bajra,55.27,2.093
1,857,Cotton,28.05,0.307,1,Cotton,28.96,0.312
1,858,Bajra,55.52,2.516,1,Bajra,53.96,2.457
1,859,Bajra,81.84,2.812,1,Bajra,79.71,2.683
1,860,Bajra,26.58,1.997,1,Bajra,27.38,2.06
1,861,Cotton,72.47,0.31,1,Cotton,71.81,0.308
1,862,Cotton,99.49,0.363,1,Cotton,99.37,0.352
1,863,Cotton,98.26,0.324,1,Cotton,98.11,0.32
1,864,Bajra,36.36,2.258,1,Bajra,33.11,2.118
1,865,Bajra,62.39,1.872,1,Bajra,61.61,1.871
1,866,Cotton,73.13,0.443,1,Cotton,73.09,0.446
1,867,Cotton,53.52,0.266,1,Cotton,52.95,0.264
1,868,Bajra,99.8,2.818,1,Bajra,99.68,2.647
1,869,Bajra,82.79,2.302,1,Bajra,80.58,2.225
1,870,Cotton,78.14,0.367,1,Cotton,77.99,0.367
1,871,Maize,36.87,1.956,1,Maize,35.85,1.957
1,872,Groundnut,95.6,2.191,1,Groundnut,96.75,2.202
1,873,Cotton,65.45,0.308,1,Cotton,64.66,0.307
1,874,Maize,50.0,2.267,1,Maize,50.0,2.292
1,875,Cotton,79.92,0.363,1,Cotton,78.89,0.359
1,876,Groundnut,90.35,1.738,1,Groundnut,91.62,1.713
1,877,Groundnut,55.83,1.732,1,Groundnut,51.83,1.63
1,878,Cotton,48.19,0.305,1,Cotton,47.93,0.305
1,879,Bajra,65.08,2.197,1,Bajra,60.87,2.063
1,880,Bajra,64.14,2.051,1,Bajra,61.18,1.984
1,881,Groundnut,93.75,1.675,1,Groundnut,94.57,1.635
1,882,Groundnut,30.86,1.6,1,Groundnut,31.83,1.613
1,883,Groundnut,62.44,1.889,1,Groundnut,64.64,1.892
1,884,Cotton,23.86,0.318,1,Cotton,23.29,0.318
1,885,Groundnut,65.2,1.37,1,Groundnut,64.03,1.307
1,886,Groundnut,50.0,1.3,1,Groundnut,49.16,1.258
1,887,Bajra,59.14,1.774,1,Bajra,57.55,1.774
1,888,Bajra,83.38,2.638,1,Bajra,82.29,2.603
1,889,Groundnut,24.74,1.195,1,Groundnut,24.22,1.182
1,890,Bajra,24.04,1.812,1,Bajra,23.08,1.822
1,891,Bajra,13.43,2.086,1,Bajra,12.6,2.037
1,892,Groundnut,61.42,1.87,1,Groundnut,64.24,1.887
1,893,Cotton,77.84,0.433,1,Cotton,77.28,0.432
1,894,Bajra,0.52,1.754,1,Bajra,0.54,1.761
1,895,Cotton,46.57,0.332,1,Cotton,46.42,0.333
1,896,Bajra,73.27,2.709,1,Bajra,71.65,2.633
1,897,Cotton,65.37,0.222,1,Cotton,55.75,0.217
1,898,Cotton,44.58,0.354,1,Cotton,45.28,0.359
1,899,Cotton,58.01,0.265,1,Cotton,56.81,0.262
1,900,Maize,10.79,2.063,1,Maize,11.13,2.092
1,901,Cotton,30.79,0.395,1,Cotton,29.54,0.392
1,902,Cotton,43.74,0.315,1,Cotton,43.23,0.314
1,903,Groundnut,88.19,1.871,1,Groundnut,89.64,1.852
1,904,Rice,37.15,1.203,1,Rice,30.09,1.16
1,905,Cotton,62.88,0.362,1,Cotton,62.59,0.363
1,906,Cotton,70.02,0.324,1,Cotton,69.38,0.323
1,907,Bajra,18.73,3.001,1,Bajra,19.14,2.941
1,908,Cotton,52.31,0.382,1,Cotton,53.92,0.391
1,909,Cotton,53.82,0.388,1,Cotton,53.56,0.389
1,910,Cotton,56.58,0.321,1,Cotton,55.57,0.319
1,911,Cotton,48.36,0.264,1,Cotton,48.24,0.264
1,912,Cotton,89.49,0.278,1,Cotton,88.47,0.271
1,913,Bajra,26.75,2.554,1,Bajra,26.54,2.518
1,914,Groundnut,11.34,1.764,1,Groundnut,11.06,1.772
1,915,Bajra,58.23,2.442,1,Bajra,56.83,2.38
1,916,Cotton,29.35,0.264,1,Cotton,29.28,0.264
1,917,Groundnut,86.88,1.908,1,Groundnut,89.26,1.931
1,918,Groundnut,68.97,1.758,1,Groundnut,69.61,1.718
1,919,Cotton,60.04,0.37,1,Cotton,59.82,0.37
1,920,Cotton,64.59,0.38,1,Cotton,64.88,0.38
1,921,Bajra,26.61,2.461,1,Bajra,28.71,2.563
1,922,Cotton,93.96,0.383,1,Cotton,93.99,0.386
1,923,Bajra,99.98,2.454,1,Bajra,99.97,2.488
1,924,Maize,99.29,2.514,1,Maize,99.11,2.507
1,925,Maize,46.45,2.181,1,Maize,45.91,2.201
1,926,Cotton,88.26,0.466,1,Cotton,88.57,0.471
1,927,Groundnut,71.32,1.674,1,Groundnut,73.92,1.683
1,928,Bajra,84.86,2.996,1,Bajra,83.08,2.844
1,929,Cotton,70.83,0.383,1,Cotton,70.8,0.386
1,930,Groundnut,32.28,1.761,1,Groundnut,33.32,1.773
1,931,Rice,97.77,2.176,1,Rice,97.72,2.175
1,932,Cotton,50.67,0.325,1,Cotton,50.37,0.326
1,933,Cotton,57.88,0.356,1,Cotton,59.07,0.363
1,934,Cotton,56.45,0.34,1,Cotton,57.28,0.345
1,935,Rice,46.32,1.458,1,Rice,42.7,1.444
1,936,Maize,54.42,1.992,1,Maize,52.38,1.983
1,937,Cotton,45.62,0.24,1,Cotton,43.69,0.236
1,938,Bajra,26.79,2.252,1,Bajra,25.57,2.203
1,939,Cotton,82.93,0.351,1,Cotton,81.91,0.348
1,940,Groundnut,33.03,1.47,1,Groundnut,32.47,1.445
1,941,Cotton,88.58,0.413,1,Cotton,88.22,0.411
1,942,Groundnut,50.99,1.482,1,Groundnut,50.17,1.434
1,943,Groundnut,43.33,1.665,1,Groundnut,44.32,1.661
1,944,Cotton,58.27,0.298,1,Cotton,58.55,0.3
1,945,Cotton,40.85,0.259,1,Cotton,39.12,0.256
1,946,Cotton,28.96,0.209,1,Cotton,26.84,0.204
1,947,Groundnut,59.97,1.842,1,Groundnut,61.85,1.839
1,948,Bajra,39.95,2.579,1,Bajra,42.35,2.659
1,949,Cotton,75.17,0.347,1,Cotton,74.08,0.343
1,950,Groundnut,74.3,1.881,1,Groundnut,74.97,1.842
1,951,Bajra,81.92,2.923,1,Bajra,82.3,2.939
1,952,Bajra,56.72,2.131,1,Bajra,52.49,1.999
1,953,Bajra,84.05,2.429,1,Bajra,82.87,2.404
1,954,Groundnut,79.12,1.849,1,Groundnut,81.12,1.841
1,955,Groundnut,52.26,1.463,1,Groundnut,53.58,1.456
1,956,Groundnut,21.3,1.399,1,Groundnut,21.08,1.395
1,957,Cotton,73.72,0.334,1,Cotton,74.06,0.337
1,958,Bajra,27.06,2.026,1,Bajra,26.41,2.024
1,959,Cotton,31.27,0.33,1,Cotton,31.78,0.334
1,960,Groundnut,0.0,1.056,1,Groundnut,0.0,1.056
1,961,Cotton,8.81,0.263,1,Cotton,9.01,0.263
1,962,Cotton,31.27,0.31,1,Cotton,31.78,0.311
1,963,Cotton,31.27,0.31,1,Cotton,31.78,0.311
1,964,Cotton,31.27,0.31,1,Cotton,30.8,0.309
1,965,Cotton,31.27,0.31,1,Cotton,30.8,0.309
1,966,Rice,1.37,1.872,1,Rice,0.6,1.871
