farm_id,crop_type,p_assigned,entropy,yield_sd,p_Rice,p_Cotton,p_Maize,p_Bajra,p_Groundnut
1,Rice,0.5744,0.6993765960190401,0.40481288894854395,0.5744,0.0258,0.0348,0.2492,0.1158
2,Rice,0.4627,0.8458246113227442,0.5306383263231088,0.4627,0.0602,0.0754,0.23,0.1718
3,Rice,0.4088,0.8280069476920328,0.4446034037967399,0.4088,0.0613,0.0324,0.2056,0.292
4,Maize,0.5289,0.5871983061602759,1.1414214444374247,0.0081,0.4049,0.5289,0.0202,0.038
5,Groundnut,0.3715,0.8642876430750976,0.7208905498421148,0.3208,0.1741,0.0447,0.0889,0.3715
6,Cotton,0.3714,0.9136874037004296,0.961183801482142,0.0904,0.3714,0.2749,0.1103,0.153
7,Bajra,0.4464,0.7742995284511476,0.5768958727083415,0.3195,0.0321,0.0319,0.4464,0.1701
8,Groundnut,0.2934,0.9073248235767838,0.600983363508006,0.2646,0.0686,0.0824,0.291,0.2934
9,Cotton,0.5885,0.6996116041609899,0.8312486228994002,0.0197,0.5885,0.2239,0.0495,0.1185
10,Cotton,0.5451,0.8016562548305667,0.904722893472617,0.104,0.5451,0.1643,0.0562,0.1303
11,Cotton,0.2345,0.9974058442601483,0.7297665568766623,0.1797,0.2345,0.2003,0.1906,0.1949
12,Cotton,0.4449,0.9000652967915156,1.1076946710910573,0.161,0.4449,0.1628,0.121,0.1103
13,Rice,0.3071,0.9275319129073093,0.5511129581663445,0.3071,0.1076,0.0746,0.2658,0.2449
14,Cotton,0.902,0.21483543408974295,0.9522378401138558,0.0006,0.902,0.0922,0.0003,0.0049
15,Cotton,0.4014,0.9019988260303632,0.7638762815466892,0.0848,0.4014,0.1541,0.1083,0.2515
16,Groundnut,0.7545,0.5448529066731764,0.4082464313882539,0.043,0.0617,0.0372,0.1035,0.7545
17,Cotton,0.4654,0.8302224565352463,0.7921516578350404,0.0529,0.4654,0.0652,0.1709,0.2455
18,Cotton,0.4269,0.8607352462339093,0.6573665708595121,0.1321,0.4269,0.1133,0.0513,0.2764
19,Bajra,0.3646,0.8933520076268062,0.6043948858220396,0.1632,0.0955,0.0708,0.3646,0.3058
20,Rice,0.3863,0.8704458435937931,0.9095532038096598,0.3863,0.2952,0.1092,0.0415,0.1677
21,Rice,0.57,0.7895630854949236,0.6875788714575275,0.57,0.0959,0.0819,0.1117,0.1405
22,Cotton,0.6053,0.7041503956503555,0.7980529103644595,0.2059,0.6053,0.0794,0.0267,0.0827
23,Bajra,0.72,0.4725121154819544,0.25987446662731806,0.2163,0.0005,0.0039,0.72,0.0592
24,Rice,0.6259,0.7293128319551344,0.7201670033957446,0.6259,0.1217,0.0769,0.0845,0.091
25,Cotton,0.4615,0.8433952051686746,0.8467016267893713,0.1121,0.4615,0.1133,0.0546,0.2585
26,Rice,0.3407,0.9607539043968265,0.8015916308625454,0.3407,0.1783,0.1189,0.1786,0.1835
27,Rice,0.2435,0.9957068146523622,0.6977207533607871,0.2435,0.1786,0.1925,0.2063,0.1792
28,Cotton,0.274,0.9692211802922562,0.7890727877935007,0.2607,0.274,0.1309,0.1274,0.207
29,Rice,0.3277,0.9651497333897644,0.6526930306481636,0.3277,0.1234,0.1976,0.1937,0.1576
30,Cotton,0.9691,0.09665594410048281,0.4392111013868531,0.0001,0.9691,0.0238,0.0001,0.0069
31,Maize,0.4897,0.7278419449386473,1.010699050693977,0.0267,0.3477,0.4897,0.0451,0.0909
32,Rice,0.4929,0.8243014197163936,0.5868873310110634,0.4929,0.0762,0.0684,0.2422,0.1204
33,Cotton,0.4846,0.8267115341387361,1.0245477685123463,0.2024,0.4846,0.1675,0.0318,0.1137
34,Rice,0.4884,0.8391708478851887,0.7399018266953611,0.4884,0.155,0.0719,0.0755,0.2092
35,Rice,0.2603,0.9764951832411614,0.5875886613390201,0.2603,0.1078,0.2354,0.2122,0.1843
36,Maize,0.3608,0.9556214731360406,0.6603576046956012,0.1519,0.1462,0.3608,0.1788,0.1622
37,Rice,0.3609,0.9422590201472344,0.7471194592674903,0.3609,0.1988,0.0967,0.1468,0.1969
38,Rice,0.4674,0.8650435964041745,0.5855954936298619,0.4674,0.0979,0.0766,0.1542,0.2038
39,Cotton,0.3588,0.8764932849567965,0.849158943696521,0.3399,0.3588,0.1158,0.0564,0.1291
40,Cotton,0.2571,0.9806134380968258,0.8608792552109137,0.2365,0.2571,0.2145,0.1218,0.1702
41,Cotton,0.982,0.06389315358713621,0.36831380755049353,0.0002,0.982,0.0127,0.0001,0.0051
42,Cotton,0.9662,0.10123443103375539,0.41388033827700943,0.0001,0.9662,0.029,0.0001,0.0047
43,Cotton,0.3265,0.9634017366115375,0.8466099005886765,0.1812,0.3265,0.1852,0.1105,0.1967
44,Cotton,0.5548,0.7642236047209623,0.896446939600049,0.0496,0.5548,0.2118,0.0573,0.1265
45,Cotton,0.5647,0.7706325472224351,0.9173702366406349,0.0539,0.5647,0.1718,0.0652,0.1445
46,Cotton,0.5626,0.701581199605686,1.0456326952878878,0.024,0.5626,0.2679,0.0372,0.1083
47,Cotton,0.7169,0.5034069260952567,1.1516999383483688,0.0148,0.7169,0.2159,0.0087,0.0438
48,Cotton,0.502,0.78347151264409,1.1225186859700407,0.0882,0.502,0.2811,0.0406,0.0881
49,Rice,0.4227,0.8608180889921525,0.787937581413663,0.4227,0.2115,0.063,0.0646,0.2382
50,Cotton,0.7164,0.4126508505453742,1.4465133475792358,0.0018,0.7164,0.2688,0.0013,0.0117
51,Cotton,0.582,0.7282482426512399,0.7218483968860981,0.1275,0.582,0.0185,0.082,0.19
52,Cotton,0.6857,0.5325335340739774,1.1348815344303518,0.0148,0.6857,0.2364,0.0064,0.0567
53,Cotton,0.4503,0.788829540883403,1.0645161267104235,0.0439,0.4503,0.3307,0.0472,0.1279
54,Maize,0.384,0.8949711332992017,0.9227012363153364,0.0608,0.2731,0.384,0.1655,0.1165
55,Maize,0.55,0.530858604579564,1.007056185609149,0.0004,0.4088,0.55,0.014,0.0268
56,Rice,0.5088,0.8200486295132138,0.6246379615795881,0.5088,0.0985,0.0553,0.2147,0.1226
57,Maize,0.4147,0.88076705302795,0.5889539216226206,0.2751,0.0847,0.4147,0.133,0.0924
58,Cotton,0.5927,0.6831452893341614,1.5120024201955449,0.058,0.5927,0.2591,0.0303,0.0598
59,Cotton,0.743,0.5061870488741934,0.9943568031131611,0.0198,0.743,0.1747,0.0188,0.0437
60,Groundnut,0.272,0.9688313038819499,1.0352127154414044,0.1668,0.2459,0.1008,0.2144,0.272
61,Cotton,0.5692,0.7886637353311511,0.8732103449044951,0.1381,0.5692,0.1081,0.0705,0.1141
62,Cotton,0.5502,0.5743388892279016,1.1169587245353092,0.0102,0.5502,0.388,0.0125,0.0391
63,Rice,0.3124,0.9678938206994143,0.8629095203585545,0.3124,0.2289,0.1687,0.123,0.1669
64,Cotton,0.5869,0.7217134053045621,0.9100446509077638,0.036,0.5869,0.1922,0.0428,0.1421
65,Rice,0.2902,0.9783634457173981,0.8381637200311283,0.2902,0.2083,0.1933,0.1257,0.1825
66,Rice,0.4869,0.8571875387136921,0.574294230045561,0.4869,0.073,0.1118,0.1605,0.1678
67,Cotton,0.9402,0.15960451510721468,0.7479169519738202,0.0008,0.9402,0.0503,0.0005,0.0081
68,Cotton,0.2941,0.9767122496943602,0.8333934164627509,0.2276,0.2941,0.1855,0.1437,0.1492
69,Cotton,0.5956,0.44090279651211034,1.5842591728020867,0.0009,0.5956,0.3989,0.0014,0.0033
70,Cotton,0.7798,0.3471114412763874,1.3347218532527945,0.0012,0.7798,0.2145,0.0008,0.0037
71,Groundnut,0.2631,0.9910260756556076,1.0085478425430767,0.1836,0.1938,0.2005,0.1589,0.2631
72,Maize,0.356,0.9175163462351085,0.7012171426808635,0.0549,0.2068,0.356,0.1502,0.2321
73,Maize,0.351,0.903111526944461,0.8829937197441203,0.0917,0.3236,0.351,0.1156,0.1182
74,Cotton,0.9849,0.05426499777471046,0.29393202166258503,0.0002,0.9849,0.0122,0.0001,0.0027
75,Cotton,0.2462,0.9879384872250895,0.7413812485773611,0.1604,0.2462,0.2108,0.1487,0.2339
76,Cotton,0.4023,0.9161041625465947,0.8357358314160096,0.1378,0.4023,0.184,0.0824,0.1935
77,Cotton,0.4316,0.8538767460400127,0.6213728605637571,0.0816,0.4316,0.1099,0.0814,0.2956
78,Rice,0.4985,0.8355270661511605,0.5405203431640769,0.4985,0.0977,0.0684,0.1233,0.2121
79,Rice,0.3936,0.8993162219867531,0.5257476139255398,0.3936,0.0814,0.0857,0.213,0.2263
80,Rice,0.3672,0.8381348835862089,0.3919538124941017,0.3672,0.0319,0.0571,0.2602,0.2835
81,Maize,0.523,0.6084269003767988,1.0485808249496673,0.0063,0.3924,0.523,0.0175,0.0609
82,Maize,0.2801,0.9624308898951071,0.6143127240098564,0.0877,0.1783,0.2801,0.2084,0.2455
83,Cotton,0.3761,0.935248394256687,0.7258906325920838,0.1297,0.3761,0.133,0.1306,0.2307
84,Cotton,0.7353,0.4707229540987919,0.9998642172343981,0.0085,0.7353,0.2128,0.0117,0.0318
85,Cotton,0.9663,0.10559656432773637,0.45230883794385235,0.0002,0.9663,0.0226,0.0001,0.0107
86,Cotton,0.9727,0.0883770947964227,0.4182393173905776,0.0001,0.9727,0.0199,0.0001,0.0072
87,Cotton,0.4366,0.8951516296598859,1.0022010589285917,0.1202,0.4366,0.209,0.0926,0.1415
88,Rice,0.37,0.8977134217362541,0.6550995269319222,0.37,0.1137,0.0529,0.2597,0.2037
89,Rice,0.3126,0.9679286618808813,0.7299120143175182,0.3126,0.1726,0.1156,0.1817,0.2175
90,Cotton,0.5144,0.7781648431511033,0.8047209618706854,0.0361,0.5144,0.1871,0.0487,0.2137
91,Cotton,0.7283,0.5701144029644791,0.7584902878083235,0.0617,0.7283,0.0962,0.0139,0.0999
92,Cotton,0.6413,0.6613686596492331,0.8030136518002255,0.0531,0.6413,0.119,0.0171,0.1694
93,Cotton,0.4779,0.8009424970628469,0.5912363873809319,0.0975,0.4779,0.0637,0.0623,0.2986
94,Cotton,0.6154,0.7337089890524306,0.7724775180790386,0.1152,0.6154,0.0834,0.0552,0.1308
95,Cotton,0.6777,0.5511038289449008,1.4105448800097058,0.0223,0.6777,0.2426,0.0133,0.044
96,Cotton,0.3456,0.8874328809990398,0.8923846090477342,0.0404,0.3456,0.2712,0.1042,0.2386
97,Cotton,0.2628,0.984498581945376,0.7745916818769389,0.2349,0.2628,0.1577,0.1453,0.1993
98,Cotton,0.729,0.5419363779136173,0.9402339012735041,0.0145,0.729,0.1544,0.027,0.0751
99,Cotton,0.907,0.2523161329520859,0.7310333858526824,0.0101,0.907,0.0569,0.0053,0.0207
100,Maize,0.4123,0.902115920516194,0.9561972154750136,0.0968,0.2439,0.4123,0.1265,0.1204
101,Cotton,0.5775,0.692951699386581,0.8906136607343976,0.0189,0.5775,0.2213,0.0286,0.1536
102,Cotton,0.6195,0.7073139680353765,0.828048609133395,0.0549,0.6195,0.1354,0.0387,0.1514
103,Cotton,0.963,0.1085994966431411,0.4341191102098144,0.0,0.963,0.031,0.0001,0.0058
104,Groundnut,0.3445,0.9478201247697339,0.9992542427177294,0.1534,0.2455,0.1168,0.1399,0.3445
105,Cotton,0.9783,0.07565485865633875,0.4155380059151289,0.0003,0.9783,0.012,0.0001,0.0094
106,Cotton,0.9662,0.1053371515846855,0.47687962780803905,0.0001,0.9662,0.0236,0.0001,0.01
107,Cotton,0.5353,0.7570684178270656,1.0636310677277063,0.0732,0.5353,0.2643,0.0392,0.088
108,Cotton,0.9778,0.07636675102405675,0.40661616551391405,0.0002,0.9778,0.0141,0.0001,0.0079
109,Cotton,0.4351,0.8182398061599474,0.6036043420091569,0.2596,0.4351,0.0488,0.0384,0.2182
110,Cotton,0.9827,0.06144952318228309,0.3769632131200776,0.0001,0.9827,0.0121,0.0001,0.005
111,Groundnut,0.4185,0.8758364071769529,0.8405251438535937,0.1838,0.2477,0.0689,0.0811,0.4185
112,Maize,0.5282,0.8016770067416169,0.9373422742290612,0.0712,0.2225,0.5282,0.0886,0.0894
113,Rice,0.3194,0.9195377447699968,0.7001918698930325,0.3194,0.2211,0.0618,0.1194,0.2782
114,Groundnut,0.3952,0.9098774351701167,0.7569492696438951,0.2504,0.1502,0.1043,0.1,0.3952
115,Cotton,0.5346,0.7549680894417388,0.7567078186602249,0.0329,0.5346,0.1547,0.0452,0.2327
116,Groundnut,0.3109,0.9495821097904419,0.8610274270049633,0.2842,0.1574,0.1148,0.1327,0.3109
117,Cotton,0.848,0.29323300762213145,1.1504531406650258,0.0018,0.848,0.1418,0.0013,0.0071
118,Rice,0.282,0.9801476404309934,0.6746255388406769,0.282,0.147,0.1642,0.169,0.2378
119,Cotton,0.7665,0.3650824016466555,1.3610909638625452,0.0013,0.7665,0.2248,0.0012,0.0062
120,Cotton,0.7155,0.44125768004880267,1.132820262514847,0.0029,0.7155,0.2561,0.0043,0.0211
121,Cotton,0.97,0.09560058652994471,0.41934169925639625,0.0005,0.97,0.0229,0.0002,0.0064
122,Groundnut,0.4245,0.8898977346950429,0.6710976282054749,0.0676,0.2056,0.1123,0.1901,0.4245
123,Cotton,0.4755,0.8097073798905952,0.5753883273239823,0.0808,0.4755,0.0833,0.066,0.2944
124,Groundnut,0.2856,0.9803514607274635,0.7296448509201703,0.1361,0.1756,0.2233,0.1794,0.2856
125,Groundnut,0.2724,0.980561578234067,0.8063677309280403,0.2288,0.1306,0.1629,0.2052,0.2724
126,Groundnut,0.4184,0.8972007353262671,0.7803116194002598,0.1242,0.2437,0.0938,0.1199,0.4184
127,Groundnut,0.3283,0.9296491434226016,0.7764681117423711,0.0796,0.2203,0.1126,0.2591,0.3283
128,Groundnut,0.2756,0.977031546977058,0.8646204181697723,0.1662,0.1996,0.1216,0.2369,0.2756
129,Groundnut,0.3607,0.9007544559980821,0.6858017949123485,0.0333,0.1899,0.204,0.212,0.3607
130,Cotton,0.3841,0.8827211782944075,0.9485651883304129,0.0657,0.3841,0.2694,0.0764,0.2043
131,Groundnut,0.3729,0.8956879681498898,0.6528109805415306,0.0854,0.1027,0.132,0.3071,0.3729
132,Bajra,0.3394,0.9345351421831098,0.9013081772810502,0.1891,0.1747,0.0658,0.3394,0.2311
133,Groundnut,0.2872,0.9507179960190606,0.8546822376027317,0.0686,0.2437,0.1964,0.204,0.2872
134,Groundnut,0.3145,0.9505600307162506,0.8665471863450556,0.1874,0.24,0.0805,0.1776,0.3145
135,Cotton,0.4232,0.8375580154086562,0.8734963503254422,0.0638,0.4232,0.2545,0.0395,0.219
136,Cotton,0.5531,0.6953910628160856,1.2675167039314212,0.0495,0.5531,0.3022,0.0278,0.0673
137,Cotton,0.9418,0.15185471592570488,0.43161788432296677,0.0002,0.9418,0.0512,0.0001,0.0066
138,Cotton,0.963,0.10996564283213572,0.4465198674259883,0.0001,0.963,0.0302,0.0001,0.0066
139,Groundnut,0.3744,0.9216747773356285,0.904461170314823,0.154,0.2553,0.0927,0.1236,0.3744
140,Cotton,0.4816,0.7483113572105158,0.582818634309461,0.0603,0.4816,0.0503,0.0581,0.3497
141,Maize,0.3604,0.8937113515117044,0.6557044311209231,0.0292,0.2163,0.3604,0.1693,0.2248
142,Groundnut,0.3145,0.9194099806145302,0.8320704764685201,0.0478,0.2142,0.2713,0.1523,0.3145
143,Cotton,0.4052,0.8802111106325639,0.8697325582436555,0.0559,0.4052,0.2525,0.0977,0.1886
144,Groundnut,0.4784,0.7148094080583778,0.8056985778454213,0.0243,0.3759,0.0674,0.0541,0.4784
145,Groundnut,0.3187,0.9575639003940667,0.9016431405084544,0.0934,0.2088,0.1688,0.2103,0.3187
146,Cotton,0.4908,0.8484002274663722,0.699393688451639,0.1337,0.4908,0.089,0.0844,0.2021
147,Cotton,0.8987,0.22322888754445663,0.8298477441034487,0.0003,0.8987,0.0931,0.0004,0.0075
148,Cotton,0.4475,0.8643051613918447,0.6224482744908146,0.1656,0.4475,0.0638,0.0918,0.2313
149,Maize,0.2854,0.9754818883140007,0.7780252833135429,0.1592,0.2228,0.2854,0.1227,0.2098
150,Cotton,0.3657,0.9396321478893707,0.8938995906872292,0.186,0.3657,0.1931,0.0897,0.1655
151,Cotton,0.5702,0.6338262032432367,1.2836433151390465,0.0143,0.5702,0.3224,0.0241,0.0689
152,Groundnut,0.2709,0.9705603091285435,1.0117535144692609,0.2552,0.2118,0.116,0.1462,0.2709
153,Cotton,0.3233,0.9428952367828006,0.6717755452051885,0.2188,0.3233,0.0908,0.1233,0.2437
154,Cotton,0.9683,0.09910248414452529,0.4720084737212295,0.0,0.9683,0.0229,0.0001,0.0086
155,Bajra,0.2874,0.9418884555458455,0.8510063166300589,0.2247,0.1069,0.0963,0.2874,0.2848
156,Groundnut,0.3244,0.969617856023446,0.9758071716166195,0.1334,0.1952,0.1748,0.1721,0.3244
157,Groundnut,0.3654,0.8978891722338114,0.7438425461098879,0.052,0.286,0.139,0.1576,0.3654
158,Maize,0.3912,0.8356622061371114,1.0656020583730637,0.1118,0.3554,0.3912,0.0448,0.0968
159,Cotton,0.5417,0.6967027671259213,1.2815867462307544,0.0508,0.5417,0.3128,0.0218,0.0729
160,Cotton,0.6229,0.710034852660324,0.7183161845700893,0.1102,0.6229,0.0877,0.0315,0.1477
161,Cotton,0.2801,0.9735820066671385,0.6830687814451766,0.1719,0.2801,0.1173,0.1828,0.2479
162,Cotton,0.2853,0.9802779279304141,0.8228483179395074,0.207,0.2853,0.1467,0.1483,0.2127
163,Cotton,0.9829,0.06132692536716204,0.35051890387857626,0.0002,0.9829,0.0115,0.0001,0.0053
164,Cotton,0.7254,0.5280288249458709,0.988637678920769,0.0262,0.7254,0.179,0.0099,0.0595
165,Groundnut,0.2956,0.9483638271837319,0.9881819593874422,0.1009,0.2793,0.205,0.1192,0.2956
166,Groundnut,0.323,0.9648361351192697,0.9313254647489936,0.136,0.2259,0.1752,0.14,0.323
167,Groundnut,0.3281,0.9448962056595834,0.7591921005870557,0.2346,0.1797,0.077,0.1806,0.3281
168,Groundnut,0.2576,0.9764269470074557,0.9352473409036782,0.1119,0.251,0.1784,0.2011,0.2576
169,Maize,0.6138,0.4905878710129548,1.217126153268451,0.0074,0.3604,0.6138,0.0111,0.0073
170,Groundnut,0.3827,0.9177708320446274,0.676709901325894,0.1693,0.1838,0.0636,0.2006,0.3827
171,Cotton,0.5722,0.7612761276384444,0.5980416613464711,0.0657,0.5722,0.0861,0.074,0.202
172,Groundnut,0.4536,0.8010102853594987,0.716278782883515,0.2267,0.2333,0.017,0.0695,0.4536
173,Cotton,0.9793,0.07060182982125882,0.3684576474274001,0.0004,0.9793,0.0157,0.0001,0.0044
174,Cotton,0.71,0.4642967477549937,1.1498085069403252,0.0051,0.71,0.2519,0.0074,0.0255
175,Cotton,0.4166,0.8673970626790839,0.679544894357921,0.0303,0.4166,0.1572,0.1613,0.2346
176,Cotton,0.3199,0.9321625236607568,0.5730626475189708,0.1779,0.3199,0.0666,0.1594,0.2762
177,Cotton,0.3525,0.941510932204034,0.6768040243766265,0.0925,0.3525,0.1509,0.1734,0.2307
178,Cotton,0.6718,0.6179362880663333,0.8802061338094243,0.0204,0.6718,0.1621,0.0287,0.117
179,Cotton,0.5088,0.8280407175548781,0.7605109287859644,0.0692,0.5088,0.1388,0.0846,0.1986
180,Bajra,0.4119,0.9046706415035219,0.823193977762455,0.1493,0.1271,0.0836,0.4119,0.228
181,Rice,0.297,0.9068415624787778,0.45660138363739544,0.297,0.0847,0.067,0.2969,0.2543
182,Rice,0.3647,0.8821423846458092,0.4694662237908205,0.3647,0.0961,0.0607,0.1587,0.3198
183,Rice,0.3761,0.9177820276561677,0.7707615109622818,0.3761,0.2645,0.1045,0.1062,0.1487
184,Rice,0.4157,0.8775721681396683,0.6912273263665125,0.4157,0.1854,0.0588,0.0952,0.2449
185,Cotton,0.3955,0.9285036196639846,0.9025350096119388,0.1606,0.3955,0.1745,0.0966,0.1728
186,Cotton,0.4672,0.8561358610040499,0.7256587411580594,0.0926,0.4672,0.1615,0.0651,0.2136
187,Cotton,0.46,0.8133631841440528,0.9283676016935294,0.0284,0.46,0.2619,0.0759,0.1738
188,Cotton,0.3677,0.908236451906888,0.6483178929135783,0.0781,0.3677,0.1468,0.1203,0.2872
189,Cotton,0.311,0.9416957138186968,0.8525828486277865,0.0723,0.311,0.1944,0.1596,0.2627
190,Groundnut,0.2618,0.9744889182920159,0.8736847328225154,0.2293,0.1793,0.1044,0.2253,0.2618
191,Cotton,0.3201,0.9162237664164418,1.048995843664347,0.0638,0.3201,0.3131,0.1638,0.1392
192,Bajra,0.3157,0.9226268719109905,0.737132765264795,0.2592,0.0752,0.0995,0.3157,0.2505
193,Groundnut,0.2983,0.9699336590084165,1.0488063832891508,0.1742,0.2477,0.1453,0.1345,0.2983
194,Rice,0.3121,0.9745838944877808,0.7955794801761733,0.3121,0.1999,0.1462,0.154,0.1878
195,Groundnut,0.3349,0.8838848327267711,0.8366596430417181,0.1877,0.3083,0.0299,0.1392,0.3349
196,Groundnut,0.3779,0.9052830096657081,0.7256677851070124,0.0727,0.1878,0.1038,0.2578,0.3779
197,Bajra,0.2672,0.9735726187817398,0.9225929930768375,0.1389,0.1326,0.1984,0.2672,0.263
198,Groundnut,0.2921,0.9543357894645432,0.7543301928568017,0.1712,0.1286,0.1173,0.2908,0.2921
199,Cotton,0.6508,0.6394137920877337,0.7754055526972362,0.022,0.6508,0.1532,0.0263,0.1477
200,Cotton,0.9838,0.057013183010422235,0.3127879443783031,0.0002,0.9838,0.0129,0.0001,0.0029
201,Groundnut,0.3146,0.9710060741945253,0.947663631095097,0.1602,0.2234,0.1505,0.1513,0.3146
202,Rice,0.4293,0.8987816127397363,0.6412676241396962,0.4293,0.1615,0.1139,0.0899,0.2053
203,Rice,0.4456,0.8603819331272293,0.5203434481735391,0.4456,0.0825,0.0634,0.1721,0.2365
204,Groundnut,0.3928,0.9000603414467725,0.6406293294199724,0.1287,0.1261,0.0802,0.2722,0.3928
205,Cotton,0.9818,0.06406138030357078,0.3525568031112713,0.0002,0.9818,0.0134,0.0002,0.0044
206,Cotton,0.6521,0.6010807342782247,0.9500931352744126,0.0119,0.6521,0.2145,0.0172,0.1043
207,Cotton,0.3866,0.885789166126687,0.7107723545405581,0.2464,0.3866,0.0556,0.0921,0.2193
208,Groundnut,0.2494,0.9696173039759706,0.9619358202380159,0.2483,0.236,0.0981,0.1681,0.2494
209,Cotton,0.6558,0.6378628468607428,0.9227603431582854,0.0146,0.6558,0.1786,0.0489,0.1021
210,Cotton,0.5334,0.812621787993268,0.7484940763835304,0.1186,0.5334,0.1049,0.0634,0.1796
211,Cotton,0.3903,0.7938131064859688,1.1276877565241237,0.0221,0.3903,0.3868,0.0836,0.1172
212,Rice,0.3168,0.9638538903071124,0.6852175780378773,0.3168,0.1688,0.1228,0.1533,0.2383
213,Cotton,0.9806,0.06776508811175667,0.3565568348497032,0.0003,0.9806,0.0141,0.0002,0.0048
214,Groundnut,0.3323,0.9162180867819528,0.9339595934710655,0.12,0.3188,0.142,0.087,0.3323
215,Groundnut,0.2902,0.9525118753790405,0.7200617537145142,0.1906,0.1354,0.0996,0.2843,0.2902
216,Cotton,0.9609,0.11757239632874161,0.5654065016899332,0.0004,0.9609,0.0303,0.0003,0.0082
217,Cotton,0.2968,0.9234608285211404,0.7712203558218056,0.0649,0.2968,0.2817,0.1143,0.2422
218,Cotton,0.9432,0.14515299309207083,0.7407080601885361,0.0003,0.9432,0.053,0.0003,0.0031
219,Cotton,0.9614,0.11464547599928027,0.5547703130054017,0.0005,0.9614,0.0315,0.0003,0.0062
220,Rice,0.257,0.9850435082859522,0.6421933617439358,0.257,0.1349,0.1707,0.231,0.2064
221,Rice,0.2963,0.9259770535396802,0.5263201318649942,0.2963,0.0985,0.078,0.2545,0.2727
222,Rice,0.399,0.891307729072016,0.501470369180596,0.399,0.1016,0.0619,0.2005,0.2369
223,Rice,0.2993,0.9021012615734079,0.479271843260518,0.2993,0.0636,0.0815,0.288,0.2676
224,Rice,0.2897,0.9836187403587335,0.66629759802345,0.2897,0.1488,0.1867,0.1796,0.1953
225,Rice,0.2899,0.9788949848838888,0.5999146646668807,0.2899,0.1375,0.1882,0.1625,0.2219
226,Rice,0.4707,0.8293546854140255,0.4911755993238807,0.4707,0.0488,0.0669,0.2097,0.2039
227,Rice,0.4735,0.8157443733897146,0.5631643150823558,0.4735,0.0949,0.0402,0.1174,0.274
228,Maize,0.3154,0.9450003032643672,0.9108824522945391,0.2469,0.2258,0.3154,0.1105,0.1015
229,Groundnut,0.3603,0.9070903831310511,0.6883828110684329,0.1949,0.1215,0.0581,0.2651,0.3603
230,Cotton,0.9592,0.11965630035578319,0.6019365757119178,0.0003,0.9592,0.033,0.0002,0.0073
231,Groundnut,0.2495,0.9868873849797624,0.9257823883412166,0.2143,0.1675,0.1397,0.2291,0.2495
232,Cotton,0.303,0.9768090456464159,0.7837864063867336,0.1366,0.303,0.1974,0.1976,0.1655
233,Rice,0.5528,0.7943198592257761,0.5836792651607897,0.5528,0.0867,0.0684,0.1149,0.1772
234,Groundnut,0.3251,0.9262654958106108,0.8035994325425484,0.2103,0.1408,0.0608,0.2631,0.3251
235,Cotton,0.5298,0.4766222313484473,1.6103532494452555,0.0036,0.5298,0.4566,0.0039,0.006
236,Groundnut,0.431,0.8525392920184925,0.839693133869505,0.1434,0.2814,0.0532,0.0909,0.431
237,Cotton,0.2771,0.9608349705690964,0.7940129334780939,0.27,0.2771,0.1471,0.0997,0.206
238,Cotton,0.4701,0.8059855161539853,0.6581045213376777,0.0885,0.4701,0.0831,0.0548,0.3035
239,Groundnut,0.3508,0.9423130628521188,0.7368541456907445,0.1751,0.1972,0.082,0.195,0.3508
240,Cotton,0.6101,0.6410675436836449,1.007216610061044,0.0215,0.6101,0.2634,0.0267,0.0784
241,Groundnut,0.3629,0.9474192031782187,0.7337484789502104,0.2092,0.1382,0.122,0.1678,0.3629
242,Bajra,0.3149,0.950566696238883,0.8180505813536495,0.1548,0.1307,0.1206,0.3149,0.279
243,Maize,0.34,0.958891382092701,0.7226268143221547,0.1226,0.2109,0.34,0.1515,0.175
244,Cotton,0.3656,0.9147104927702479,0.6833518232348376,0.0902,0.3656,0.1369,0.1227,0.2846
245,Rice,0.389,0.9160894280759228,0.5463124236469846,0.389,0.0805,0.1218,0.22,0.1888
246,Cotton,0.9819,0.06204575808535032,0.2900834127814678,0.0002,0.9819,0.0148,0.0001,0.0029
247,Cotton,0.5679,0.7838928920734765,0.8167388747132431,0.1237,0.5679,0.1247,0.0536,0.1301
248,Cotton,0.9587,0.12076136318709244,0.5808293269543272,0.0003,0.9587,0.0334,0.0003,0.0072
249,Groundnut,0.2702,0.9706681573370326,0.845586658679414,0.2278,0.2056,0.0952,0.2011,0.2702
250,Cotton,0.568,0.7549505485241359,0.749212595236234,0.0498,0.568,0.1335,0.0535,0.1952
251,Groundnut,0.3851,0.9222680801037321,0.7131187936030775,0.1736,0.1601,0.0748,0.2063,0.3851
252,Groundnut,0.3797,0.8897465880939222,0.6235647652188598,0.2419,0.1022,0.0513,0.2248,0.3797
253,Cotton,0.9743,0.08261030122607604,0.3625333863693063,0.0001,0.9743,0.0208,0.0001,0.0047
254,Groundnut,0.4847,0.8262551290194371,0.5427261210607134,0.2254,0.0984,0.0401,0.1514,0.4847
255,Bajra,0.2722,0.9717834406784773,0.7588093075170746,0.1507,0.1138,0.2237,0.2722,0.2396
256,Cotton,0.2818,0.9632623443822061,0.8090420581358309,0.2516,0.2818,0.0931,0.2033,0.1701
257,Cotton,0.4457,0.8925662812360623,0.7692311421742835,0.1083,0.4457,0.1442,0.1046,0.1973
258,Groundnut,0.3177,0.9551185948508064,0.8030384503676085,0.1922,0.1836,0.0864,0.2201,0.3177
259,Rice,0.3365,0.9317516967225417,0.581523094780776,0.3365,0.1239,0.0853,0.1822,0.2721
260,Groundnut,0.4302,0.8747488054504715,0.568909487529866,0.2021,0.0995,0.0574,0.2108,0.4302
261,Groundnut,0.3903,0.8705898074046838,0.836495994402315,0.0393,0.2901,0.1608,0.1195,0.3903
262,Groundnut,0.3813,0.9411083116396161,0.7360451866653381,0.1372,0.157,0.1303,0.1942,0.3813
263,Maize,0.6011,0.6821435471349528,0.8326743391209281,0.0195,0.2377,0.6011,0.0606,0.0811
264,Cotton,0.3214,0.9364947026545947,0.6039506279705434,0.1386,0.3214,0.0927,0.1543,0.293
265,Cotton,0.4993,0.8581161767818871,0.7864837423551698,0.1331,0.4993,0.0922,0.1399,0.1356
266,Groundnut,0.2556,0.9917297590231097,0.8826256525572506,0.1526,0.1947,0.1972,0.1999,0.2556
267,Cotton,0.9037,0.24716004760443408,0.4333982292112421,0.0021,0.9037,0.0403,0.0014,0.0525
268,Cotton,0.9443,0.1478873461973562,0.7107777080734464,0.0004,0.9443,0.0492,0.0004,0.0057
269,Cotton,0.3032,0.9553693754987783,0.7751177819604806,0.108,0.3032,0.2218,0.1222,0.2448
270,Maize,0.298,0.9613096466969145,0.742659549468959,0.1122,0.2519,0.298,0.1341,0.2039
271,Groundnut,0.4155,0.8684262821214322,0.7180674963025264,0.0457,0.2716,0.135,0.1321,0.4155
272,Groundnut,0.2982,0.9218273766804457,0.682207833615193,0.2645,0.1013,0.0705,0.2656,0.2982
273,Rice,0.3017,0.9650635193695274,0.6531842875860863,0.3017,0.1242,0.1344,0.1936,0.246
274,Maize,0.5566,0.7058868913550581,1.028104831752336,0.0392,0.2898,0.5566,0.0436,0.0708
275,Cotton,0.449,0.8251397239826296,0.8967974130640513,0.0329,0.449,0.2713,0.0819,0.165
276,Bajra,0.3301,0.891812395926625,0.6106979553564275,0.2304,0.0574,0.0827,0.3301,0.2994
277,Groundnut,0.3623,0.9455555644081017,0.7989144002170829,0.1595,0.1621,0.1068,0.2093,0.3623
278,Cotton,0.3536,0.9232629322163685,0.6792634472186762,0.0914,0.3536,0.1298,0.1423,0.2828
279,Groundnut,0.296,0.9466896879422498,0.6853612288547758,0.2419,0.0915,0.1199,0.2507,0.296
280,Groundnut,0.2423,0.9939711281582675,0.9014941025576314,0.2209,0.1846,0.1637,0.1885,0.2423
281,Groundnut,0.3342,0.8468308684175092,0.5864985985386614,0.3156,0.0644,0.031,0.2547,0.3342
282,Groundnut,0.4607,0.800649759566761,0.5425441787240752,0.2458,0.0699,0.0193,0.2043,0.4607
283,Groundnut,0.2607,0.9676883883075807,0.9962946802431016,0.0967,0.2583,0.1703,0.214,0.2607
284,Groundnut,0.2928,0.9709586076403145,0.8386109939758081,0.2524,0.1532,0.1315,0.1702,0.2928
285,Groundnut,0.3344,0.9601753438484569,0.8666816660785559,0.1793,0.2156,0.1221,0.1486,0.3344
286,Cotton,0.318,0.9322176113532452,0.6949198603277087,0.091,0.318,0.1699,0.121,0.3
287,Cotton,0.8515,0.3020508457187939,1.130675773159731,0.0018,0.8515,0.1304,0.0017,0.0145
288,Cotton,0.4273,0.8452983659052574,1.0324472588502414,0.0465,0.4273,0.2968,0.0971,0.1322
289,Cotton,0.858,0.3425896596823805,0.7146020961714964,0.0078,0.858,0.0811,0.008,0.0451
290,Cotton,0.9744,0.08506077640924706,0.3900212332936325,0.0003,0.9744,0.0175,0.0002,0.0075
291,Cotton,0.3317,0.9175471135986889,0.7931582466065988,0.0504,0.3317,0.2296,0.1419,0.2465
292,Cotton,0.9708,0.09151047353077169,0.37544426027655475,0.0002,0.9708,0.0238,0.0001,0.0051
293,Groundnut,0.2367,0.9940880332393373,1.1399628636723595,0.1863,0.2245,0.1605,0.1919,0.2367
294,Cotton,0.9794,0.0691471855054922,0.37719586576277614,0.0001,0.9794,0.017,0.0001,0.0035
295,Groundnut,0.3394,0.9485479679132531,0.9539970675307493,0.1834,0.2123,0.0872,0.1778,0.3394
296,Cotton,0.5423,0.801360024680117,0.8661867926103122,0.0909,0.5423,0.1119,0.0666,0.1883
297,Groundnut,0.2696,0.9750258364566577,0.8610121669118275,0.2281,0.141,0.1277,0.2336,0.2696
298,Rice,0.3481,0.8352604568656217,0.46496583957700616,0.3481,0.0471,0.0396,0.3331,0.2321
299,Cotton,0.3707,0.9140846606094888,0.8990651734025203,0.1605,0.3707,0.2609,0.0695,0.1385
300,Cotton,0.7474,0.47042439162880295,1.1856467462209408,0.0196,0.7474,0.1942,0.0067,0.0322
301,Rice,0.3407,0.9017039695660574,0.4805584738120338,0.3407,0.0566,0.1045,0.2898,0.2085
302,Bajra,0.282,0.9855271121000428,0.9416056343654685,0.1929,0.1529,0.1709,0.282,0.2013
303,Cotton,0.5091,0.7688423055556384,1.0873891180181083,0.046,0.5091,0.2862,0.054,0.1048
304,Cotton,0.4289,0.8930842757828531,0.7295023130288695,0.141,0.4289,0.1296,0.0779,0.2226
305,Rice,0.2511,0.9878819498494987,0.7005601285664644,0.2511,0.2287,0.16,0.1497,0.2105
306,Cotton,0.4012,0.8032480396291521,0.9024648343467854,0.0149,0.4012,0.3467,0.0858,0.1513
307,Groundnut,0.2557,0.988299283015061,0.9160453279188452,0.1967,0.2295,0.1679,0.1501,0.2557
308,Groundnut,0.4105,0.8495604999043138,0.5047203163710581,0.1056,0.0895,0.0681,0.3263,0.4105
309,Groundnut,0.4645,0.8397111321491598,0.5784932645941699,0.2074,0.1003,0.0372,0.1906,0.4645
310,Rice,0.317,0.9300498650662232,0.53716683942184,0.317,0.096,0.089,0.2477,0.2504
311,Cotton,0.4824,0.7361667240618441,1.1598987027177803,0.0371,0.4824,0.3555,0.0482,0.0768
312,Bajra,0.3127,0.9393887292414294,0.6994838714485476,0.0824,0.1218,0.2372,0.3127,0.2459
313,Cotton,0.2614,0.9870916069051197,0.8001480335525633,0.2299,0.2614,0.1716,0.1472,0.1899
314,Cotton,0.6445,0.5170466275653361,1.3734946922107245,0.013,0.6445,0.3091,0.0061,0.0274
315,Groundnut,0.3301,0.9201547233982958,0.753867529265542,0.2716,0.1827,0.0525,0.1631,0.3301
316,Cotton,0.6741,0.5812149967293204,1.0626570669634274,0.0195,0.6741,0.2248,0.0285,0.0531
317,Groundnut,0.3321,0.9122454681288944,0.643332129779936,0.2305,0.091,0.0731,0.2733,0.3321
318,Maize,0.5621,0.6834260886120558,0.9441248822770413,0.0215,0.2986,0.5621,0.0522,0.0655
319,Cotton,0.4006,0.8434356841803808,0.8364404091530269,0.0469,0.4006,0.3137,0.0671,0.1717
320,Cotton,0.9758,0.08064643833267579,0.39998759649262167,0.0002,0.9758,0.0181,0.0002,0.0058
321,Cotton,0.6238,0.6409345612869083,0.8683106428037122,0.0147,0.6238,0.228,0.0285,0.105
322,Cotton,0.4384,0.8977945464759551,0.7490135880089672,0.143,0.4384,0.1482,0.0855,0.1849
323,Bajra,0.33,0.9278164829168077,0.6525103406243896,0.2033,0.0596,0.1532,0.33,0.2539
324,Maize,0.6654,0.5549134648393595,0.9146196347582652,0.007,0.2544,0.6654,0.0261,0.0471
325,Cotton,0.7942,0.41110152099426067,0.550406481872948,0.0106,0.7942,0.0322,0.0055,0.1576
326,Maize,0.7516,0.5071040054717596,0.6250007533766933,0.0049,0.1455,0.7516,0.0542,0.0438
327,Groundnut,0.4402,0.8083885307472063,0.40372646325340605,0.1984,0.0384,0.0441,0.2789,0.4402
328,Rice,0.3358,0.8638191259575723,0.4584782482238777,0.3358,0.054,0.0522,0.271,0.287
329,Bajra,0.3432,0.9152612292392771,0.6329280088818432,0.1469,0.0813,0.1232,0.3432,0.3055
330,Groundnut,0.5035,0.8253080378490248,0.5443727152018609,0.0888,0.112,0.0704,0.2253,0.5035
331,Groundnut,0.3967,0.8788281041205477,0.5382607193876023,0.1259,0.0863,0.0877,0.3034,0.3967
332,Bajra,0.2582,0.9904257169157511,0.9578318514797403,0.1535,0.183,0.2164,0.2582,0.1888
333,Bajra,0.309,0.9538370036359076,0.7143017537774581,0.1567,0.092,0.1878,0.309,0.2544
334,Cotton,0.4102,0.8126154580988091,0.5402664386494357,0.0958,0.4102,0.0641,0.0627,0.3672
335,Rice,0.4674,0.7335976780054645,0.4986212102816808,0.4674,0.026,0.037,0.3616,0.1081
336,Groundnut,0.2504,0.9942280987292026,0.7287531895848062,0.185,0.1749,0.2092,0.1805,0.2504
337,Groundnut,0.3919,0.8823608730237528,0.7329454507357447,0.0815,0.3022,0.0915,0.1329,0.3919
338,Groundnut,0.3785,0.9332380479856441,0.6730830620209445,0.1757,0.1533,0.0914,0.2011,0.3785
339,Groundnut,0.5328,0.7876740541660326,0.46926910043561143,0.1682,0.0795,0.0362,0.1833,0.5328
340,Rice,0.4769,0.8496813956147288,0.569595130423291,0.4769,0.0931,0.0701,0.1374,0.2224
341,Groundnut,0.2388,0.9947090495038134,0.9179690442175137,0.209,0.204,0.1595,0.1887,0.2388
342,Cotton,0.288,0.9797205146089902,0.7697666885465642,0.2273,0.288,0.1655,0.1422,0.177
343,Groundnut,0.2445,0.9883119157530754,0.9208120704420882,0.2245,0.2221,0.1486,0.1602,0.2445
344,Cotton,0.9781,0.07260445234451285,0.33745333218062035,0.0002,0.9781,0.018,0.0001,0.0036
345,Bajra,0.3734,0.8570102591905323,0.5857945310158524,0.3241,0.0349,0.0992,0.3734,0.1684
346,Bajra,0.3737,0.9177506121525335,0.612024802230068,0.1668,0.0586,0.1987,0.3737,0.2021
347,Groundnut,0.3916,0.909113890682428,0.5431549307514699,0.1511,0.088,0.1146,0.2547,0.3916
348,Bajra,0.3468,0.9171705340629994,0.5949878925362391,0.2219,0.0555,0.137,0.3468,0.2388
349,Rice,0.3093,0.9402325638848856,0.6011779126291453,0.3093,0.1389,0.0949,0.1582,0.2987
350,Groundnut,0.3356,0.9287949384881561,0.7914266224400468,0.0546,0.2105,0.2181,0.1812,0.3356
351,Cotton,0.3484,0.932758789210987,0.6429801830016398,0.1347,0.3484,0.1392,0.1033,0.2744
352,Groundnut,0.4198,0.7830209139439805,0.419726316653062,0.277,0.0458,0.0124,0.245,0.4198
353,Groundnut,0.4023,0.876788125768626,0.6052929143039742,0.1653,0.1124,0.049,0.271,0.4023
354,Bajra,0.3093,0.9361201016296726,0.7473108171657519,0.198,0.1397,0.0734,0.3093,0.2797
355,Groundnut,0.3907,0.8474794722662254,0.7915704528112443,0.1852,0.3101,0.0402,0.0737,0.3907
356,Groundnut,0.4543,0.8778641302875134,0.6745846903306063,0.0734,0.1476,0.1223,0.2024,0.4543
357,Groundnut,0.3703,0.8979126178296007,0.5805247846498152,0.0808,0.1073,0.1371,0.3044,0.3703
358,Groundnut,0.3053,0.9525864848066463,0.7764268877017594,0.0846,0.1995,0.1608,0.2498,0.3053
359,Groundnut,0.6113,0.7052040390600688,0.6758379746513764,0.1026,0.1801,0.0217,0.0844,0.6113
360,Cotton,0.2452,0.9908602529646929,0.7090447886248087,0.1718,0.2452,0.2049,0.1523,0.2258
361,Groundnut,0.3983,0.8559613854174772,0.4639641893876887,0.154,0.0557,0.0775,0.3145,0.3983
362,Groundnut,0.3878,0.8056527580417969,0.3878343815856191,0.1292,0.0426,0.0568,0.3836,0.3878
363,Cotton,0.3749,0.8761465119966755,0.862212902068448,0.034,0.3749,0.2886,0.1311,0.1714
364,Groundnut,0.2747,0.9541841369020202,0.904040347017076,0.0749,0.2491,0.1719,0.2294,0.2747
365,Bajra,0.3403,0.956019373375968,0.7873374244396165,0.1669,0.119,0.1503,0.3403,0.2235
366,Groundnut,0.2989,0.97051426441458,0.8234636532339141,0.1862,0.2266,0.113,0.1753,0.2989
367,Bajra,0.3266,0.9460137294131205,0.7364709206422094,0.1265,0.1415,0.2774,0.3266,0.128
368,Groundnut,0.3361,0.960297430133983,0.8128946471988029,0.1571,0.2066,0.1184,0.1817,0.3361
369,Cotton,0.6325,0.6595554451787313,0.9013452527302781,0.0331,0.6325,0.2169,0.0408,0.0767
370,Cotton,0.6427,0.6850886900014107,0.8915707603845092,0.0674,0.6427,0.167,0.044,0.0789
371,Cotton,0.4229,0.8934417814544446,0.7749518874576835,0.0702,0.4229,0.1607,0.1251,0.2211
372,Cotton,0.4731,0.8677867472649368,0.6840347098121057,0.1021,0.4731,0.1192,0.1008,0.2048
373,Groundnut,0.4011,0.8492020585110173,0.4648960983801394,0.1435,0.0564,0.0751,0.3238,0.4011
374,Groundnut,0.4004,0.9323514935844183,0.7774465633563964,0.1521,0.1718,0.1245,0.1512,0.4004
375,Rice,0.3587,0.9336598738875762,0.5648057640162565,0.3587,0.1166,0.095,0.2105,0.2192
376,Cotton,0.4897,0.8110169539825723,0.7801019320431375,0.0602,0.4897,0.2197,0.0461,0.1843
377,Rice,0.3675,0.9357815720496974,0.5967172943709192,0.3675,0.1529,0.0895,0.1727,0.2174
378,Cotton,0.8355,0.350373386811992,0.5112441845928581,0.0062,0.8355,0.0242,0.0054,0.1288
379,Cotton,0.3585,0.9278596557114944,0.7920013477931783,0.0779,0.3585,0.1485,0.251,0.1641
380,Cotton,0.7657,0.4598828452035927,1.025196519812927,0.0126,0.7657,0.1748,0.021,0.0259
381,Groundnut,0.3718,0.8849127192029722,0.5451906139297178,0.1948,0.0969,0.0521,0.2844,0.3718
382,Cotton,0.3753,0.905193328236156,0.5943722371266348,0.0932,0.3753,0.1174,0.1223,0.2918
383,Cotton,0.2823,0.9587894470412368,0.874526606040928,0.1019,0.2823,0.1533,0.1802,0.2823
384,Cotton,0.2823,0.9587894470412368,0.874526606040928,0.1019,0.2823,0.1533,0.1802,0.2823
385,Cotton,0.2823,0.9587894470412368,0.9154823975084099,0.1019,0.2823,0.1533,0.1802,0.2823
386,Rice,0.993,0.03159559594998996,0.09426917555672833,0.993,0.0018,0.0015,0.0017,0.0019
387,Rice,0.9945,0.024409793331593283,0.059064865548846164,0.9945,0.0003,0.0001,0.0027,0.0024
388,Cotton,0.6084,0.5344532159968522,0.7831104324533609,0.0173,0.6084,0.0111,0.0174,0.3458
389,Cotton,0.2823,0.9587894470412368,0.8504349640012328,0.1019,0.2823,0.1533,0.1802,0.2823
390,Cotton,0.2823,0.9587894470412368,0.9757115026076472,0.1019,0.2823,0.1533,0.1802,0.2823
391,Cotton,0.2823,0.9587894470412368,0.8504349640012328,0.1019,0.2823,0.1533,0.1802,0.2823
392,Cotton,0.2823,0.9587894470412368,0.8504349640012328,0.1019,0.2823,0.1533,0.1802,0.2823
393,Cotton,0.2823,0.9587894470412368,0.8504349640012328,0.1019,0.2823,0.1533,0.1802,0.2823
394,Cotton,0.2823,0.9587894470412368,0.8504349640012328,0.1019,0.2823,0.1533,0.1802,0.2823
395,Cotton,0.2823,0.9587894470412368,0.8504349640012328,0.1019,0.2823,0.1533,0.1802,0.2823
396,Cotton,0.2823,0.9587894470412368,0.8504349640012328,0.1019,0.2823,0.1533,0.1802,0.2823
397,Cotton,0.2823,0.9587894470412368,0.8504349640012328,0.1019,0.2823,0.1533,0.1802,0.2823
398,Cotton,0.2823,0.9587894470412368,0.8504349640012328,0.1019,0.2823,0.1533,0.1802,0.2823
399,Cotton,0.2823,0.9587894470412368,0.8504349640012328,0.1019,0.2823,0.1533,0.1802,0.2823
400,Cotton,0.2823,0.9587894470412368,0.8504349640012328,0.1019,0.2823,0.1533,0.1802,0.2823
401,Cotton,0.2823,0.9587894470412368,0.8504349640012328,0.1019,0.2823,0.1533,0.1802,0.2823
402,Cotton,0.2823,0.9587894470412368,0.8504349640012328,0.1019,0.2823,0.1533,0.1802,0.2823
403,Cotton,0.2823,0.9587894470412368,0.8504349640012328,0.1019,0.2823,0.1533,0.1802,0.2823
404,Cotton,0.2823,0.9587894470412368,0.8504349640012328,0.1019,0.2823,0.1533,0.1802,0.2823
405,Cotton,0.2823,0.9587894470412368,0.8504349640012328,0.1019,0.2823,0.1533,0.1802,0.2823
406,Cotton,0.2823,0.9587894470412368,0.8504349640012328,0.1019,0.2823,0.1533,0.1802,0.2823
407,Cotton,0.2823,0.9587894470412368,0.7492500674345139,0.1019,0.2823,0.1533,0.1802,0.2823
408,Cotton,0.2823,0.9587894470412368,0.6336101856439785,0.1019,0.2823,0.1533,0.1802,0.2823
409,Cotton,0.2823,0.9587894470412368,0.9757115026076472,0.1019,0.2823,0.1533,0.1802,0.2823
410,Cotton,0.8536,0.3413165209728912,0.8922786376698189,0.0915,0.8536,0.0201,0.0,0.0348
411,Cotton,0.2823,0.9587894470412368,0.8504349640012328,0.1019,0.2823,0.1533,0.1802,0.2823
412,Cotton,0.2823,0.9587894470412368,0.8504349640012328,0.1019,0.2823,0.1533,0.1802,0.2823
413,Cotton,0.2823,0.9587894470412368,0.8504349640012328,0.1019,0.2823,0.1533,0.1802,0.2823
414,Cotton,0.2823,0.9587894470412368,0.8504349640012328,0.1019,0.2823,0.1533,0.1802,0.2823
415,Maize,0.491,0.6517128955930435,0.30603510189062244,0.0982,0.0074,0.491,0.3868,0.0166
416,Cotton,0.2823,0.9587894470412368,0.8504349640012328,0.1019,0.2823,0.1533,0.1802,0.2823
417,Cotton,0.2823,0.9587894470412368,0.8504349640012328,0.1019,0.2823,0.1533,0.1802,0.2823
418,Rice,0.987,0.052544327095032366,0.09502338256095237,0.987,0.0018,0.0008,0.0044,0.006
419,Cotton,0.7827,0.47021702655263037,0.6535148461067314,0.0124,0.7827,0.1049,0.0159,0.0841
420,Maize,0.3095,0.8925781479521226,0.43029693320534923,0.032,0.1338,0.3095,0.3076,0.2172
421,Groundnut,0.4668,0.8698605567433603,0.6769677062920421,0.1739,0.1811,0.0838,0.0945,0.4668
422,Bajra,0.3344,0.9398019138592201,0.679634647987119,0.0801,0.1396,0.2198,0.3344,0.2261
423,Maize,0.3816,0.8965863967984017,0.7277281185149208,0.0505,0.2578,0.3816,0.1766,0.1336
424,Groundnut,0.2931,0.9400086091202534,0.7553171457957083,0.1746,0.2136,0.0601,0.2586,0.2931
425,Cotton,0.8405,0.3786863769880366,0.5850555848534474,0.0064,0.8405,0.0651,0.0145,0.0735
426,Groundnut,0.4275,0.8681997522905072,0.7408356661619858,0.0811,0.1809,0.0639,0.2466,0.4275
427,Groundnut,0.3602,0.901560732615951,0.5855514148484114,0.1595,0.0916,0.085,0.3037,0.3602
428,Groundnut,0.3843,0.8095673356187248,0.4177911699686281,0.1769,0.0381,0.0437,0.357,0.3843
429,Cotton,0.6613,0.5706929198881124,0.8443216900864209,0.0052,0.6613,0.232,0.0175,0.0839
430,Cotton,0.5186,0.7709129761450647,0.6127328849379023,0.0388,0.5186,0.0868,0.0839,0.2718
431,Cotton,0.323,0.9435972453464735,0.6978464171885849,0.0747,0.323,0.1987,0.2398,0.1638
432,Bajra,0.4413,0.8191559362684951,0.655251451233019,0.1006,0.1132,0.0347,0.4413,0.3102
433,Groundnut,0.3778,0.8801349580159236,0.5321818699060393,0.2029,0.0746,0.0633,0.2814,0.3778
434,Cotton,0.7732,0.4936905731587981,0.7284839230008887,0.0138,0.7732,0.1112,0.0277,0.0742
435,Bajra,0.3137,0.924384104025364,0.8491482976106919,0.0471,0.1672,0.2461,0.3137,0.2259
436,Cotton,0.3979,0.8720077973701497,0.629538614395359,0.0599,0.3979,0.0982,0.144,0.2999
437,Cotton,0.344,0.8984900073650448,0.7837833582015021,0.0305,0.344,0.2159,0.1646,0.245
438,Cotton,0.3213,0.9169129223632104,0.7284259198978394,0.0384,0.3213,0.185,0.2351,0.2202
439,Maize,0.5592,0.7541484984081896,0.721249412047657,0.0195,0.1898,0.5592,0.0986,0.1328
440,Cotton,0.2849,0.9483231018722316,0.6670123927134692,0.0844,0.2849,0.1422,0.2059,0.2826
441,Groundnut,0.7031,0.6001351416867962,0.47874553032541206,0.0175,0.0956,0.0544,0.1294,0.7031
442,Groundnut,0.3684,0.8860330717923983,0.5213280172582141,0.1342,0.0882,0.0848,0.3244,0.3684
443,Bajra,0.4519,0.7908648741299561,0.5230215637909893,0.1111,0.0593,0.0433,0.4519,0.3344
444,Rice,0.9746,0.08809348003203223,0.1691622427774144,0.9746,0.0141,0.0009,0.0008,0.0096
445,Rice,0.9794,0.07697444489212193,0.18922910428668524,0.9794,0.0113,0.0045,0.0014,0.0034
446,Cotton,0.8898,0.24208860759638443,0.6580144534183255,0.0977,0.8898,0.0114,0.0,0.0011
447,Cotton,0.3429,0.9107994738980869,0.7148550004370781,0.086,0.3429,0.1146,0.1403,0.3162
448,Cotton,0.2823,0.9587894470412368,0.7010667833551242,0.1019,0.2823,0.1533,0.1802,0.2823
449,Cotton,0.2823,0.9587894470412368,0.7010667833551242,0.1019,0.2823,0.1533,0.1802,0.2823
450,Cotton,0.2823,0.9587894470412368,0.7010667833551242,0.1019,0.2823,0.1533,0.1802,0.2823
451,Cotton,0.2823,0.9587894470412368,0.7010667833551242,0.1019,0.2823,0.1533,0.1802,0.2823
452,Rice,0.9857,0.0565629226677265,0.11579781784610688,0.9857,0.0062,0.0009,0.0011,0.0062
453,Cotton,0.7139,0.42567350828003553,0.6759993198827912,0.2633,0.7139,0.0209,0.0001,0.0018
454,Bajra,0.3605,0.8956579841071943,0.5954071783995274,0.0915,0.1102,0.1132,0.3605,0.3246
455,Bajra,0.5974,0.6556914358762723,0.29315243210923997,0.0896,0.023,0.0252,0.5974,0.2648
456,Cotton,0.6585,0.6011988952292981,0.8085070005345509,0.0099,0.6585,0.2088,0.0251,0.0977
457,Cotton,0.4271,0.8606371879466386,0.6586571924178694,0.0477,0.4271,0.1341,0.1187,0.2724
458,Cotton,0.3717,0.902988122610577,0.5990430601321801,0.0951,0.3717,0.0784,0.1765,0.2783
459,Rice,0.5945,0.710062161176691,0.4713099051615325,0.5945,0.0716,0.0305,0.0815,0.2219
460,Groundnut,0.4046,0.8783424075375083,0.6200516796265797,0.0514,0.1346,0.1348,0.2746,0.4046
461,Rice,0.9912,0.037110342115093266,0.09995947726627849,0.9912,0.0006,0.0008,0.0052,0.0022
462,Maize,0.4517,0.7181347431893361,0.43190649421896987,0.1138,0.0172,0.4517,0.3843,0.0328
463,Rice,0.9544,0.13542029731782704,0.17050899594709168,0.9544,0.0136,0.0003,0.0007,0.0309
464,Cotton,0.2823,0.9587894470412368,0.7468409032305443,0.1019,0.2823,0.1533,0.1802,0.2823
465,Cotton,0.2823,0.9587894470412368,0.7010667833551242,0.1019,0.2823,0.1533,0.1802,0.2823
466,Bajra,0.297,0.93577043649518,0.9192251594671181,0.0746,0.2632,0.1221,0.297,0.243
467,Groundnut,0.4786,0.7802151889881147,0.36510510320740147,0.1,0.051,0.0536,0.3168,0.4786
468,Rice,0.99,0.04279947403930584,0.10176247718952999,0.99,0.0026,0.0009,0.0027,0.0038
469,Cotton,0.5966,0.7026081965708239,0.7680578837443159,0.0183,0.5966,0.1742,0.0511,0.1598
470,Cotton,0.377,0.9051523109368114,0.8075942023464385,0.0569,0.377,0.1545,0.258,0.1537
471,Cotton,0.6841,0.5972181343529175,0.9023388323067205,0.0129,0.6841,0.1658,0.0322,0.1051
472,Cotton,0.4364,0.8636266653098659,0.8196130773741086,0.0365,0.4364,0.22,0.1396,0.1675
473,Bajra,0.4288,0.8734501978068895,0.6594418894078053,0.0695,0.1308,0.1077,0.4288,0.2631
474,Cotton,0.7552,0.5091020853170282,0.6010151608170361,0.0205,0.7552,0.0936,0.0119,0.1189
475,Rice,0.3322,0.9424299798099678,0.5029690305794481,0.3322,0.1469,0.0856,0.1838,0.2516
476,Groundnut,0.3929,0.8110764157687155,0.4165929748175674,0.0773,0.0466,0.0998,0.3834,0.3929
477,Bajra,0.4495,0.7311163481532688,0.3135992578217176,0.2662,0.0163,0.0107,0.4495,0.2573
478,Bajra,0.4208,0.8852882405525839,0.5194133653097045,0.0912,0.0925,0.1369,0.4208,0.2586
479,Bajra,0.3841,0.8659092803177771,0.5934569870668394,0.0702,0.122,0.09,0.3841,0.3338
480,Groundnut,0.384,0.8781934650269831,0.6286430710528024,0.0904,0.1906,0.053,0.282,0.384
481,Bajra,0.416,0.9121425177046332,0.657328824266137,0.0952,0.1236,0.1777,0.416,0.1875
482,Cotton,0.7885,0.419242161081579,0.5362071100843401,0.0058,0.7885,0.0354,0.0099,0.1604
483,Maize,0.5029,0.709487843500312,0.6856469141202441,0.008,0.2014,0.5029,0.0215,0.2661
484,Cotton,0.4008,0.9082765450356856,0.7375149056019953,0.0629,0.4008,0.1687,0.201,0.1667
485,Cotton,0.4319,0.8880291089645189,0.711561004485224,0.0648,0.4319,0.1516,0.1385,0.2132
486,Rice,0.9816,0.07047795843570849,0.12564837582612992,0.9816,0.0014,0.0026,0.0062,0.0081
487,Bajra,0.4202,0.8242856670087182,0.4759618910418355,0.0843,0.1095,0.0476,0.4202,0.3385
488,Groundnut,0.482,0.745591046478451,0.33758141176930057,0.0797,0.0378,0.0529,0.3476,0.482
489,Bajra,0.4394,0.790323375651321,0.46062504336574256,0.0696,0.0475,0.0872,0.4394,0.3562
490,Groundnut,0.4418,0.8724723917915381,0.6369084207577181,0.0981,0.1872,0.063,0.2099,0.4418
491,Bajra,0.4093,0.8508747207593149,0.6397060377343194,0.1143,0.0897,0.0632,0.4093,0.3234
492,Cotton,0.483,0.8613610017132645,0.7540060041624524,0.0702,0.483,0.1343,0.1411,0.1715
493,Cotton,0.3281,0.9219616355425024,0.8034799318683441,0.0452,0.3281,0.2139,0.1814,0.2314
494,Cotton,0.3276,0.9145659296671637,0.7160508159663947,0.0573,0.3276,0.1228,0.2108,0.2813
495,Bajra,0.3888,0.9246966415448499,0.7338310294340863,0.1635,0.1604,0.0833,0.3888,0.204
496,Cotton,0.2806,0.9389967790647159,0.6241283182950862,0.0787,0.2806,0.1194,0.2654,0.2559
497,Cotton,0.3395,0.9116763131650082,0.7039459258675729,0.0514,0.3395,0.1861,0.1437,0.2794
498,Bajra,0.3647,0.8955838219810018,0.7289744531741252,0.0681,0.14,0.1182,0.3647,0.309
499,Bajra,0.5452,0.6390410097872533,0.31470148830473116,0.3212,0.0031,0.0164,0.5452,0.1141
500,Groundnut,0.3971,0.8727732684351692,0.8864798208212494,0.0372,0.2665,0.1214,0.1778,0.3971
501,Cotton,0.4402,0.8504820402573396,0.668082546176968,0.0444,0.4402,0.1322,0.1152,0.2679
502,Cotton,0.2501,0.9845270955440149,0.6340681748222251,0.1364,0.2501,0.1613,0.2169,0.2352
503,Bajra,0.294,0.9762266502463015,0.896968643696974,0.1236,0.1964,0.212,0.294,0.1741
504,Cotton,0.5056,0.8337489045042582,0.7202570982059925,0.0711,0.5056,0.1403,0.0892,0.1937
505,Bajra,0.3966,0.9323559213066395,0.808377480701259,0.1327,0.1515,0.1292,0.3966,0.1899
506,Bajra,0.4225,0.9108182926786202,0.732709340367227,0.1297,0.1956,0.1026,0.4225,0.1496
507,Bajra,0.4719,0.8795551657348379,0.7455174884264675,0.1599,0.1314,0.0968,0.4719,0.1401
508,Bajra,0.3599,0.8981808034317158,0.6195785205709765,0.0947,0.1197,0.1042,0.3599,0.3215
509,Bajra,0.4426,0.8643608489779235,0.5685137299074595,0.1712,0.0563,0.0976,0.4426,0.2324
510,Cotton,0.583,0.745531478403516,0.6319648385953829,0.035,0.583,0.1006,0.0953,0.1861
511,Maize,0.4884,0.600397095082699,1.0396335742449345,0.0092,0.4399,0.4884,0.0193,0.0432
512,Cotton,0.3536,0.8976230272751585,0.6926086002890898,0.0376,0.3536,0.2191,0.1389,0.2508
513,Bajra,0.3556,0.9474167532594847,0.6671994030836619,0.212,0.111,0.1377,0.3556,0.1837
514,Groundnut,0.2684,0.9701226864554529,0.9182446280623373,0.2049,0.2211,0.0928,0.2127,0.2684
515,Cotton,0.4838,0.8680165382937077,0.7326988288909604,0.0856,0.4838,0.1438,0.1353,0.1514
516,Bajra,0.3331,0.9484715540289265,0.8344742894956059,0.1813,0.1749,0.0853,0.3331,0.2254
517,Cotton,0.8048,0.36464088855618204,0.958114325663235,0.0008,0.8048,0.1667,0.0025,0.0252
518,Bajra,0.3711,0.8207447690957058,0.5619804581005649,0.1571,0.0227,0.0843,0.3711,0.3648
519,Cotton,0.6409,0.643491594419219,0.7827284543666716,0.0173,0.6409,0.1531,0.0275,0.1612
520,Cotton,0.4606,0.8161509037866942,0.7063741297099418,0.0395,0.4606,0.1608,0.0668,0.2722
521,Cotton,0.3756,0.9228858580879711,0.7862458540313852,0.0762,0.3756,0.2062,0.1338,0.2081
522,Cotton,0.2612,0.9879498945136177,0.7489797835428245,0.1391,0.2612,0.2065,0.1888,0.2044
523,Cotton,0.7772,0.4339276895979362,0.5402580959772654,0.0113,0.7772,0.0285,0.0103,0.1727
524,Groundnut,0.6073,0.7089069453963613,0.6432230530999333,0.1333,0.158,0.0169,0.0846,0.6073
525,Bajra,0.2584,0.9730946713158406,0.8512293527628478,0.2256,0.0971,0.222,0.2584,0.1969
526,Groundnut,0.4808,0.791661710602114,0.7638322327705586,0.0828,0.2935,0.0337,0.1091,0.4808
527,Groundnut,0.577,0.762004232564542,0.5225326364765901,0.1357,0.1067,0.036,0.1446,0.577
528,Groundnut,0.5749,0.739911265088811,0.4051719821610297,0.0977,0.0794,0.0336,0.2145,0.5749
529,Cotton,0.4467,0.8276301110074892,0.6246724515785635,0.0824,0.4467,0.0601,0.1035,0.3074
530,Groundnut,0.3738,0.9108477374876657,0.7151518269986595,0.2381,0.2073,0.0707,0.1101,0.3738
531,Groundnut,0.3235,0.9224730986029475,0.89808288811033,0.0571,0.2709,0.2081,0.1404,0.3235
532,Maize,0.3787,0.855800518729884,0.7302344937155575,0.0231,0.3084,0.3787,0.1454,0.1444
533,Cotton,0.7476,0.5003664444968492,0.8036684886540916,0.0057,0.7476,0.1461,0.0174,0.0832
534,Bajra,0.4522,0.8143415041322809,0.45167241636636635,0.1324,0.0476,0.0648,0.4522,0.303
535,Cotton,0.4479,0.8512362435305841,0.6203074490971321,0.0504,0.4479,0.0898,0.1665,0.2454
536,Groundnut,0.628,0.6623400048834945,0.5943894169930676,0.0112,0.1046,0.0592,0.197,0.628
537,Groundnut,0.4116,0.8714103510887538,0.5787088399610597,0.1797,0.1028,0.0477,0.2583,0.4116
538,Bajra,0.4471,0.7170664705981388,0.40576951307108666,0.1779,0.0075,0.0217,0.4471,0.3458
539,Cotton,0.6023,0.712965303165268,0.8295984930056987,0.0264,0.6023,0.1922,0.0736,0.1054
540,Cotton,0.4458,0.8546559241179207,0.932836946149969,0.0328,0.4458,0.2124,0.1332,0.1759
541,Cotton,0.3129,0.9219963465727611,0.6800905829973443,0.1663,0.3129,0.0511,0.2844,0.1854
542,Cotton,0.4003,0.833077214809743,0.6295557698720223,0.0444,0.4003,0.0955,0.1113,0.3484
543,Cotton,0.5087,0.7566349056713745,0.6787291461064623,0.0197,0.5087,0.1333,0.0621,0.2762
544,Groundnut,0.3575,0.9274618718822417,0.7989740101397573,0.0615,0.1944,0.202,0.1847,0.3575
545,Maize,0.3042,0.9550587013763958,0.6266746423221012,0.0815,0.1773,0.3042,0.2296,0.2073
546,Cotton,0.9424,0.15733474463912858,0.3996561700956563,0.0002,0.9424,0.0451,0.0003,0.0121
547,Groundnut,0.5824,0.7462836296105221,0.49348894121924286,0.0668,0.124,0.043,0.1838,0.5824
548,Groundnut,0.434,0.8735287832786378,0.5209228558411628,0.1068,0.105,0.0897,0.2646,0.434
549,Cotton,0.3648,0.909354035752198,0.6532077045763118,0.078,0.3648,0.0997,0.186,0.2715
550,Rice,0.4443,0.8712684270908985,0.5674134812669378,0.4443,0.1132,0.0607,0.1541,0.2277
551,Bajra,0.4515,0.8340527266016572,0.6701490724831046,0.2222,0.0507,0.0587,0.4515,0.2169
552,Bajra,0.5404,0.7051561240744356,0.35790659988254897,0.168,0.0174,0.0223,0.5404,0.252
553,Bajra,0.4264,0.8664350732120296,0.6165229222604599,0.1219,0.0633,0.1111,0.4264,0.2772
554,Bajra,0.4015,0.9098387606512264,0.6511628516133177,0.158,0.0806,0.1304,0.4015,0.2295
555,Groundnut,0.3905,0.7743085312431923,0.3564322560703066,0.1595,0.0288,0.0347,0.3865,0.3905
556,Cotton,0.972,0.08855823834394247,0.32851242567944366,0.0002,0.972,0.023,0.0002,0.0046
557,Cotton,0.9553,0.1292332606375114,0.44288202656340897,0.0005,0.9553,0.0361,0.0004,0.0077
558,Bajra,0.3784,0.8663745821700373,0.6648693244171358,0.13,0.0683,0.0864,0.3784,0.3369
559,Maize,0.4922,0.5099106561158004,1.264946097875888,0.0083,0.4826,0.4922,0.01,0.0069
560,Bajra,0.3875,0.9120810630793207,0.6370554583931451,0.1927,0.0629,0.1463,0.3875,0.2106
561,Cotton,0.4778,0.5818980518155304,1.2837588075165893,0.0181,0.4778,0.4647,0.0213,0.0182
562,Cotton,0.6078,0.5161142577279123,1.3757219231429678,0.0063,0.6078,0.3537,0.0076,0.0247
563,Cotton,0.6119,0.6031357679170704,1.1828993788931088,0.0288,0.6119,0.3007,0.0268,0.0318
564,Cotton,0.4034,0.8804939866051489,0.6641523312885896,0.0552,0.4034,0.1352,0.1298,0.2764
565,Cotton,0.5565,0.797356992074477,0.8265044520957185,0.0651,0.5565,0.1264,0.1032,0.1488
566,Cotton,0.301,0.9707485645185058,0.7690144782550171,0.1113,0.301,0.1781,0.1993,0.2102
567,Cotton,0.3348,0.93397711700427,0.669515495750479,0.0772,0.3348,0.1652,0.1547,0.2681
568,Cotton,0.7638,0.47816747656046027,0.940893158499516,0.0073,0.7638,0.156,0.0254,0.0475
569,Groundnut,0.4061,0.8867855802633232,0.8588926708036674,0.1627,0.264,0.0767,0.0904,0.4061
570,Cotton,0.9607,0.11610101203860426,0.4028539739924123,0.0002,0.9607,0.0317,0.0002,0.0072
571,Groundnut,0.3914,0.8996197090615538,0.7245475415176019,0.0519,0.2109,0.136,0.2098,0.3914
572,Cotton,0.3868,0.9186033331890602,1.114873733492498,0.0984,0.3868,0.2476,0.1239,0.1434
573,Groundnut,0.4215,0.8590721545891722,0.858294849502784,0.1314,0.2914,0.0582,0.0975,0.4215
574,Cotton,0.727,0.5021700341375889,0.547160096248137,0.0135,0.727,0.0401,0.0157,0.2037
575,Groundnut,0.2811,0.9664748323680756,0.7958645029418895,0.0912,0.196,0.2021,0.2295,0.2811
576,Groundnut,0.2644,0.9695565003578512,0.8087850801776947,0.1267,0.2321,0.1261,0.2507,0.2644
577,Cotton,0.8298,0.3664500561132398,0.7208867825076212,0.0064,0.8298,0.1284,0.01,0.0253
578,Cotton,0.4859,0.719849526441851,1.3453139513520835,0.0544,0.4859,0.3674,0.0559,0.0363
579,Cotton,0.5145,0.588031328499916,1.395037844729379,0.0148,0.5145,0.4229,0.0266,0.0212
580,Cotton,0.5156,0.804145533657189,0.8092017507137955,0.0565,0.5156,0.0983,0.0934,0.2362
581,Cotton,0.5708,0.7837627913306382,0.8227006149249043,0.0762,0.5708,0.0909,0.1047,0.1573
582,Cotton,0.8866,0.2745247908840167,0.6304218526863475,0.0015,0.8866,0.0754,0.0027,0.0338
583,Groundnut,0.6122,0.7132867055418515,0.5805768983392017,0.0734,0.1662,0.0301,0.118,0.6122
584,Maize,0.4761,0.5998320482680775,1.2607700185253983,0.0218,0.4568,0.4761,0.0261,0.0191
585,Cotton,0.8888,0.26248751339953913,0.9007967037030403,0.0039,0.8888,0.0907,0.0052,0.0114
586,Bajra,0.4407,0.8616983499810337,0.6483910784422627,0.1549,0.0749,0.0752,0.4407,0.2542
587,Cotton,0.6884,0.6122248998895483,0.8448264051384647,0.029,0.6884,0.1562,0.0346,0.0918
588,Bajra,0.3761,0.8579636750075991,0.6692390717394401,0.0838,0.1305,0.0619,0.3761,0.3477
589,Bajra,0.7241,0.4924959912608881,0.27187204478759336,0.19,0.0029,0.0054,0.7241,0.0775
590,Cotton,0.6094,0.7221520479982476,0.6321526219247927,0.0348,0.6094,0.1188,0.0768,0.1602
591,Cotton,0.3086,0.9251585314551743,0.5769120644421507,0.1259,0.3086,0.0627,0.226,0.2767
592,Cotton,0.347,0.8309471327360406,0.6833345820089809,0.0134,0.347,0.2934,0.0785,0.2676
593,Groundnut,0.4108,0.8572060452260054,0.6585945254632183,0.0189,0.2288,0.1889,0.1526,0.4108
594,Cotton,0.9741,0.08357802927502209,0.33603026957514087,0.0002,0.9741,0.0207,0.0001,0.0049
595,Cotton,0.9431,0.15361363272846817,0.6293036359586247,0.0005,0.9431,0.048,0.0005,0.008
596,Groundnut,0.328,0.9492200270630773,0.784567436855758,0.1,0.2371,0.1309,0.2042,0.328
597,Cotton,0.3866,0.9035469907850386,0.8527869287248503,0.0768,0.3866,0.2344,0.0949,0.2072
598,Cotton,0.2537,0.9699183485105892,0.6939279178754416,0.0898,0.2537,0.2023,0.2271,0.2272
599,Cotton,0.3045,0.9368477213177917,0.8101095651262784,0.0665,0.3045,0.273,0.1532,0.2029
600,Cotton,0.5107,0.8028302202706645,0.6773641363547562,0.0525,0.5107,0.1411,0.0665,0.2292
601,Bajra,0.2655,0.9810743937069237,0.932302532493411,0.1503,0.2209,0.1368,0.2655,0.2265
602,Cotton,0.7399,0.5182196944001072,0.8244214806099869,0.009,0.7399,0.159,0.0282,0.0639
603,Cotton,0.2451,0.9701674056534033,0.661020883185956,0.0899,0.2451,0.2288,0.2361,0.2001
604,Cotton,0.3826,0.9072820695314509,0.7253169742705765,0.0624,0.3826,0.1854,0.1292,0.2404
605,Cotton,0.7479,0.5243562583449586,0.743831089021421,0.0288,0.7479,0.1315,0.0135,0.0784
606,Bajra,0.4239,0.7923414766574602,0.4645402015014652,0.1987,0.0388,0.0284,0.4239,0.3102
607,Groundnut,0.5067,0.8265995485136155,0.6474076427917006,0.0897,0.2099,0.0654,0.1284,0.5067
608,Cotton,0.6301,0.5537588398366075,1.135043097063679,0.0039,0.6301,0.3016,0.0207,0.0437
609,Groundnut,0.3927,0.8907169586676991,0.8825680457693195,0.084,0.2916,0.121,0.1106,0.3927
610,Cotton,0.6244,0.6848187065099435,0.6903900437849326,0.0372,0.6244,0.115,0.0381,0.1854
611,Maize,0.3851,0.8918233863880052,0.43819467956347813,0.0868,0.0745,0.3851,0.1775,0.2762
612,Cotton,0.6697,0.6434024898918606,0.7481088759207644,0.0428,0.6697,0.1276,0.0294,0.1305
613,Cotton,0.4357,0.8995579039273129,0.7858825413985241,0.0975,0.4357,0.1616,0.1148,0.1904
614,Cotton,0.5884,0.7186405961079622,0.9300937348109147,0.0461,0.5884,0.2085,0.0364,0.1207
615,Cotton,0.9618,0.11221499690439547,0.4461348138668524,0.0003,0.9618,0.0321,0.0002,0.0055
616,Groundnut,0.4432,0.8396828225704348,0.46899958157685073,0.1632,0.0603,0.0615,0.2718,0.4432
617,Cotton,0.3104,0.9074761921082904,0.6520355054488914,0.0415,0.3104,0.1696,0.1706,0.308
618,Groundnut,0.3154,0.9497705261600397,0.7393517857543723,0.1108,0.1855,0.1212,0.2671,0.3154
619,Cotton,0.4938,0.8465106547709854,0.8060660972213652,0.0569,0.4938,0.1694,0.1333,0.1466
620,Bajra,0.3773,0.8957205895946339,0.5937734200037461,0.1549,0.1043,0.0723,0.3773,0.2912
621,Cotton,0.5108,0.7987780135591809,0.7760563659612861,0.0217,0.5108,0.1833,0.1125,0.1717
622,Groundnut,0.3393,0.9400683945135647,0.6605264069934469,0.1172,0.1252,0.1455,0.2728,0.3393
623,Bajra,0.3159,0.9317525371907087,0.7170626906623325,0.0748,0.148,0.167,0.3159,0.2943
624,Groundnut,0.4365,0.8770781849511147,0.6207630963635702,0.0987,0.1407,0.0791,0.245,0.4365
625,Cotton,0.6756,0.6395627045365615,0.7850353199428702,0.0287,0.6756,0.1214,0.0474,0.1269
626,Cotton,0.5053,0.808668256230208,0.7497784085592227,0.0448,0.5053,0.1853,0.0704,0.1942
627,Groundnut,0.3025,0.9447203140531322,0.6282041717832404,0.2265,0.1404,0.0782,0.2524,0.3025
628,Cotton,0.344,0.8992723111711656,0.7831741131614813,0.0387,0.344,0.2523,0.1324,0.2326
629,Maize,0.3515,0.9213176425061979,0.6312759338365224,0.0564,0.1703,0.3515,0.2427,0.1791
630,Cotton,0.2791,0.950085217456743,0.7189760698021458,0.0696,0.2791,0.1958,0.2639,0.1916
631,Cotton,0.3873,0.9028869218670923,0.7495071364189271,0.0533,0.3873,0.207,0.138,0.2144
632,Bajra,0.3405,0.9325890803823444,0.6919080410770713,0.0946,0.1268,0.1601,0.3405,0.278
633,Bajra,0.392,0.8291204604448722,0.5493893000553379,0.2953,0.0319,0.0562,0.392,0.2246
634,Bajra,0.3585,0.80751012989102,0.5388012823150293,0.3474,0.026,0.0422,0.3585,0.226
635,Bajra,0.4791,0.8301008347204609,0.526915112700023,0.0423,0.0912,0.2236,0.4791,0.1638
636,Cotton,0.3605,0.8843904821211453,0.6403431185423786,0.0955,0.3605,0.0909,0.1131,0.34
637,Bajra,0.4539,0.7950266058452089,0.42318575852930995,0.1018,0.0587,0.0531,0.4539,0.3325
638,Bajra,0.4608,0.7938505965698275,0.45211730350772217,0.1757,0.0507,0.0307,0.4608,0.282
639,Groundnut,0.4203,0.9015283143705977,0.6067279181026348,0.0725,0.1784,0.1367,0.192,0.4203
640,Bajra,0.2814,0.9664869505218854,0.8182138879351698,0.1936,0.1765,0.0983,0.2814,0.2502
641,Groundnut,0.3059,0.963994198304043,0.8458645732661377,0.1243,0.2195,0.1274,0.223,0.3059
642,Groundnut,0.4241,0.7723478628379514,0.9870650789499525,0.0473,0.3886,0.0523,0.0876,0.4241
643,Rice,0.371,0.9417331435835907,0.6334019201389404,0.371,0.1602,0.1012,0.1851,0.1824
644,Bajra,0.265,0.9774971761408647,0.9174502009281394,0.2552,0.1365,0.1455,0.265,0.1977
645,Cotton,0.9187,0.20797829749031257,0.6766250205948419,0.0013,0.9187,0.0627,0.0012,0.0161
646,Bajra,0.28,0.9592238709105876,0.726429775610036,0.1928,0.0961,0.156,0.28,0.2752
647,Cotton,0.7831,0.49677120863404134,0.5865598854036852,0.0292,0.7831,0.0756,0.0291,0.0831
648,Cotton,0.841,0.3659117640727995,0.620895416104207,0.0042,0.841,0.0657,0.0076,0.0815
649,Cotton,0.2702,0.9582724891409103,0.8465234906165994,0.079,0.2702,0.2568,0.2111,0.1829
650,Groundnut,0.3587,0.870644988680495,0.5253055598796503,0.1979,0.0619,0.0643,0.3172,0.3587
651,Bajra,0.423,0.8159576255836201,0.5111638245713351,0.2355,0.046,0.0347,0.423,0.2607
652,Cotton,0.2771,0.970475910422921,0.8429584953139619,0.1222,0.2771,0.2419,0.2223,0.1365
653,Cotton,0.2835,0.9784584739311085,0.7985264632202121,0.1204,0.2835,0.2122,0.1926,0.1912
654,Bajra,0.3363,0.9417057572457873,0.816765221056072,0.1076,0.1288,0.1589,0.3363,0.2683
655,Groundnut,0.4082,0.8718022444963878,0.5837005703744703,0.0884,0.1285,0.0778,0.2971,0.4082
656,Bajra,0.278,0.9557155688364198,0.7982234142242034,0.1043,0.1246,0.2177,0.278,0.2753
657,Bajra,0.4065,0.8193228282599346,0.42763488613459766,0.1241,0.0469,0.0679,0.4065,0.3547
658,Bajra,0.3469,0.8772916371001673,0.6496616890009794,0.1538,0.0909,0.0615,0.3469,0.3468
659,Cotton,0.4266,0.8718783742248135,0.7474895809872257,0.0511,0.4266,0.2076,0.1011,0.2137
660,Maize,0.2699,0.9550888136199391,0.5637510117227995,0.0773,0.1764,0.2699,0.2085,0.2678
661,Cotton,0.73,0.5371321543899528,0.8392514661639666,0.0143,0.73,0.1383,0.0172,0.1002
662,Cotton,0.9774,0.07538612310264368,0.386329621853766,0.0003,0.9774,0.018,0.0002,0.0041
663,Cotton,0.6264,0.6775907769925983,0.6266542586865611,0.0339,0.6264,0.0958,0.0432,0.2008
664,Groundnut,0.4219,0.8324823229399956,0.49351328435715835,0.2974,0.0898,0.0297,0.1612,0.4219
665,Cotton,0.7397,0.496868023163826,0.5670204307395083,0.0291,0.7397,0.024,0.0167,0.1905
666,Cotton,0.8222,0.32841980918797975,1.2238427967119307,0.0014,0.8222,0.1632,0.0019,0.0113
667,Cotton,0.7056,0.5752842633492586,0.6884370149436841,0.0169,0.7056,0.0941,0.0274,0.1561
668,Groundnut,0.2957,0.9343052662700847,0.6581258318900206,0.2027,0.1402,0.0693,0.2921,0.2957
669,Bajra,0.287,0.9176423113573479,0.7647719477195271,0.2644,0.1004,0.0658,0.287,0.2824
670,Bajra,0.4154,0.7973852482745178,0.5366791867263425,0.2182,0.0404,0.0262,0.4154,0.2999
671,Cotton,0.786,0.5009746893357999,0.5499753034151401,0.0461,0.786,0.0587,0.033,0.0762
672,Groundnut,0.6148,0.6926804995613518,0.3842486030341656,0.1029,0.0487,0.0329,0.2006,0.6148
673,Cotton,0.3391,0.9614374785707694,0.6352443900234264,0.1325,0.3391,0.1445,0.1998,0.1841
674,Bajra,0.2531,0.9760053714064901,0.8591090219914551,0.221,0.1011,0.2213,0.2531,0.2035
675,Groundnut,0.2765,0.9667838981124982,0.7267902330234784,0.1022,0.1709,0.1886,0.2619,0.2765
676,Groundnut,0.5891,0.6343404001198337,0.3024395556956315,0.0703,0.0197,0.0221,0.2988,0.5891
677,Groundnut,0.4724,0.8478932344798542,0.585509710097347,0.1706,0.0792,0.0657,0.2122,0.4724
678,Maize,0.4628,0.7062562970927286,0.9771044288242337,0.025,0.3992,0.4628,0.0427,0.0703
679,Cotton,0.7837,0.410757637254511,0.9379044920806036,0.0028,0.7837,0.1731,0.0082,0.0322
680,Cotton,0.4683,0.6439179657320403,1.1244742075112826,0.013,0.4683,0.4354,0.0326,0.0506
681,Cotton,0.9013,0.2567093482639939,0.4957072804147908,0.0029,0.9013,0.058,0.0044,0.0334
682,Cotton,0.6167,0.587466103620469,0.9924073377767829,0.0056,0.6167,0.2606,0.0038,0.1133
683,Cotton,0.2942,0.9676881277328783,0.7843612686905456,0.1081,0.2942,0.1871,0.2423,0.1683
684,Cotton,0.5262,0.8193337301053528,0.8170973589906065,0.0552,0.5262,0.1386,0.1179,0.1621
685,Groundnut,0.3595,0.9152356641804502,0.6421377179530775,0.2002,0.1894,0.0471,0.2038,0.3595
686,Groundnut,0.4533,0.8849245695009529,0.619912880087136,0.147,0.1233,0.0845,0.192,0.4533
687,Cotton,0.3498,0.933730912144485,0.6498600732495924,0.1495,0.3498,0.0878,0.1534,0.2595
688,Groundnut,0.3478,0.8921863423098004,0.48626770621841076,0.1664,0.0602,0.1047,0.3209,0.3478
689,Rice,0.5302,0.6974547004213218,0.3241125212324765,0.5302,0.0232,0.0119,0.1563,0.2783
690,Rice,0.4038,0.8913352345339427,0.6110797701907283,0.4038,0.1731,0.061,0.115,0.2471
691,Rice,0.3053,0.884641072693693,0.40786231391639494,0.3053,0.0482,0.08,0.2643,0.3022
692,Bajra,0.3491,0.8945646658905709,0.6152756424803973,0.2867,0.0532,0.0994,0.3491,0.2116
693,Cotton,0.3262,0.9343731574898754,0.7587802694372626,0.057,0.3262,0.1941,0.2061,0.2167
694,Cotton,0.9626,0.1138538421827393,0.4606349617233415,0.0007,0.9626,0.0289,0.0004,0.0073
695,Groundnut,0.3179,0.9331541053423349,0.9961599202344023,0.06,0.26,0.1733,0.1888,0.3179
696,Cotton,0.6967,0.5811149840685584,0.8294397836221133,0.02,0.6967,0.163,0.0205,0.0997
697,Cotton,0.6509,0.6525523959495971,0.9028968779401036,0.0351,0.6509,0.1883,0.0393,0.0864
698,Cotton,0.4439,0.8270967382297404,1.0485709352016903,0.0366,0.4439,0.2783,0.0764,0.1648
699,Groundnut,0.2414,0.9884482909276258,0.8716662250361245,0.2388,0.1753,0.142,0.2024,0.2414
700,Bajra,0.437,0.748146692608388,0.45737838859710533,0.275,0.016,0.0183,0.437,0.2536
701,Bajra,0.3536,0.9145552528355434,0.7106342005879557,0.2548,0.089,0.0842,0.3536,0.2184
702,Groundnut,0.3403,0.893972245623436,0.5899126474890034,0.2205,0.112,0.0433,0.2839,0.3403
703,Cotton,0.7553,0.523205193426708,0.8323299156069461,0.0282,0.7553,0.1293,0.0248,0.0625
704,Bajra,0.3536,0.8195193078003118,0.49149620848660625,0.2584,0.0332,0.0381,0.3536,0.3167
705,Cotton,0.8964,0.25944007607101344,0.6598268895098028,0.0017,0.8964,0.0717,0.0053,0.0249
706,Bajra,0.4143,0.90356625446173,0.6927706849901724,0.1304,0.0893,0.1332,0.4143,0.2327
707,Cotton,0.3337,0.9091079644409501,0.7747643656282339,0.0552,0.3337,0.2658,0.1121,0.2332
708,Groundnut,0.4488,0.8477540891397561,0.6889305690163647,0.2294,0.1901,0.0449,0.0868,0.4488
709,Groundnut,0.3778,0.9153578139157261,0.6324762060000637,0.1232,0.1331,0.0966,0.2693,0.3778
710,Cotton,0.6194,0.5461746608742235,1.4257536389546506,0.0135,0.6194,0.3263,0.021,0.0198
711,Cotton,0.6763,0.6379727427021815,0.7541719046178778,0.0246,0.6763,0.1047,0.0556,0.1389
712,Cotton,0.3875,0.9085808299227048,0.697888709533301,0.0778,0.3875,0.1958,0.1057,0.2331
713,Cotton,0.7365,0.5493092840048605,0.9318037028500726,0.0208,0.7365,0.1325,0.033,0.0773
714,Rice,0.3033,0.9252234395236156,0.48763203511839015,0.3033,0.1121,0.0679,0.261,0.2557
715,Cotton,0.5596,0.5130875752966545,1.3917092940261337,0.0033,0.5596,0.4085,0.006,0.0226
716,Groundnut,0.3088,0.95624543695497,0.7530427803250124,0.1032,0.2365,0.1333,0.2182,0.3088
717,Cotton,0.4112,0.9140107835889139,0.7884076097604269,0.0969,0.4112,0.1648,0.1233,0.2039
718,Bajra,0.2853,0.9626115095322076,0.9148675839184502,0.159,0.1637,0.1133,0.2853,0.2787
719,Cotton,0.51,0.693416936400048,1.374361068747743,0.0415,0.51,0.3611,0.0506,0.0369
720,Maize,0.4866,0.7132548625388031,1.2226231669182213,0.0419,0.3692,0.4866,0.0705,0.0318
721,Cotton,0.4953,0.651596462287075,1.38265704391446,0.0295,0.4953,0.4068,0.0346,0.0338
722,Cotton,0.6631,0.46830115355675894,1.4838277007557623,0.0044,0.6631,0.3114,0.0061,0.015
723,Cotton,0.821,0.3439512723791508,1.2215447935282033,0.003,0.821,0.1571,0.0031,0.0158
724,Cotton,0.6348,0.6721495102070579,1.1843370059257363,0.0633,0.6348,0.2031,0.0396,0.059
725,Groundnut,0.3578,0.9230802183500034,0.6894050823220643,0.2691,0.1294,0.0824,0.1614,0.3578
726,Cotton,0.3011,0.9567258849763915,0.8817664788750673,0.1015,0.3011,0.2691,0.1711,0.1572
727,Groundnut,0.6296,0.6337078471909451,0.6984038430796466,0.0924,0.229,0.0089,0.0401,0.6296
728,Bajra,0.3197,0.9088629266499338,0.5544097606163655,0.2079,0.056,0.115,0.3197,0.3015
729,Cotton,0.3457,0.8925231922563196,1.00966357917776,0.0788,0.3457,0.3411,0.1225,0.1118
730,Cotton,0.5334,0.5966313703515145,1.3887049481733051,0.0174,0.5334,0.3979,0.0241,0.0272
731,Groundnut,0.302,0.9131639992646429,0.9390218950073963,0.0484,0.2991,0.1338,0.2167,0.302
732,Cotton,0.8881,0.29816810049942266,0.6146588703456412,0.0088,0.8881,0.0573,0.0135,0.0323
733,Cotton,0.6156,0.5275108175207079,1.4476141042656119,0.0083,0.6156,0.34,0.0135,0.0226
734,Maize,0.6175,0.6267326113175751,0.9542372313962831,0.0158,0.2704,0.6175,0.0519,0.0444
735,Cotton,0.6505,0.5115099578925395,1.17419059806851,0.004,0.6505,0.3044,0.0181,0.023
736,Cotton,0.638,0.6484040003857542,0.921399254625846,0.0193,0.638,0.2002,0.0363,0.1063
737,Cotton,0.4524,0.8000322953256912,1.0257898257325835,0.0276,0.4524,0.3143,0.0887,0.117
738,Cotton,0.3534,0.9062066979491461,0.6514020301478044,0.0531,0.3534,0.1758,0.1376,0.2802
739,Cotton,0.5248,0.7517529264268352,0.6968458952908839,0.0205,0.5248,0.1749,0.0495,0.2302
740,Cotton,0.3588,0.9039973236576108,0.6748161192110311,0.0511,0.3588,0.1423,0.1714,0.2764
741,Rice,0.9881,0.049178673166133266,0.10990904494903445,0.9881,0.0023,0.0014,0.0037,0.0043
742,Cotton,0.9824,0.06461670034929629,0.34538858713029424,0.0108,0.9824,0.0052,0.0,0.0016
743,Groundnut,0.3021,0.9228232566494898,0.7523780060928277,0.0514,0.1933,0.1607,0.2925,0.3021
744,Bajra,0.4201,0.7882451722694901,0.4443532027873065,0.0788,0.0559,0.0636,0.4201,0.3817
745,Rice,0.9731,0.09188803535408059,0.18935309415882196,0.9731,0.0181,0.0016,0.0008,0.0065
746,Rice,0.852,0.29333404453573,0.47920617367004664,0.852,0.1355,0.0043,0.0004,0.0079
747,Rice,0.9906,0.04057375019674544,0.1026534193691911,0.9906,0.0012,0.0015,0.0038,0.0029
748,Groundnut,0.3885,0.864266433214538,0.5992906241311654,0.0638,0.116,0.1016,0.3302,0.3885
749,Groundnut,0.367,0.9069636979548193,0.6128277361097528,0.1714,0.1695,0.0472,0.2449,0.367
750,Groundnut,0.4307,0.874736804516713,0.6914499725432385,0.088,0.16,0.0738,0.2475,0.4307
751,Groundnut,0.3986,0.8593877144994522,0.8710064475150646,0.0622,0.3086,0.0713,0.1593,0.3986
752,Cotton,0.6393,0.6663073995453878,0.7998329395572811,0.0143,0.6393,0.1611,0.0637,0.1215
753,Cotton,0.4179,0.8676244432307175,0.7455617253182899,0.0345,0.4179,0.1424,0.1604,0.2448
754,Cotton,0.5338,0.7340841961280747,1.0506629250853796,0.0133,0.5338,0.2717,0.086,0.0952
755,Cotton,0.9592,0.11360048323341848,0.5249593528048704,0.0001,0.9592,0.0375,0.0001,0.0031
756,Cotton,0.6723,0.55376583461171,0.9791326225241778,0.0065,0.6723,0.2421,0.0228,0.0563
757,Groundnut,0.4342,0.8552898900896669,0.741069595247096,0.0491,0.2671,0.0982,0.1514,0.4342
758,Cotton,0.6751,0.6130100330484696,0.922252126177476,0.0134,0.6751,0.1582,0.0367,0.1166
759,Groundnut,0.2819,0.9319531038865208,0.8700212647476965,0.0727,0.2599,0.1148,0.2706,0.2819
760,Bajra,0.3071,0.9357945432110301,1.0943768068459923,0.0884,0.295,0.1187,0.3071,0.1907
761,Groundnut,0.3159,0.915498229903762,0.9226132274921934,0.0415,0.2301,0.2554,0.157,0.3159
762,Bajra,0.4135,0.8661761520887031,0.5324823534132,0.2133,0.0482,0.0861,0.4135,0.2389
763,Maize,0.3951,0.8258718673963761,0.8113214810579706,0.0189,0.3299,0.3951,0.103,0.1531
764,Groundnut,0.3394,0.9164300346120707,0.6593042676821252,0.1643,0.1376,0.0657,0.2929,0.3394
765,Groundnut,0.3331,0.9332959499258454,0.660210850292962,0.1184,0.1415,0.1133,0.2937,0.3331
766,Cotton,0.4091,0.8991386655738834,0.7457082810536805,0.0588,0.4091,0.1422,0.1967,0.1932
767,Groundnut,0.3639,0.9271432426120698,0.7109096953210665,0.1233,0.2305,0.083,0.1992,0.3639
768,Bajra,0.363,0.9008274598343489,0.7347755447282994,0.111,0.1254,0.0882,0.363,0.3123
769,Cotton,0.3435,0.9197414348103472,0.7025242755167509,0.0506,0.3435,0.2283,0.1598,0.2178
770,Cotton,0.5209,0.8159916438660022,0.6976539333026149,0.0543,0.5209,0.1014,0.1308,0.1926
771,Cotton,0.3824,0.9189510048017618,0.6526863776678788,0.1408,0.3824,0.1269,0.0964,0.2535
772,Cotton,0.5963,0.713442104516775,0.770559112439794,0.0318,0.5963,0.1807,0.0454,0.1458
773,Cotton,0.3313,0.9593761572399782,0.742224880018837,0.1451,0.3313,0.1196,0.2231,0.1809
774,Maize,0.416,0.8105178319721101,0.7563776742974874,0.0391,0.3473,0.416,0.065,0.1326
775,Groundnut,0.377,0.8373964807283794,0.4577421725499603,0.1822,0.0549,0.047,0.3389,0.377
776,Bajra,0.2961,0.9300812683931707,0.7892821331639152,0.1996,0.1536,0.0595,0.2961,0.2911
777,Bajra,0.3662,0.9125039499361209,0.6640292918328371,0.1812,0.0928,0.0904,0.3662,0.2694
778,Bajra,0.3322,0.9413762697612318,0.6545794582998747,0.1047,0.1163,0.1835,0.3322,0.2633
779,Bajra,0.3651,0.8940496895859261,0.5393213108728437,0.1797,0.0718,0.0875,0.3651,0.2959
780,Bajra,0.3383,0.9308457882578826,0.6802398754264085,0.2553,0.0734,0.1354,0.3383,0.1977
781,Groundnut,0.4073,0.8948817331385599,0.663878866335985,0.1914,0.2138,0.0558,0.1318,0.4073
782,Groundnut,0.2245,0.9958697684656768,0.8764826680556421,0.166,0.2099,0.1801,0.2196,0.2245
783,Cotton,0.4159,0.8768926389785133,0.6522263360646228,0.0521,0.4159,0.1408,0.1309,0.2602
784,Maize,0.274,0.9614784617293147,0.678339915523651,0.081,0.2249,0.274,0.1895,0.2307
785,Groundnut,0.3088,0.933830556175061,0.5578843672392347,0.2105,0.0905,0.1052,0.285,0.3088
786,Groundnut,0.4119,0.8948733430080011,0.5662950309232146,0.1796,0.1132,0.0683,0.227,0.4119
787,Bajra,0.3971,0.8169314230471413,0.47485238912292577,0.1301,0.0495,0.0585,0.3971,0.3649
788,Bajra,0.4078,0.8149130221608601,0.4998977511534594,0.1318,0.0755,0.0345,0.4078,0.3504
789,Cotton,0.4357,0.8234011984500881,0.6687184207475977,0.0438,0.4357,0.1214,0.0827,0.3164
790,Groundnut,0.3791,0.9329412469432816,0.7537846755475814,0.1488,0.2037,0.093,0.1754,0.3791
791,Groundnut,0.359,0.8827164604457113,0.6376783525351828,0.0395,0.1144,0.1925,0.2947,0.359
792,Bajra,0.3027,0.9611120210467671,1.0394270701366213,0.1474,0.1757,0.1134,0.3027,0.2608
793,Bajra,0.3245,0.9327494042340294,0.8022404922022067,0.1411,0.1421,0.0934,0.3245,0.2989
794,Bajra,0.2861,0.9857743430258277,0.8608199102091625,0.1736,0.17,0.1704,0.2861,0.1998
795,Maize,0.4834,0.6577985377541268,1.0419952042623095,0.0131,0.4066,0.4834,0.028,0.069
796,Cotton,0.4442,0.8055188840948688,0.6880748153898412,0.027,0.4442,0.093,0.1191,0.3167
797,Cotton,0.9284,0.20522776370578363,0.4862611599377707,0.0037,0.9284,0.0403,0.0044,0.0232
798,Cotton,0.466,0.7504993929530277,0.9986533825648305,0.0127,0.466,0.3259,0.0511,0.1442
799,Cotton,0.521,0.7922774488937641,0.5598234083178696,0.0739,0.521,0.0878,0.0682,0.249
800,Maize,0.426,0.8620242500620868,0.7165579881347973,0.0454,0.2627,0.426,0.1569,0.1091
801,Groundnut,0.4679,0.8272163782983906,0.4158205776130385,0.0834,0.0606,0.1102,0.278,0.4679
802,Maize,0.4246,0.8553641370343397,0.7121607506047023,0.0342,0.2409,0.4246,0.1967,0.1035
803,Bajra,0.2878,0.9414860608192147,0.9270284589213224,0.0796,0.2855,0.1312,0.2878,0.216
804,Bajra,0.5494,0.7936123238326714,0.4946041464963148,0.1092,0.0557,0.1045,0.5494,0.1812
805,Bajra,0.4261,0.7887998879360527,0.4434220427124032,0.0993,0.032,0.0778,0.4261,0.3648
806,Bajra,0.6244,0.5642594633139577,0.26640975849151105,0.0485,0.0036,0.0226,0.6244,0.301
807,Groundnut,0.454,0.7169839117770792,0.8709561581380586,0.022,0.393,0.0372,0.0938,0.454
808,Groundnut,0.3518,0.8845897645190637,0.9536863739119052,0.0507,0.3262,0.1173,0.1541,0.3518
809,Maize,0.331,0.93864219800783,0.5397660176255115,0.1096,0.1197,0.331,0.2819,0.1578
810,Cotton,0.3465,0.8946401347694538,0.7702042359124536,0.0447,0.3465,0.1991,0.1189,0.2908
811,Bajra,0.3813,0.896265380885149,0.6569305054403379,0.0949,0.1281,0.0978,0.3813,0.2979
812,Cotton,0.4495,0.8506989568580807,0.7823824890677398,0.0413,0.4495,0.1555,0.1123,0.2415
813,Cotton,0.3926,0.8668719023504865,0.9028135005079005,0.0286,0.3926,0.2639,0.1238,0.1911
814,Cotton,0.6625,0.5218524084637995,1.135259853076861,0.0034,0.6625,0.2815,0.023,0.0296
815,Bajra,0.6417,0.6273483388754252,0.29919752256612625,0.0575,0.0121,0.0609,0.6417,0.2277
816,Bajra,0.5159,0.7746377274761529,0.3986080206789684,0.1293,0.0296,0.0715,0.5159,0.2537
817,Cotton,0.3033,0.9379577300620251,0.5730444735261393,0.0596,0.3033,0.1685,0.2442,0.2244
818,Groundnut,0.3231,0.9299642340139236,0.6919934204400148,0.1045,0.2142,0.0864,0.2717,0.3231
819,Bajra,0.6206,0.7106723630089706,0.3884108507427309,0.0537,0.0464,0.1242,0.6206,0.1552
820,Groundnut,0.3897,0.9065435416085338,0.6503250359661606,0.1638,0.1507,0.0606,0.2351,0.3897
821,Bajra,0.4538,0.8911673234236996,0.6245752572849457,0.1255,0.099,0.1765,0.4538,0.1452
822,Bajra,0.4691,0.6504648114818705,0.27579324160390506,0.122,0.0071,0.0066,0.4691,0.3953
823,Groundnut,0.4715,0.6757698317906803,0.31767706104733406,0.1055,0.011,0.0203,0.3917,0.4715
824,Cotton,0.2823,0.9587894470412368,0.7468409032305443,0.1019,0.2823,0.1533,0.1802,0.2823
825,Cotton,0.2823,0.9587894470412368,0.7468409032305443,0.1019,0.2823,0.1533,0.1802,0.2823
826,Cotton,0.2823,0.9587894470412368,0.7468409032305443,0.1019,0.2823,0.1533,0.1802,0.2823
827,Cotton,0.2823,0.9587894470412368,0.7468409032305443,0.1019,0.2823,0.1533,0.1802,0.2823
828,Cotton,0.2823,0.9587894470412368,0.7468409032305443,0.1019,0.2823,0.1533,0.1802,0.2823
829,Groundnut,0.4029,0.8568955558023176,0.7888795646869675,0.166,0.1794,0.0159,0.2358,0.4029
830,Cotton,0.4726,0.8490117553591653,0.7456557560078847,0.0476,0.4726,0.1476,0.1227,0.2095
831,Bajra,0.4088,0.9185415565161891,0.7011192701759853,0.1028,0.1238,0.1728,0.4088,0.1919
832,Cotton,0.4424,0.8704882940419246,0.6811823355061224,0.0718,0.4424,0.1807,0.0842,0.2209
833,Cotton,0.5348,0.8130459954632423,0.7192116822067923,0.0557,0.5348,0.122,0.1304,0.157
834,Cotton,0.2821,0.957025329206067,0.7290608508801089,0.0837,0.2821,0.1602,0.2305,0.2436
835,Maize,0.2578,0.9638995208827599,0.7115440721028314,0.0876,0.2512,0.2578,0.2311,0.1723
836,Groundnut,0.2686,0.9702827821328392,0.8787546156906222,0.0968,0.2359,0.1838,0.2149,0.2686
837,Bajra,0.4535,0.8609039857817494,0.6059986844761324,0.0747,0.0907,0.1351,0.4535,0.2461
838,Bajra,0.3835,0.9337281398349977,0.6630348002306695,0.1378,0.1175,0.1435,0.3835,0.2177
839,Cotton,0.3239,0.9408536997579633,0.7054852000477998,0.0657,0.3239,0.203,0.1852,0.2222
840,Cotton,0.3871,0.911390762214016,0.765116498157538,0.0649,0.3871,0.2265,0.1428,0.1786
841,Cotton,0.6259,0.6935939271328637,0.7170875554076697,0.021,0.6259,0.1082,0.083,0.1618
842,Cotton,0.5226,0.7982192138563453,0.7517785279848898,0.0367,0.5226,0.1222,0.1066,0.2118
843,Bajra,0.5796,0.7567974994810547,0.3806631188655451,0.0969,0.0395,0.1121,0.5796,0.172
844,Groundnut,0.3638,0.9155399023053311,0.5604856472098958,0.2106,0.0799,0.1006,0.2451,0.3638
845,Cotton,0.5826,0.64111447778905,1.0804638024305968,0.0125,0.5826,0.2902,0.0212,0.0935
846,Bajra,0.4151,0.8009427033841625,0.41786983376423975,0.2151,0.0239,0.0468,0.4151,0.2992
847,Cotton,0.3597,0.9383248088835419,0.810720962172581,0.1475,0.3597,0.213,0.0882,0.1915
848,Rice,0.3568,0.8597017787838427,0.4349622449571021,0.3568,0.0582,0.052,0.22,0.313
849,Groundnut,0.5279,0.8252020728291856,0.6341281244222154,0.1284,0.1557,0.0689,0.1191,0.5279
850,Cotton,0.5396,0.7795564392925088,0.934541750437715,0.0367,0.5396,0.1749,0.0717,0.1771
851,Bajra,0.329,0.9542589374998386,0.867785372405932,0.1007,0.2081,0.1465,0.329,0.2157
852,Rice,0.3994,0.7931883657671042,0.3854234641194037,0.3994,0.0544,0.0169,0.1907,0.3386
853,Rice,0.4055,0.825607243332656,0.4636799763692207,0.4055,0.0676,0.0227,0.2472,0.2571
854,Groundnut,0.4844,0.8009408225671486,0.7407843290969731,0.0799,0.2748,0.0373,0.1236,0.4844
855,Bajra,0.4675,0.750799853768015,0.5188145869188648,0.1076,0.0374,0.0373,0.4675,0.3503
856,Bajra,0.4867,0.7685950484122298,0.3962400315221537,0.0677,0.037,0.0909,0.4867,0.3176
857,Cotton,0.2486,0.9792212695438729,0.7365653647233403,0.1075,0.2486,0.2022,0.2253,0.2164
858,Bajra,0.3599,0.9230480497380767,0.6867427389046319,0.1126,0.1295,0.1164,0.3599,0.2815
859,Bajra,0.3019,0.9434613210306065,0.8875140404199315,0.0808,0.2155,0.135,0.3019,0.2668
860,Bajra,0.5545,0.6827878262583962,0.3504509971678485,0.1926,0.0116,0.0164,0.5545,0.2249
861,Cotton,0.4085,0.8499551422152347,0.7968876056510209,0.0269,0.4085,0.1541,0.1238,0.2866
862,Cotton,0.4752,0.7011471832895183,0.892327725901434,0.0008,0.4752,0.198,0.023,0.3029
863,Cotton,0.5313,0.7660127054132313,0.8485904192453018,0.0188,0.5313,0.1016,0.1172,0.2311
864,Bajra,0.3756,0.8333080478042432,0.5259807899950851,0.1707,0.0751,0.0319,0.3756,0.3467
865,Bajra,0.6501,0.677633480688683,0.3766581776855698,0.0837,0.0399,0.0679,0.6501,0.1584
866,Cotton,0.7328,0.46267963563463377,1.026658719065091,0.0047,0.7328,0.2174,0.0074,0.0377
867,Cotton,0.2895,0.9159661263354343,0.6607945981242054,0.0378,0.2895,0.179,0.205,0.2888
868,Bajra,0.3925,0.83199271944825,0.7629809223528593,0.0521,0.1245,0.0729,0.3925,0.3579
869,Bajra,0.4357,0.788419917029909,0.5127606994146917,0.0846,0.0625,0.0536,0.4357,0.3636
870,Cotton,0.5387,0.7336771227721568,0.9610880945564426,0.0132,0.5387,0.249,0.0613,0.1378
871,Maize,0.3278,0.9386558988270395,0.7423967357388181,0.0766,0.262,0.3278,0.1629,0.1707
872,Groundnut,0.3036,0.9447017002632287,0.9736565034867475,0.099,0.2966,0.1404,0.1603,0.3036
873,Cotton,0.465,0.8055717238160763,0.7728440413597472,0.033,0.465,0.1501,0.0701,0.2818
874,Maize,0.2367,0.9881841226636651,0.7837521029563237,0.1325,0.1865,0.2367,0.2258,0.2185
875,Cotton,0.7491,0.5180899773617732,0.8062630319254164,0.009,0.7491,0.1216,0.027,0.0933
876,Groundnut,0.398,0.8972607919948037,0.6894389797298616,0.0622,0.1804,0.1186,0.2408,0.398
877,Groundnut,0.6209,0.6975697480126745,0.48708522007731153,0.1384,0.0867,0.0168,0.1371,0.6209
878,Cotton,0.436,0.8556217861282996,0.79251214130575,0.0379,0.436,0.211,0.1027,0.2124
879,Bajra,0.3801,0.8347840573878504,0.5485168442449853,0.0977,0.0974,0.0521,0.3801,0.3728
880,Bajra,0.4218,0.7927763449024379,0.4398541468758637,0.1051,0.0544,0.0495,0.4218,0.3693
881,Groundnut,0.4982,0.829307964590765,0.5982000759131145,0.0466,0.1431,0.111,0.201,0.4982
882,Groundnut,0.3821,0.9043237344114327,0.5503348314178196,0.1081,0.1091,0.1139,0.2868,0.3821
883,Groundnut,0.3044,0.9521088301736643,0.821335921193783,0.0835,0.2481,0.1586,0.2054,0.3044
884,Cotton,0.7063,0.5999357631458161,0.7374952672510062,0.0317,0.7063,0.1292,0.0366,0.0961
885,Groundnut,0.5264,0.7802107181705302,0.4279656598570612,0.1032,0.0903,0.0373,0.2429,0.5264
886,Groundnut,0.4912,0.7343354942034966,0.33707505618065564,0.1394,0.0371,0.0179,0.3143,0.4912
887,Bajra,0.6628,0.575102836618438,0.27058030999087174,0.0483,0.0096,0.0352,0.6628,0.2441
888,Bajra,0.3312,0.9402720493866628,0.7565630122851786,0.0758,0.1542,0.198,0.3312,0.2408
889,Groundnut,0.4496,0.7314336969138017,0.3050151771966847,0.1046,0.0303,0.0312,0.3844,0.4496
890,Bajra,0.516,0.7934008857667191,0.4074632416234595,0.1154,0.0587,0.0633,0.516,0.2465
891,Bajra,0.3953,0.8720749839873635,0.5280347531847851,0.1063,0.0991,0.082,0.3953,0.3173
892,Groundnut,0.3461,0.9107536525450979,0.6561377689700583,0.2481,0.1317,0.0505,0.2237,0.3461
893,Cotton,0.7551,0.429457425126569,0.976223423177376,0.0027,0.7551,0.2045,0.0051,0.0326
894,Bajra,0.4095,0.7908954382620138,0.3404748066009137,0.1732,0.0329,0.0379,0.4095,0.3465
895,Cotton,0.5086,0.6768369447593291,0.8754409446163779,0.0121,0.5086,0.3606,0.0342,0.0845
896,Bajra,0.34,0.9492114017849389,0.8516618880941376,0.0952,0.2012,0.1503,0.34,0.2133
897,Cotton,0.4031,0.8388014892605309,0.5664197360805638,0.0443,0.4031,0.0776,0.1468,0.3282
898,Cotton,0.6375,0.7025868389871159,0.8800217518022252,0.056,0.6375,0.1468,0.0645,0.0952
899,Cotton,0.3659,0.846457791121586,0.6588837380148593,0.0213,0.3659,0.2187,0.0911,0.3029
900,Maize,0.4308,0.9017536259758709,0.7123731903186759,0.0887,0.1974,0.4308,0.1398,0.1432
901,Cotton,0.7123,0.5028645590761545,0.9165235643377077,0.0044,0.7123,0.2037,0.0049,0.0746
902,Cotton,0.5474,0.7312347912680643,0.809605286522885,0.0227,0.5474,0.2419,0.0451,0.1429
903,Groundnut,0.2958,0.944424894289529,0.8259713238811689,0.1318,0.2605,0.0812,0.2306,0.2958
904,Rice,0.3339,0.8317550560098085,0.418224584522959,0.3339,0.0685,0.0175,0.2916,0.2884
905,Cotton,0.7051,0.6035824342476063,0.8615725060237084,0.024,0.7051,0.127,0.0529,0.0909
906,Cotton,0.5818,0.7511679255238082,0.8388315428785602,0.0344,0.5818,0.1071,0.1041,0.1725
907,Bajra,0.2606,0.9800467272062643,0.8812770604339215,0.1361,0.1825,0.1627,0.2606,0.2581
908,Cotton,0.3946,0.8376650859542167,1.0004596088471223,0.045,0.3946,0.3491,0.0968,0.1146
909,Cotton,0.6637,0.5784082878601935,0.9461083389821684,0.0109,0.6637,0.2265,0.0163,0.0827
910,Cotton,0.5848,0.7014186841814878,0.814875223840817,0.0154,0.5848,0.2029,0.0462,0.1507
911,Cotton,0.3371,0.9247687861322978,0.708618273185611,0.0672,0.3371,0.1449,0.2754,0.1754
912,Cotton,0.7615,0.5240488422127363,0.6398852046052723,0.0113,0.7615,0.0856,0.0686,0.073
913,Bajra,0.3443,0.9330017129216992,0.6738160010105214,0.1393,0.1184,0.1165,0.3443,0.2815
914,Groundnut,0.4112,0.9107375316460125,0.6197600082237574,0.1794,0.1409,0.0793,0.1892,0.4112
915,Bajra,0.4207,0.8337021241165058,0.5496612211140929,0.176,0.0614,0.0452,0.4207,0.2966
916,Cotton,0.2773,0.9509153802863413,0.653080981365705,0.1025,0.2773,0.1122,0.2448,0.2632
917,Groundnut,0.2667,0.9358762207659482,0.7998509444118372,0.0471,0.2052,0.2524,0.2286,0.2667
918,Groundnut,0.3479,0.9122282598547069,0.7789182367843407,0.0599,0.2763,0.1267,0.1893,0.3479
919,Cotton,0.2823,0.9587894470412368,0.8913907554687143,0.1019,0.2823,0.1533,0.1802,0.2823
920,Cotton,0.2823,0.9587894470412368,0.9154823975084099,0.1019,0.2823,0.1533,0.1802,0.2823
921,Bajra,0.3849,0.9255315122639389,0.6086127699140842,0.1359,0.0917,0.2222,0.3849,0.1653
922,Cotton,0.4698,0.7337016903175165,0.9517197515084173,0.0188,0.4698,0.2665,0.0142,0.2308
923,Bajra,0.4333,0.8550773881204307,0.6150122252151912,0.0427,0.0967,0.2501,0.4333,0.1772
924,Maize,0.6435,0.6401783341345595,0.7515837857505495,0.0084,0.1469,0.6435,0.0413,0.1599
925,Maize,0.4459,0.8347196486975158,0.8571292447149325,0.0505,0.2864,0.4459,0.1378,0.0795
926,Cotton,0.5626,0.5934999632822544,1.2219901726339375,0.0046,0.5626,0.3569,0.0195,0.0565
927,Groundnut,0.3568,0.890702581199378,0.5986602440066794,0.0879,0.1153,0.105,0.335,0.3568
928,Bajra,0.3139,0.9323134642905593,0.8795447759037235,0.1244,0.1728,0.0871,0.3139,0.3018
929,Cotton,0.695,0.5873787899708017,0.9001794550589093,0.0193,0.695,0.1626,0.0258,0.0972
930,Groundnut,0.3431,0.9383021014082863,0.6674279027776981,0.1559,0.154,0.0894,0.2576,0.3431
931,Rice,0.9638,0.1233674793843703,0.2447891677193513,0.9638,0.0174,0.0097,0.002,0.0071
932,Cotton,0.6614,0.6766608799174811,0.7892460526115224,0.0479,0.6614,0.107,0.0655,0.1182
933,Cotton,0.3604,0.9067245006722369,0.9480269028421412,0.0531,0.3604,0.2635,0.189,0.134
934,Cotton,0.3822,0.858133804414263,0.8829586454075352,0.0387,0.3822,0.3218,0.104,0.1532
935,Rice,0.2389,0.9915165535705497,0.6981483933148442,0.2389,0.223,0.1525,0.215,0.1708
936,Maize,0.3935,0.8822847560706705,0.7321157988125853,0.0338,0.2359,0.3935,0.1491,0.1877
937,Cotton,0.432,0.8167937508549075,0.5949731310591732,0.0521,0.432,0.0828,0.0962,0.3369
938,Bajra,0.4352,0.8580736767789551,0.5737640251021899,0.1119,0.0966,0.0728,0.4352,0.2835
939,Cotton,0.7266,0.5650458515510128,0.7984162060601467,0.0153,0.7266,0.0801,0.0482,0.1298
940,Groundnut,0.3927,0.8854309644038423,0.5372197415949082,0.1054,0.1308,0.0751,0.296,0.3927
941,Cotton,0.6853,0.5068738204175542,1.0078214131602428,0.0028,0.6853,0.2545,0.011,0.0464
942,Groundnut,0.3798,0.8767238221669039,0.5868687048708043,0.0879,0.1649,0.0606,0.3068,0.3798
943,Groundnut,0.3362,0.9269892270588196,0.6653100999047817,0.0901,0.171,0.1144,0.2883,0.3362
944,Cotton,0.2745,0.938182122068056,0.7394241235955002,0.0495,0.2745,0.2113,0.2231,0.2415
945,Cotton,0.5667,0.7529993510915488,0.6433779215606016,0.06,0.5667,0.0643,0.0852,0.2237
946,Cotton,0.4545,0.8091582443885359,0.5250757966832137,0.0449,0.4545,0.0855,0.1001,0.3151
947,Groundnut,0.3538,0.9343030807049197,0.7612646301456021,0.0768,0.212,0.1481,0.2092,0.3538
948,Bajra,0.5436,0.7219873343889227,0.4996524900362497,0.2374,0.0229,0.0297,0.5436,0.1663
949,Cotton,0.6763,0.6044656697108316,0.8332688719648763,0.0096,0.6763,0.1581,0.0343,0.1218
950,Groundnut,0.4124,0.8899412860518053,0.7494182328284434,0.14,0.2108,0.0503,0.1865,0.4124
951,Bajra,0.3953,0.9216922956079733,0.7442769537474314,0.1341,0.0996,0.1478,0.3953,0.2233
952,Bajra,0.434,0.8213365513764028,0.523066211702414,0.1357,0.0846,0.0346,0.434,0.3111
953,Bajra,0.4334,0.8147218383431581,0.5294441162860073,0.0916,0.0579,0.0775,0.4334,0.3396
954,Groundnut,0.2948,0.9369959933163201,0.8211609486909427,0.0603,0.2492,0.1564,0.2392,0.2948
955,Groundnut,0.4832,0.7567135321092922,0.40240270496138786,0.0851,0.0477,0.0477,0.3362,0.4832
956,Groundnut,0.3773,0.8243088635272663,0.41921043013482134,0.1618,0.0596,0.0398,0.3615,0.3773
957,Cotton,0.3192,0.9036099579674641,0.8269118717352939,0.0384,0.3192,0.2325,0.1352,0.2746
958,Bajra,0.5567,0.7048485057891427,0.38946191883378034,0.1401,0.0273,0.0231,0.5567,0.2528
959,Cotton,0.4831,0.8089279586418254,0.9049881731955177,0.0391,0.4831,0.2641,0.1317,0.082
960,Groundnut,0.7061,0.4860294508900884,0.37481721607320084,0.0328,0.2429,0.0026,0.0157,0.7061
961,Cotton,0.2823,0.9587894470412368,0.6336101856439785,0.1019,0.2823,0.1533,0.1802,0.2823
962,Cotton,0.2823,0.9587894470412368,0.7468409032305443,0.1019,0.2823,0.1533,0.1802,0.2823
963,Cotton,0.2823,0.9587894470412368,0.7468409032305443,0.1019,0.2823,0.1533,0.1802,0.2823
964,Cotton,0.2823,0.9587894470412368,0.7468409032305443,0.1019,0.2823,0.1533,0.1802,0.2823
965,Cotton,0.2823,0.9587894470412368,0.7468409032305443,0.1019,0.2823,0.1533,0.1802,0.2823
966,Rice,0.9832,0.06332844906344615,0.16183255693738224,0.9832,0.0111,0.002,0.001,0.0027
