farm_id,capella_crop,independent_crop,p_Rice,p_Cotton,p_Maize,p_Bajra,p_Groundnut
1,Rice,Rice,0.3289,0.0636,0.035,0.2951,0.2774
2,Rice,Groundnut,0.034,0.0154,0.1777,0.214,0.5588
3,Groundnut,Bajra,0.0594,0.168,0.0779,0.3941,0.3007
4,Maize,Bajra,0.3208,0.0675,0.0243,0.356,0.2314
5,Groundnut,Groundnut,0.0787,0.2753,0.0851,0.253,0.3079
6,Cotton,Groundnut,0.0518,0.2584,0.1964,0.1784,0.315
7,Bajra,Bajra,0.1752,0.0783,0.0721,0.3643,0.3102
8,Groundnut,Bajra,0.2512,0.17,0.0866,0.2634,0.2288
9,Cotton,Cotton,0.0184,0.4139,0.2378,0.0917,0.2383
10,Cotton,Groundnut,0.0979,0.1826,0.2485,0.1999,0.271
11,Rice,Maize,0.0152,0.1872,0.4267,0.1095,0.2614
12,Cotton,Maize,0.0101,0.1335,0.5204,0.0869,0.2492
13,Rice,Groundnut,0.1594,0.1207,0.074,0.3051,0.3408
14,Cotton,Rice,0.3217,0.147,0.1893,0.0709,0.271
15,Cotton,Groundnut,0.0361,0.2008,0.3251,0.1039,0.3341
16,Groundnut,Maize,0.0546,0.2973,0.4022,0.0503,0.1955
17,Cotton,Groundnut,0.0469,0.2928,0.2294,0.1277,0.3032
18,Cotton,Maize,0.0194,0.243,0.41,0.0999,0.2278
19,Bajra,Rice,0.3403,0.1868,0.078,0.2346,0.1604
20,Rice,Cotton,0.0766,0.585,0.056,0.1538,0.1285
21,Rice,Bajra,0.2708,0.1857,0.0281,0.3551,0.1604
22,Cotton,Bajra,0.1069,0.1016,0.0456,0.3735,0.3723
23,Bajra,Bajra,0.1347,0.0029,0.0048,0.6323,0.2253
24,Rice,Bajra,0.2778,0.158,0.0463,0.2868,0.2311
25,Cotton,Cotton,0.0939,0.3691,0.046,0.3243,0.1668
26,Rice,Cotton,0.0556,0.3366,0.0683,0.3138,0.2257
27,Rice,Bajra,0.0473,0.2452,0.0839,0.3372,0.2864
28,Cotton,Groundnut,0.0553,0.2756,0.1429,0.1868,0.3393
29,Rice,Groundnut,0.0345,0.1326,0.1286,0.2475,0.4568
30,Cotton,Cotton,0.0004,0.8749,0.1112,0.0023,0.0111
31,Maize,Bajra,0.127,0.2387,0.0322,0.3168,0.2853
32,Rice,Groundnut,0.0826,0.0652,0.2722,0.1564,0.4236
33,Cotton,Bajra,0.139,0.2282,0.0434,0.3661,0.2232
34,Rice,Cotton,0.0764,0.3497,0.1258,0.1832,0.265
35,Rice,Groundnut,0.1118,0.0568,0.1157,0.2964,0.4193
36,Maize,Groundnut,0.1141,0.0679,0.0519,0.3744,0.3918
37,Rice,Bajra,0.0917,0.1133,0.097,0.3851,0.3128
38,Rice,Bajra,0.0443,0.2337,0.1255,0.3075,0.289
39,Cotton,Groundnut,0.0877,0.2599,0.1137,0.2619,0.2769
40,Rice,Bajra,0.2054,0.1834,0.0264,0.3395,0.2453
41,Cotton,Cotton,0.0023,0.8832,0.0915,0.0044,0.0186
42,Cotton,Cotton,0.0002,0.9151,0.0666,0.005,0.0132
43,Cotton,Cotton,0.0554,0.6486,0.0575,0.1149,0.1235
44,Cotton,Cotton,0.0526,0.5267,0.045,0.193,0.1825
45,Cotton,Cotton,0.0044,0.6409,0.1477,0.0791,0.128
46,Cotton,Groundnut,0.0116,0.1928,0.327,0.135,0.3336
47,Cotton,Cotton,0.0196,0.4884,0.136,0.1354,0.2206
48,Cotton,Cotton,0.0162,0.3149,0.2503,0.1323,0.2863
49,Rice,Groundnut,0.249,0.0728,0.0707,0.2941,0.3134
50,Cotton,Cotton,0.024,0.3679,0.1003,0.1932,0.3146
51,Cotton,Groundnut,0.0247,0.1856,0.1921,0.1718,0.4259
52,Cotton,Cotton,0.0148,0.3633,0.2648,0.1127,0.2445
53,Cotton,Cotton,0.0201,0.3497,0.1674,0.1517,0.3112
54,Maize,Groundnut,0.0403,0.0404,0.2287,0.1665,0.5241
55,Maize,Groundnut,0.0053,0.0718,0.2193,0.2738,0.4297
56,Rice,Groundnut,0.2792,0.0971,0.0926,0.1967,0.3344
57,Rice,Groundnut,0.0192,0.1048,0.3519,0.1289,0.3951
58,Cotton,Maize,0.0769,0.0961,0.4455,0.0345,0.3471
59,Cotton,Cotton,0.0852,0.3855,0.2248,0.0816,0.2229
60,Groundnut,Cotton,0.0271,0.3513,0.2903,0.0937,0.2376
61,Cotton,Groundnut,0.0725,0.2196,0.2487,0.1326,0.3267
62,Cotton,Groundnut,0.1374,0.1617,0.1241,0.1819,0.3949
63,Rice,Groundnut,0.0127,0.1283,0.1546,0.2134,0.4911
64,Cotton,Cotton,0.0556,0.3914,0.157,0.1118,0.2843
65,Rice,Groundnut,0.0425,0.0775,0.1506,0.2104,0.5191
66,Rice,Groundnut,0.0442,0.1316,0.1299,0.2703,0.424
67,Cotton,Cotton,0.17,0.5214,0.1375,0.0362,0.1349
68,Cotton,Cotton,0.03,0.3298,0.2499,0.1128,0.2775
69,Cotton,Maize,0.0708,0.1405,0.3596,0.1017,0.3273
70,Cotton,Maize,0.01,0.0436,0.5852,0.0673,0.2939
71,Groundnut,Groundnut,0.0963,0.1302,0.179,0.2578,0.3366
72,Maize,Groundnut,0.2152,0.1531,0.0823,0.2169,0.3325
73,Maize,Groundnut,0.1026,0.1225,0.248,0.1931,0.3339
74,Cotton,Cotton,0.0035,0.8215,0.1251,0.0109,0.0389
75,Cotton,Groundnut,0.127,0.2437,0.113,0.2012,0.3151
76,Cotton,Cotton,0.0539,0.3899,0.1529,0.1553,0.248
77,Cotton,Rice,0.4174,0.0684,0.0528,0.2166,0.2448
78,Rice,Cotton,0.0833,0.3405,0.1481,0.1824,0.2457
79,Rice,Groundnut,0.2414,0.1238,0.0431,0.2831,0.3086
80,Rice,Bajra,0.2078,0.0536,0.0287,0.3977,0.3122
81,Maize,Groundnut,0.0269,0.0478,0.2611,0.1777,0.4865
82,Maize,Groundnut,0.0673,0.0802,0.2238,0.2383,0.3905
83,Cotton,Groundnut,0.0794,0.2568,0.1471,0.2073,0.3094
84,Cotton,Cotton,0.0196,0.413,0.1498,0.1203,0.2973
85,Cotton,Cotton,0.0033,0.9087,0.0596,0.0075,0.0209
86,Cotton,Cotton,0.0024,0.9007,0.0791,0.0036,0.0142
87,Cotton,Cotton,0.0568,0.3419,0.2169,0.1659,0.2186
88,Bajra,Cotton,0.0915,0.3617,0.097,0.2081,0.2417
89,Rice,Rice,0.3448,0.2163,0.0626,0.1872,0.1892
90,Cotton,Cotton,0.0107,0.7879,0.0535,0.0643,0.0836
91,Cotton,Cotton,0.0162,0.5023,0.1857,0.1271,0.1687
92,Cotton,Cotton,0.0361,0.6307,0.0989,0.1017,0.1325
93,Cotton,Cotton,0.0026,0.6234,0.1649,0.099,0.1101
94,Cotton,Cotton,0.0275,0.3767,0.2108,0.167,0.2179
95,Cotton,Groundnut,0.0823,0.2502,0.2022,0.1373,0.328
96,Cotton,Maize,0.027,0.1919,0.3607,0.12,0.3004
97,Cotton,Groundnut,0.1466,0.1738,0.1579,0.2129,0.3088
98,Cotton,Groundnut,0.1275,0.0861,0.1585,0.2646,0.3633
99,Cotton,Maize,0.0135,0.2291,0.3096,0.1803,0.2675
100,Maize,Maize,0.0572,0.0764,0.3599,0.1777,0.3287
101,Cotton,Cotton,0.0047,0.3848,0.3024,0.1175,0.1906
102,Cotton,Cotton,0.0411,0.3121,0.2277,0.1548,0.2644
103,Cotton,Cotton,0.0,0.9232,0.0621,0.0041,0.0106
104,Groundnut,Cotton,0.0084,0.2832,0.2664,0.1856,0.2564
105,Cotton,Cotton,0.0173,0.6541,0.2401,0.0203,0.0681
106,Cotton,Cotton,0.0031,0.915,0.0634,0.0036,0.0148
107,Cotton,Groundnut,0.0394,0.1542,0.2122,0.1817,0.4125
108,Cotton,Cotton,0.0059,0.8773,0.0889,0.0049,0.0229
109,Cotton,Cotton,0.0212,0.7954,0.0705,0.0461,0.0669
110,Cotton,Cotton,0.0092,0.7893,0.1372,0.0139,0.0505
111,Groundnut,Cotton,0.0106,0.7947,0.0468,0.0876,0.0603
112,Maize,Groundnut,0.0308,0.0773,0.3496,0.1637,0.3785
113,Groundnut,Cotton,0.0516,0.4943,0.1516,0.1055,0.1971
114,Groundnut,Bajra,0.0267,0.1453,0.1586,0.3504,0.319
115,Cotton,Cotton,0.0103,0.3714,0.2929,0.0836,0.2419
116,Groundnut,Cotton,0.0479,0.2983,0.1516,0.2396,0.2626
117,Cotton,Groundnut,0.1324,0.1838,0.2536,0.0667,0.3635
118,Rice,Groundnut,0.2249,0.1075,0.1103,0.2467,0.3105
119,Cotton,Maize,0.0724,0.1599,0.4681,0.0339,0.2657
120,Cotton,Cotton,0.2315,0.3707,0.0359,0.2044,0.1575
121,Cotton,Cotton,0.025,0.5626,0.2935,0.0253,0.0936
122,Groundnut,Groundnut,0.0523,0.1784,0.1029,0.2913,0.3751
123,Cotton,Cotton,0.014,0.3759,0.1935,0.1762,0.2404
124,Groundnut,Groundnut,0.1557,0.2445,0.0452,0.2725,0.2821
125,Rice,Groundnut,0.2304,0.1796,0.0714,0.2313,0.2873
126,Groundnut,Cotton,0.0616,0.4389,0.141,0.1549,0.2036
127,Groundnut,Cotton,0.0391,0.5638,0.1255,0.1066,0.165
128,Groundnut,Bajra,0.1722,0.167,0.0737,0.302,0.2851
129,Groundnut,Groundnut,0.0312,0.1289,0.1582,0.2611,0.4206
130,Cotton,Cotton,0.0112,0.3118,0.2532,0.1613,0.2626
131,Groundnut,Cotton,0.1662,0.3607,0.1098,0.1646,0.1986
132,Bajra,Groundnut,0.1302,0.2276,0.1256,0.219,0.2976
133,Groundnut,Groundnut,0.0363,0.2118,0.15,0.2783,0.3236
134,Groundnut,Cotton,0.0553,0.3988,0.1952,0.1161,0.2346
135,Cotton,Cotton,0.0369,0.3813,0.2171,0.1455,0.2192
136,Cotton,Cotton,0.0023,0.7383,0.1442,0.0335,0.0816
137,Cotton,Cotton,0.0016,0.9185,0.0276,0.0253,0.0271
138,Cotton,Cotton,0.0009,0.8863,0.0501,0.0268,0.0359
139,Groundnut,Rice,0.6771,0.1234,0.0057,0.1099,0.0839
140,Cotton,Cotton,0.163,0.6117,0.0126,0.1169,0.0958
141,Maize,Bajra,0.1758,0.1517,0.0388,0.3357,0.298
142,Groundnut,Bajra,0.3221,0.0658,0.0086,0.4253,0.1782
143,Cotton,Groundnut,0.1305,0.2038,0.1517,0.1986,0.3155
144,Groundnut,Cotton,0.0112,0.7968,0.0146,0.1114,0.066
145,Groundnut,Groundnut,0.0264,0.1579,0.1924,0.2994,0.3239
146,Cotton,Cotton,0.0774,0.3139,0.1232,0.2241,0.2614
147,Cotton,Groundnut,0.0476,0.1672,0.1524,0.246,0.3868
148,Cotton,Cotton,0.0252,0.3812,0.1809,0.1747,0.2381
149,Maize,Groundnut,0.0171,0.0828,0.3406,0.1667,0.3927
150,Cotton,Groundnut,0.0489,0.2136,0.2003,0.215,0.3222
151,Cotton,Cotton,0.0288,0.3451,0.2001,0.1443,0.2817
152,Groundnut,Cotton,0.0164,0.4107,0.1305,0.2164,0.2261
153,Cotton,Cotton,0.0385,0.4329,0.1317,0.2178,0.179
154,Cotton,Cotton,0.0002,0.8569,0.1113,0.0067,0.0249
155,Groundnut,Rice,0.3234,0.0562,0.075,0.2489,0.2965
156,Groundnut,Groundnut,0.0466,0.0952,0.2473,0.2301,0.3807
157,Groundnut,Bajra,0.1759,0.2244,0.0176,0.4032,0.1789
158,Maize,Groundnut,0.0226,0.0989,0.2402,0.1981,0.4403
159,Cotton,Groundnut,0.0471,0.1168,0.1961,0.2229,0.4171
160,Cotton,Groundnut,0.1584,0.0965,0.1329,0.2097,0.4025
161,Cotton,Bajra,0.2143,0.2428,0.0517,0.2467,0.2445
162,Cotton,Groundnut,0.2357,0.2222,0.109,0.1957,0.2374
163,Cotton,Cotton,0.0059,0.8093,0.1514,0.0069,0.0265
164,Cotton,Maize,0.0132,0.1174,0.4881,0.0951,0.2862
165,Groundnut,Groundnut,0.0958,0.22,0.2449,0.1802,0.2591
166,Groundnut,Cotton,0.0353,0.3281,0.2874,0.1416,0.2075
167,Groundnut,Bajra,0.0782,0.3069,0.0683,0.3222,0.2244
168,Groundnut,Groundnut,0.0811,0.1384,0.1474,0.2368,0.3963
169,Maize,Groundnut,0.1536,0.0506,0.3454,0.0996,0.3508
170,Groundnut,Bajra,0.1023,0.2025,0.0302,0.366,0.299
171,Cotton,Bajra,0.2029,0.0514,0.0157,0.4585,0.2715
172,Groundnut,Cotton,0.1166,0.3187,0.0452,0.2827,0.2368
173,Cotton,Cotton,0.0144,0.8151,0.1014,0.0138,0.0554
174,Cotton,Groundnut,0.031,0.202,0.2713,0.1465,0.3493
175,Cotton,Cotton,0.0477,0.4869,0.1821,0.0711,0.2122
176,Cotton,Cotton,0.0633,0.3745,0.1244,0.1513,0.2865
177,Cotton,Cotton,0.0553,0.3608,0.1668,0.1196,0.2975
178,Cotton,Groundnut,0.1657,0.0656,0.1766,0.2202,0.3719
179,Cotton,Cotton,0.1408,0.2926,0.1471,0.1534,0.2661
180,Bajra,Groundnut,0.2469,0.11,0.0844,0.2439,0.3149
181,Rice,Rice,0.372,0.1238,0.0548,0.2146,0.2348
182,Rice,Cotton,0.1633,0.3024,0.1448,0.1366,0.2528
183,Rice,Cotton,0.0851,0.3271,0.132,0.1799,0.2759
184,Rice,Groundnut,0.1298,0.2563,0.1581,0.1932,0.2626
185,Cotton,Groundnut,0.1166,0.2046,0.1161,0.2771,0.2856
186,Cotton,Groundnut,0.1131,0.1912,0.1986,0.1913,0.3058
187,Cotton,Groundnut,0.108,0.2803,0.146,0.1774,0.2883
188,Cotton,Groundnut,0.1502,0.1601,0.0687,0.3041,0.3169
189,Cotton,Cotton,0.1915,0.2887,0.0918,0.1826,0.2453
190,Groundnut,Groundnut,0.0881,0.2573,0.0973,0.2726,0.2847
191,Cotton,Maize,0.0105,0.3534,0.464,0.0495,0.1226
192,Bajra,Groundnut,0.2396,0.1591,0.1353,0.2178,0.2481
193,Groundnut,Rice,0.2868,0.128,0.0746,0.2355,0.2752
194,Rice,Groundnut,0.0475,0.1806,0.1626,0.236,0.3733
195,Groundnut,Groundnut,0.112,0.1127,0.1233,0.2661,0.3859
196,Groundnut,Cotton,0.0423,0.2887,0.1841,0.2358,0.2491
197,Groundnut,Groundnut,0.0575,0.2533,0.2187,0.1809,0.2896
198,Groundnut,Groundnut,0.028,0.2135,0.2174,0.2044,0.3366
199,Cotton,Rice,0.2626,0.2098,0.1011,0.2002,0.2263
200,Cotton,Cotton,0.0106,0.7742,0.1541,0.0137,0.0474
201,Groundnut,Rice,0.3748,0.123,0.0453,0.2055,0.2513
202,Rice,Rice,0.6814,0.0351,0.0117,0.1474,0.1245
203,Rice,Rice,0.5029,0.1043,0.024,0.1846,0.1842
204,Groundnut,Rice,0.514,0.0884,0.0494,0.1707,0.1776
205,Cotton,Cotton,0.1708,0.4309,0.147,0.0553,0.196
206,Cotton,Cotton,0.0368,0.4394,0.1883,0.0986,0.2369
207,Cotton,Rice,0.3972,0.2045,0.0626,0.1626,0.1731
208,Rice,Cotton,0.047,0.5504,0.1686,0.0908,0.1432
209,Cotton,Cotton,0.0498,0.5362,0.1826,0.0623,0.1691
210,Cotton,Groundnut,0.2017,0.2427,0.1525,0.1385,0.2647
211,Cotton,Cotton,0.0072,0.5689,0.2664,0.035,0.1225
212,Rice,Cotton,0.04,0.5226,0.1502,0.124,0.1632
213,Cotton,Cotton,0.0585,0.6423,0.107,0.0413,0.151
214,Groundnut,Groundnut,0.1051,0.2606,0.202,0.1542,0.2781
215,Groundnut,Rice,0.3557,0.1494,0.0933,0.1902,0.2115
216,Cotton,Cotton,0.0552,0.5755,0.208,0.0254,0.136
217,Cotton,Groundnut,0.0172,0.1873,0.3087,0.1618,0.3251
218,Cotton,Cotton,0.0305,0.4568,0.3611,0.0225,0.1291
219,Cotton,Cotton,0.0375,0.5398,0.2934,0.0217,0.1076
220,Rice,Cotton,0.072,0.3249,0.1205,0.2264,0.2561
221,Rice,Cotton,0.1652,0.2704,0.0691,0.2682,0.2271
222,Rice,Groundnut,0.064,0.1954,0.2166,0.2277,0.2963
223,Bajra,Bajra,0.1742,0.1883,0.0851,0.3112,0.2412
224,Rice,Bajra,0.2788,0.0357,0.0378,0.3271,0.3207
225,Rice,Groundnut,0.0677,0.0374,0.0701,0.38,0.4449
226,Rice,Groundnut,0.1296,0.0891,0.0661,0.309,0.4061
227,Groundnut,Cotton,0.0821,0.6465,0.0581,0.1152,0.0981
228,Maize,Cotton,0.0709,0.2952,0.0829,0.2585,0.2925
229,Groundnut,Rice,0.3263,0.1315,0.0465,0.2437,0.2521
230,Cotton,Cotton,0.0509,0.5738,0.2189,0.0276,0.1287
231,Groundnut,Groundnut,0.144,0.2263,0.1454,0.1617,0.3226
232,Cotton,Cotton,0.0382,0.3854,0.2296,0.1207,0.226
233,Rice,Bajra,0.19,0.2348,0.0732,0.278,0.224
234,Groundnut,Groundnut,0.2159,0.1584,0.1368,0.202,0.287
235,Cotton,Rice,0.3615,0.1029,0.222,0.0605,0.2531
236,Groundnut,Groundnut,0.2313,0.1427,0.1142,0.239,0.2727
237,Cotton,Groundnut,0.1946,0.118,0.11,0.248,0.3294
238,Cotton,Cotton,0.0661,0.335,0.2541,0.1017,0.2431
239,Groundnut,Cotton,0.1408,0.4458,0.023,0.2495,0.1409
240,Cotton,Cotton,0.0506,0.365,0.192,0.1404,0.2521
241,Groundnut,Rice,0.4064,0.2622,0.0297,0.1632,0.1385
242,Bajra,Groundnut,0.2411,0.1599,0.0943,0.1629,0.3419
243,Maize,Groundnut,0.0999,0.1686,0.2579,0.1464,0.3272
244,Cotton,Cotton,0.2155,0.3516,0.1229,0.1487,0.1613
245,Rice,Rice,0.4392,0.1389,0.0184,0.2403,0.1632
246,Cotton,Cotton,0.0049,0.8733,0.0969,0.0061,0.0188
247,Cotton,Cotton,0.163,0.4992,0.0593,0.1357,0.1428
248,Cotton,Cotton,0.0238,0.7262,0.169,0.0164,0.0646
249,Groundnut,Rice,0.4789,0.2416,0.0357,0.136,0.1079
250,Cotton,Cotton,0.0576,0.449,0.105,0.2141,0.1743
251,Groundnut,Rice,0.2468,0.2321,0.0787,0.2382,0.2043
252,Groundnut,Rice,0.3273,0.2386,0.0674,0.1927,0.174
253,Cotton,Cotton,0.0024,0.854,0.1162,0.005,0.0225
254,Groundnut,Cotton,0.0486,0.6457,0.0329,0.1799,0.0929
255,Bajra,Bajra,0.2986,0.0698,0.0326,0.3515,0.2474
256,Cotton,Rice,0.399,0.1122,0.0805,0.1527,0.2555
257,Cotton,Maize,0.0378,0.1733,0.3583,0.1101,0.3205
258,Groundnut,Rice,0.3402,0.1399,0.0475,0.2275,0.2449
259,Rice,Rice,0.3059,0.2016,0.0419,0.2266,0.2239
260,Groundnut,Bajra,0.1316,0.241,0.0767,0.3116,0.2391
261,Groundnut,Cotton,0.053,0.3327,0.0532,0.3235,0.2377
262,Groundnut,Groundnut,0.0456,0.0702,0.1456,0.2788,0.4598
263,Maize,Maize,0.0071,0.1045,0.4315,0.151,0.3059
264,Cotton,Cotton,0.1264,0.4122,0.1308,0.1408,0.1897
265,Cotton,Cotton,0.0945,0.2838,0.2691,0.1401,0.2125
266,Groundnut,Rice,0.3858,0.1699,0.0732,0.1706,0.2004
267,Cotton,Cotton,0.0032,0.9078,0.0558,0.0111,0.0221
268,Cotton,Cotton,0.0135,0.7684,0.1212,0.0185,0.0784
269,Cotton,Cotton,0.0899,0.3162,0.134,0.1951,0.2648
270,Maize,Groundnut,0.0071,0.1253,0.3276,0.1996,0.3405
271,Groundnut,Cotton,0.0447,0.2994,0.1245,0.2694,0.2619
272,Groundnut,Rice,0.559,0.0408,0.0332,0.1833,0.1837
273,Rice,Groundnut,0.2375,0.0924,0.0513,0.3063,0.3125
274,Maize,Groundnut,0.1016,0.2304,0.203,0.177,0.2879
275,Cotton,Maize,0.0328,0.2369,0.329,0.1185,0.2828
276,Bajra,Groundnut,0.1105,0.155,0.2015,0.2125,0.3205
277,Groundnut,Rice,0.2896,0.1259,0.0535,0.2527,0.2782
278,Cotton,Cotton,0.1164,0.493,0.1272,0.1032,0.1602
279,Groundnut,Rice,0.4068,0.1069,0.0727,0.1867,0.2269
280,Rice,Rice,0.3137,0.0483,0.0393,0.3081,0.2906
281,Groundnut,Cotton,0.1168,0.3863,0.1713,0.1694,0.1562
282,Groundnut,Groundnut,0.1489,0.2174,0.1184,0.2201,0.2952
283,Cotton,Groundnut,0.251,0.0711,0.1061,0.2072,0.3646
284,Groundnut,Rice,0.4238,0.1348,0.0742,0.1836,0.1835
285,Groundnut,Groundnut,0.2078,0.0551,0.1676,0.1896,0.3799
286,Cotton,Groundnut,0.0508,0.1392,0.2815,0.2044,0.3242
287,Cotton,Maize,0.0608,0.1369,0.4486,0.0541,0.2997
288,Cotton,Groundnut,0.1786,0.133,0.1619,0.1547,0.3719
289,Cotton,Cotton,0.0141,0.6162,0.2046,0.0447,0.1205
290,Cotton,Cotton,0.0151,0.7293,0.2014,0.0106,0.0436
291,Cotton,Cotton,0.0164,0.3931,0.3066,0.0702,0.2137
292,Cotton,Cotton,0.0023,0.9428,0.0397,0.0035,0.0117
293,Groundnut,Groundnut,0.0512,0.1344,0.2544,0.2086,0.3514
294,Cotton,Cotton,0.0019,0.8019,0.1531,0.0092,0.034
295,Groundnut,Cotton,0.1979,0.3198,0.1571,0.1307,0.1944
296,Cotton,Cotton,0.2561,0.3659,0.111,0.1155,0.1515
297,Groundnut,Groundnut,0.1434,0.1537,0.2336,0.1932,0.2761
298,Bajra,Rice,0.2887,0.1541,0.0964,0.1885,0.2723
299,Cotton,Bajra,0.1881,0.262,0.071,0.2625,0.2165
300,Cotton,Cotton,0.0423,0.3192,0.2053,0.1408,0.2924
301,Rice,Groundnut,0.0669,0.1182,0.2163,0.2431,0.3554
302,Bajra,Groundnut,0.2535,0.052,0.0721,0.2931,0.3294
303,Cotton,Groundnut,0.0258,0.2496,0.291,0.1327,0.3009
304,Cotton,Groundnut,0.1618,0.1841,0.0619,0.2892,0.303
305,Rice,Cotton,0.067,0.3063,0.1882,0.1557,0.2829
306,Cotton,Cotton,0.0228,0.2875,0.2449,0.1627,0.2822
307,Rice,Groundnut,0.125,0.2418,0.2366,0.1386,0.258
308,Groundnut,Cotton,0.0419,0.4664,0.1886,0.1061,0.1969
309,Groundnut,Bajra,0.135,0.2685,0.0419,0.2932,0.2614
310,Rice,Groundnut,0.0902,0.2477,0.1491,0.1886,0.3243
311,Cotton,Groundnut,0.1959,0.2275,0.0931,0.2142,0.2692
312,Bajra,Groundnut,0.0217,0.169,0.2033,0.2113,0.3947
313,Cotton,Groundnut,0.1074,0.1558,0.1776,0.2026,0.3566
314,Cotton,Groundnut,0.1627,0.173,0.1087,0.1834,0.3722
315,Groundnut,Groundnut,0.1032,0.2421,0.1993,0.1843,0.2711
316,Cotton,Cotton,0.0177,0.4948,0.2468,0.0608,0.1799
317,Groundnut,Rice,0.3402,0.0797,0.0633,0.2696,0.2473
318,Maize,Groundnut,0.0754,0.1358,0.2509,0.1591,0.3788
319,Cotton,Cotton,0.0225,0.393,0.1929,0.1148,0.2767
320,Cotton,Cotton,0.0079,0.6985,0.2293,0.0148,0.0494
321,Cotton,Cotton,0.0129,0.6748,0.1128,0.0692,0.1302
322,Cotton,Cotton,0.0164,0.5268,0.2108,0.0854,0.1607
323,Bajra,Rice,0.3036,0.258,0.0456,0.1912,0.2017
324,Maize,Maize,0.0127,0.0994,0.3898,0.1308,0.3673
325,Cotton,Cotton,0.0088,0.6977,0.0584,0.125,0.1101
326,Maize,Groundnut,0.1086,0.0333,0.0672,0.3539,0.437
327,Groundnut,Rice,0.3399,0.1286,0.0403,0.3046,0.1866
328,Groundnut,Rice,0.363,0.1536,0.0454,0.2615,0.1765
329,Bajra,Groundnut,0.2099,0.0695,0.2007,0.2183,0.3016
330,Groundnut,Bajra,0.1031,0.1984,0.0679,0.4109,0.2197
331,Groundnut,Cotton,0.0462,0.3273,0.2044,0.222,0.2001
332,Bajra,Groundnut,0.1165,0.1888,0.0402,0.3033,0.3512
333,Bajra,Groundnut,0.1539,0.1032,0.0544,0.2525,0.436
334,Cotton,Bajra,0.228,0.2586,0.0216,0.2877,0.2041
335,Bajra,Rice,0.725,0.0154,0.0402,0.0769,0.1425
336,Rice,Bajra,0.2049,0.263,0.0308,0.2671,0.2342
337,Groundnut,Cotton,0.1244,0.5456,0.03,0.1784,0.1215
338,Groundnut,Bajra,0.1526,0.2492,0.0624,0.2748,0.261
339,Groundnut,Cotton,0.1621,0.3419,0.1583,0.1522,0.1854
340,Rice,Groundnut,0.0756,0.1541,0.2393,0.2082,0.3228
341,Rice,Groundnut,0.2523,0.0765,0.0807,0.26,0.3306
342,Cotton,Groundnut,0.0623,0.1039,0.2789,0.201,0.354
343,Rice,Groundnut,0.1488,0.2056,0.1392,0.1513,0.3552
344,Cotton,Cotton,0.0136,0.7867,0.1055,0.0256,0.0685
345,Bajra,Rice,0.2801,0.1486,0.0865,0.2105,0.2744
346,Bajra,Groundnut,0.2529,0.0269,0.0506,0.309,0.3607
347,Groundnut,Bajra,0.1609,0.2658,0.0491,0.2965,0.2277
348,Bajra,Groundnut,0.2606,0.0238,0.0425,0.3244,0.3486
349,Groundnut,Bajra,0.1366,0.169,0.0988,0.3506,0.245
350,Groundnut,Cotton,0.0056,0.6817,0.1358,0.0583,0.1187
351,Cotton,Cotton,0.0377,0.3175,0.2067,0.172,0.2661
352,Groundnut,Cotton,0.0269,0.4189,0.2746,0.0878,0.1919
353,Groundnut,Cotton,0.1852,0.2808,0.1905,0.1467,0.1968
354,Bajra,Groundnut,0.1283,0.2447,0.1018,0.2462,0.2791
355,Groundnut,Cotton,0.0345,0.6482,0.0818,0.1234,0.1121
356,Groundnut,Groundnut,0.0662,0.1691,0.2688,0.1624,0.3335
357,Groundnut,Groundnut,0.0728,0.1385,0.26,0.1788,0.3498
358,Groundnut,Groundnut,0.0299,0.1811,0.3259,0.1283,0.3348
359,Groundnut,Cotton,0.0152,0.7456,0.0317,0.0977,0.1098
360,Rice,Cotton,0.0719,0.3699,0.1406,0.169,0.2486
361,Groundnut,Groundnut,0.0395,0.1126,0.3103,0.221,0.3167
362,Groundnut,Rice,0.2916,0.1365,0.0934,0.2048,0.2737
363,Cotton,Groundnut,0.0583,0.0982,0.3529,0.137,0.3536
364,Groundnut,Cotton,0.0655,0.2983,0.28,0.1053,0.2509
365,Bajra,Groundnut,0.1264,0.2598,0.1718,0.1534,0.2886
366,Groundnut,Groundnut,0.2025,0.2048,0.0961,0.2321,0.2645
367,Bajra,Cotton,0.0305,0.3077,0.2725,0.1095,0.2798
368,Groundnut,Cotton,0.0835,0.4058,0.1519,0.132,0.2267
369,Cotton,Groundnut,0.1096,0.2346,0.1329,0.1492,0.3736
370,Cotton,Cotton,0.0478,0.5414,0.1228,0.1151,0.173
371,Cotton,Cotton,0.0786,0.3608,0.1939,0.1352,0.2316
372,Cotton,Cotton,0.1823,0.4369,0.0767,0.1255,0.1785
373,Groundnut,Bajra,0.1061,0.2589,0.0602,0.3484,0.2264
374,Groundnut,Bajra,0.1885,0.1729,0.0335,0.3426,0.2625
375,Rice,Rice,0.3725,0.0815,0.0754,0.2195,0.2511
376,Cotton,Rice,0.3073,0.2248,0.06,0.2112,0.1967
377,Rice,Cotton,0.0862,0.3627,0.1747,0.1589,0.2174
378,Cotton,Cotton,0.0104,0.8581,0.0361,0.0391,0.0563
379,Cotton,Cotton,0.0278,0.3742,0.2799,0.0821,0.2359
380,Cotton,Maize,0.0147,0.1963,0.3769,0.1062,0.3059
381,Groundnut,Groundnut,0.22,0.1625,0.1626,0.1955,0.2595
382,Cotton,Cotton,0.0453,0.3086,0.2509,0.1487,0.2464
383,Cotton,Cotton,0.2151,0.2719,0.1789,0.1213,0.2128
384,Cotton,Groundnut,0.0372,0.0737,0.3015,0.2318,0.356
385,Cotton,Rice,0.3307,0.2416,0.0391,0.19,0.1986
386,Rice,Groundnut,0.0283,0.2822,0.2883,0.1033,0.2979
387,Rice,Groundnut,0.0183,0.1341,0.2348,0.2215,0.3912
388,Cotton,Groundnut,0.0863,0.1282,0.1542,0.2355,0.3958
389,Cotton,Groundnut,0.0122,0.1746,0.2991,0.1579,0.3563
390,Cotton,Groundnut,0.1051,0.24,0.1812,0.1398,0.3339
391,Cotton,Bajra,0.1282,0.1472,0.087,0.3302,0.3073
392,Cotton,Cotton,0.0629,0.3467,0.2021,0.1533,0.2351
393,Cotton,Cotton,0.0751,0.5307,0.1131,0.1206,0.1605
394,Cotton,Cotton,0.0712,0.7357,0.048,0.0621,0.083
395,Cotton,Cotton,0.0444,0.4442,0.236,0.0839,0.1914
396,Cotton,Cotton,0.1092,0.5661,0.083,0.0811,0.1605
397,Cotton,Maize,0.0195,0.3597,0.373,0.0543,0.1935
398,Cotton,Cotton,0.0323,0.7778,0.0528,0.0516,0.0854
399,Cotton,Groundnut,0.0243,0.3395,0.1662,0.1299,0.3401
400,Cotton,Cotton,0.0721,0.4496,0.1208,0.1305,0.227
401,Cotton,Cotton,0.0343,0.4849,0.2258,0.075,0.1801
402,Cotton,Rice,0.3565,0.0338,0.0942,0.2103,0.3051
403,Cotton,Rice,0.4407,0.0842,0.08,0.1588,0.2362
404,Cotton,Cotton,0.0896,0.516,0.0543,0.1491,0.1911
405,Cotton,Cotton,0.1011,0.3119,0.1463,0.1453,0.2954
406,Cotton,Maize,0.0037,0.2837,0.5564,0.0346,0.1216
407,Cotton,Cotton,0.1172,0.3696,0.0637,0.2336,0.2159
408,Cotton,Cotton,0.1116,0.3588,0.1159,0.1476,0.2662
409,Cotton,Cotton,0.1019,0.4723,0.1695,0.0997,0.1566
410,Cotton,Cotton,0.0224,0.4348,0.1782,0.1102,0.2544
411,Cotton,Cotton,0.0236,0.7018,0.127,0.047,0.1006
412,Cotton,Cotton,0.0198,0.3617,0.2849,0.1267,0.2068
413,Cotton,Groundnut,0.0476,0.28,0.1315,0.2268,0.3142
414,Cotton,Groundnut,0.222,0.1749,0.0465,0.2739,0.2827
415,Maize,Maize,0.0593,0.2756,0.3329,0.0776,0.2546
416,Cotton,Groundnut,0.1145,0.1904,0.1786,0.1904,0.326
417,Cotton,Groundnut,0.1269,0.154,0.1313,0.2494,0.3384
418,Rice,Cotton,0.1642,0.4514,0.0611,0.1581,0.1652
419,Cotton,Cotton,0.114,0.3138,0.1,0.2202,0.252
420,Maize,Cotton,0.0624,0.5276,0.1129,0.116,0.181
421,Groundnut,Cotton,0.0128,0.3954,0.311,0.1357,0.1452
422,Bajra,Groundnut,0.102,0.2021,0.1749,0.1964,0.3246
423,Maize,Cotton,0.0551,0.4959,0.1455,0.1022,0.2014
424,Groundnut,Cotton,0.1035,0.3567,0.0866,0.188,0.2652
425,Cotton,Cotton,0.0316,0.5682,0.1508,0.0828,0.1666
426,Groundnut,Cotton,0.0398,0.5812,0.161,0.0717,0.1464
427,Groundnut,Groundnut,0.0612,0.1497,0.2141,0.1818,0.3932
428,Groundnut,Groundnut,0.0487,0.2049,0.2371,0.1517,0.3577
429,Cotton,Bajra,0.0682,0.2342,0.0474,0.354,0.2962
430,Cotton,Groundnut,0.0113,0.1454,0.2778,0.1966,0.369
431,Cotton,Groundnut,0.0348,0.1678,0.3368,0.1156,0.3451
432,Bajra,Groundnut,0.0573,0.1331,0.2373,0.1913,0.381
433,Groundnut,Cotton,0.0591,0.4319,0.0955,0.1441,0.2694
434,Cotton,Cotton,0.1478,0.3307,0.0974,0.17,0.254
435,Bajra,Groundnut,0.1714,0.1418,0.1415,0.1884,0.3569
436,Cotton,Cotton,0.167,0.3455,0.1491,0.0985,0.24
437,Cotton,Groundnut,0.2269,0.1526,0.1266,0.182,0.3119
438,Cotton,Groundnut,0.1271,0.2062,0.1175,0.2525,0.2967
439,Maize,Rice,0.3235,0.0634,0.1874,0.153,0.2727
440,Cotton,Cotton,0.0582,0.4824,0.1725,0.079,0.2079
441,Groundnut,Cotton,0.2495,0.3448,0.1003,0.1023,0.2032
442,Groundnut,Bajra,0.0784,0.1672,0.0794,0.3426,0.3323
443,Bajra,Cotton,0.0988,0.3509,0.1468,0.1166,0.2869
444,Rice,Cotton,0.0196,0.7721,0.094,0.0374,0.0769
445,Rice,Cotton,0.0121,0.7012,0.1631,0.0328,0.0908
446,Cotton,Cotton,0.0092,0.7974,0.1128,0.0255,0.0551
447,Cotton,Cotton,0.0354,0.5896,0.1384,0.0689,0.1677
448,Cotton,Cotton,0.0166,0.825,0.0735,0.0259,0.0591
449,Cotton,Cotton,0.0029,0.7855,0.1287,0.0229,0.06
450,Cotton,Cotton,0.0162,0.6196,0.2071,0.039,0.1182
451,Cotton,Groundnut,0.0086,0.0757,0.3546,0.1266,0.4345
452,Rice,Groundnut,0.0328,0.1817,0.2652,0.1685,0.3518
453,Cotton,Cotton,0.0753,0.3343,0.1956,0.1339,0.2609
454,Bajra,Cotton,0.0536,0.4201,0.1573,0.1258,0.2432
455,Bajra,Groundnut,0.0509,0.2144,0.2916,0.1128,0.3302
456,Cotton,Cotton,0.0514,0.6112,0.1026,0.0895,0.1453
457,Cotton,Cotton,0.0972,0.4447,0.1321,0.1137,0.2123
458,Cotton,Cotton,0.014,0.59,0.2357,0.059,0.1013
459,Rice,Cotton,0.1567,0.4998,0.0555,0.1342,0.1539
460,Groundnut,Groundnut,0.1725,0.1305,0.0902,0.2875,0.3193
461,Rice,Groundnut,0.1155,0.2433,0.0962,0.2182,0.3267
462,Maize,Cotton,0.2302,0.458,0.0375,0.1181,0.1562
463,Rice,Cotton,0.0728,0.6742,0.0594,0.0705,0.123
464,Cotton,Groundnut,0.0847,0.0748,0.2497,0.1873,0.4035
465,Cotton,Groundnut,0.0644,0.274,0.2735,0.0973,0.2909
466,Bajra,Groundnut,0.054,0.1551,0.221,0.1701,0.3998
467,Groundnut,Cotton,0.0694,0.4207,0.1602,0.1461,0.2037
468,Rice,Cotton,0.0361,0.6092,0.1412,0.0595,0.154
469,Cotton,Cotton,0.0111,0.3687,0.2988,0.0688,0.2526
470,Cotton,Groundnut,0.0801,0.2819,0.1841,0.1341,0.3198
471,Cotton,Cotton,0.0224,0.7958,0.0653,0.0395,0.0771
472,Cotton,Cotton,0.0516,0.4098,0.1826,0.0822,0.2738
473,Bajra,Groundnut,0.125,0.2427,0.176,0.1448,0.3115
474,Cotton,Cotton,0.1323,0.3926,0.1232,0.1358,0.216
475,Rice,Groundnut,0.043,0.1686,0.2049,0.2372,0.3463
476,Groundnut,Groundnut,0.0807,0.2343,0.2212,0.171,0.2928
477,Bajra,Groundnut,0.1183,0.1567,0.1789,0.1966,0.3494
478,Bajra,Cotton,0.0437,0.3959,0.2567,0.0943,0.2095
479,Bajra,Groundnut,0.0717,0.1284,0.2319,0.2056,0.3623
480,Groundnut,Maize,0.0899,0.1584,0.2988,0.162,0.2909
481,Bajra,Groundnut,0.127,0.0629,0.2788,0.1824,0.349
482,Cotton,Cotton,0.0042,0.7794,0.1312,0.0207,0.0645
483,Maize,Cotton,0.007,0.7883,0.0805,0.0291,0.0952
484,Cotton,Groundnut,0.1469,0.1148,0.2046,0.1932,0.3406
485,Cotton,Groundnut,0.1003,0.2171,0.1928,0.1444,0.3453
486,Rice,Cotton,0.0355,0.3904,0.2308,0.1083,0.2351
487,Bajra,Maize,0.0127,0.253,0.3207,0.1714,0.2422
488,Groundnut,Cotton,0.1225,0.5287,0.0697,0.1164,0.1627
489,Bajra,Cotton,0.0229,0.6343,0.1604,0.0718,0.1106
490,Groundnut,Cotton,0.1603,0.3615,0.0949,0.1434,0.2399
491,Bajra,Maize,0.0148,0.3217,0.4009,0.0517,0.2108
492,Cotton,Maize,0.0968,0.1683,0.3546,0.0995,0.2809
493,Cotton,Cotton,0.0149,0.4248,0.3482,0.0605,0.1516
494,Cotton,Cotton,0.0281,0.4449,0.2977,0.0642,0.1652
495,Bajra,Maize,0.0442,0.262,0.3595,0.0731,0.2612
496,Cotton,Cotton,0.0182,0.3925,0.3069,0.0956,0.1869
497,Cotton,Cotton,0.0127,0.7158,0.1538,0.0386,0.0791
498,Bajra,Groundnut,0.1989,0.1581,0.1539,0.1505,0.3386
499,Bajra,Groundnut,0.0324,0.2068,0.2515,0.1454,0.3639
500,Groundnut,Cotton,0.034,0.4901,0.1557,0.1021,0.2181
501,Cotton,Cotton,0.0049,0.5681,0.2339,0.0687,0.1244
502,Cotton,Maize,0.0392,0.2195,0.3659,0.1043,0.2711
503,Bajra,Rice,0.2882,0.0761,0.1262,0.2338,0.2757
504,Cotton,Groundnut,0.0578,0.105,0.2745,0.2012,0.3615
505,Bajra,Groundnut,0.2835,0.0382,0.1344,0.1971,0.3469
506,Bajra,Groundnut,0.1348,0.2403,0.208,0.1459,0.2711
507,Bajra,Groundnut,0.1833,0.0266,0.1792,0.1943,0.4166
508,Bajra,Maize,0.0525,0.0766,0.4227,0.0784,0.3699
509,Bajra,Cotton,0.1765,0.2962,0.0802,0.1905,0.2566
510,Cotton,Groundnut,0.1839,0.0787,0.1964,0.1476,0.3935
511,Maize,Cotton,0.0837,0.4377,0.1089,0.1509,0.2188
512,Cotton,Cotton,0.0709,0.2913,0.1812,0.1687,0.288
513,Bajra,Cotton,0.2034,0.3101,0.0751,0.1468,0.2646
514,Groundnut,Groundnut,0.0397,0.1343,0.1743,0.261,0.3908
515,Cotton,Cotton,0.0712,0.4286,0.1433,0.1264,0.2305
516,Bajra,Rice,0.4435,0.0322,0.0855,0.1884,0.2504
517,Cotton,Maize,0.0037,0.1747,0.5216,0.0882,0.2118
518,Groundnut,Groundnut,0.014,0.1389,0.3245,0.1304,0.3922
519,Cotton,Groundnut,0.1132,0.1272,0.275,0.1374,0.3472
520,Cotton,Groundnut,0.0448,0.0818,0.1342,0.3126,0.4267
521,Cotton,Groundnut,0.1136,0.2852,0.1105,0.2042,0.2863
522,Cotton,Cotton,0.0529,0.4411,0.0796,0.1647,0.2618
523,Cotton,Cotton,0.0336,0.3838,0.2461,0.0977,0.2388
524,Groundnut,Cotton,0.2031,0.2803,0.0706,0.2439,0.2022
525,Rice,Bajra,0.25,0.1284,0.0601,0.2851,0.2764
526,Groundnut,Cotton,0.0788,0.4471,0.1816,0.1005,0.1921
527,Groundnut,Cotton,0.0501,0.3867,0.0646,0.2864,0.2121
528,Groundnut,Cotton,0.0703,0.396,0.0307,0.3412,0.1619
529,Cotton,Maize,0.0143,0.3078,0.334,0.0885,0.2555
530,Groundnut,Cotton,0.2478,0.4668,0.05,0.1349,0.1004
531,Groundnut,Maize,0.0732,0.2564,0.3304,0.0844,0.2556
532,Maize,Groundnut,0.1742,0.1544,0.2421,0.1333,0.296
533,Cotton,Cotton,0.0035,0.5443,0.3122,0.0375,0.1026
534,Bajra,Cotton,0.0548,0.3891,0.1641,0.1554,0.2366
535,Cotton,Cotton,0.0421,0.5297,0.1664,0.09,0.1718
536,Groundnut,Cotton,0.1203,0.3648,0.1517,0.1074,0.2559
537,Groundnut,Groundnut,0.0691,0.1235,0.2681,0.1716,0.3677
538,Bajra,Cotton,0.0245,0.4278,0.2369,0.1066,0.2042
539,Cotton,Maize,0.0091,0.1699,0.5049,0.0847,0.2313
540,Cotton,Groundnut,0.1325,0.2114,0.2134,0.1698,0.2729
541,Cotton,Cotton,0.0873,0.4975,0.1054,0.132,0.1778
542,Cotton,Cotton,0.2477,0.2734,0.1438,0.1182,0.2169
543,Cotton,Cotton,0.0161,0.8402,0.0744,0.0294,0.04
544,Groundnut,Rice,0.7593,0.1006,0.0096,0.0709,0.0597
545,Maize,Groundnut,0.1258,0.122,0.2222,0.1328,0.3972
546,Cotton,Cotton,0.0004,0.9243,0.0484,0.0076,0.0193
547,Groundnut,Groundnut,0.0591,0.0935,0.048,0.3719,0.4275
548,Groundnut,Bajra,0.1082,0.1459,0.0385,0.3542,0.3532
549,Cotton,Maize,0.032,0.2809,0.3441,0.0965,0.2466
550,Rice,Groundnut,0.1518,0.1396,0.1095,0.2495,0.3495
551,Bajra,Groundnut,0.1087,0.1475,0.2615,0.1836,0.2987
552,Bajra,Groundnut,0.0588,0.1204,0.172,0.1879,0.4609
553,Bajra,Rice,0.8661,0.0094,0.0067,0.0628,0.0549
554,Bajra,Rice,0.4269,0.0546,0.0551,0.2344,0.229
555,Groundnut,Rice,0.5192,0.0391,0.0269,0.2407,0.1742
556,Cotton,Cotton,0.0373,0.7253,0.131,0.0296,0.0768
557,Cotton,Cotton,0.0915,0.5188,0.1685,0.0602,0.161
558,Bajra,Rice,0.6771,0.0601,0.0341,0.1056,0.1231
559,Maize,Maize,0.0815,0.1273,0.4644,0.0819,0.2449
560,Bajra,Groundnut,0.1251,0.1118,0.2169,0.191,0.3552
561,Cotton,Maize,0.1218,0.1029,0.3827,0.1057,0.2869
562,Cotton,Groundnut,0.1978,0.1886,0.12,0.2387,0.2548
563,Cotton,Cotton,0.1045,0.3551,0.1594,0.0945,0.2865
564,Cotton,Cotton,0.0935,0.4893,0.1335,0.0984,0.1852
565,Cotton,Rice,0.3699,0.1423,0.0595,0.2025,0.2258
566,Cotton,Groundnut,0.1719,0.2416,0.0972,0.2112,0.2781
567,Cotton,Cotton,0.1941,0.3606,0.0882,0.1607,0.1964
568,Cotton,Cotton,0.0188,0.6886,0.1383,0.0426,0.1117
569,Groundnut,Cotton,0.2142,0.2763,0.0939,0.1736,0.2421
570,Cotton,Cotton,0.0018,0.9225,0.0592,0.0037,0.0127
571,Groundnut,Cotton,0.0175,0.6898,0.1118,0.061,0.1199
572,Cotton,Groundnut,0.1733,0.1434,0.0998,0.2071,0.3765
573,Groundnut,Cotton,0.1393,0.3267,0.0302,0.3125,0.1913
574,Cotton,Cotton,0.0067,0.8312,0.0824,0.0237,0.0559
575,Groundnut,Cotton,0.0507,0.402,0.2105,0.1111,0.2256
576,Groundnut,Cotton,0.0268,0.3225,0.3018,0.0997,0.2492
577,Cotton,Cotton,0.1767,0.3425,0.1665,0.127,0.1872
578,Cotton,Rice,0.4247,0.1092,0.1398,0.1152,0.2111
579,Cotton,Rice,0.5625,0.0507,0.1444,0.0684,0.1741
580,Cotton,Rice,0.4167,0.0335,0.1828,0.0842,0.2829
581,Cotton,Groundnut,0.2541,0.1375,0.1929,0.1247,0.2907
582,Cotton,Rice,0.4162,0.369,0.0056,0.1365,0.0726
583,Groundnut,Groundnut,0.2381,0.1873,0.098,0.2067,0.27
584,Maize,Maize,0.1385,0.0509,0.3905,0.0948,0.3252
585,Cotton,Cotton,0.163,0.6125,0.0639,0.0497,0.1109
586,Bajra,Rice,0.521,0.2602,0.0342,0.0651,0.1195
587,Cotton,Cotton,0.2882,0.4139,0.0693,0.1058,0.1227
588,Bajra,Cotton,0.1176,0.543,0.1247,0.0677,0.1469
589,Bajra,Cotton,0.1017,0.779,0.0221,0.036,0.0612
590,Cotton,Cotton,0.1096,0.517,0.0606,0.1255,0.1873
591,Cotton,Rice,0.4172,0.2713,0.0383,0.1126,0.1606
592,Cotton,Groundnut,0.0129,0.1499,0.2954,0.1635,0.3784
593,Groundnut,Cotton,0.1238,0.3124,0.0158,0.3037,0.2443
594,Cotton,Cotton,0.0047,0.8852,0.0767,0.0065,0.0269
595,Cotton,Cotton,0.0238,0.6577,0.2028,0.0194,0.0964
596,Groundnut,Cotton,0.0891,0.4598,0.1566,0.0877,0.2068
597,Cotton,Maize,0.0085,0.179,0.4334,0.0996,0.2795
598,Cotton,Cotton,0.1082,0.539,0.1047,0.0996,0.1485
599,Cotton,Cotton,0.0141,0.39,0.2624,0.0919,0.2415
600,Cotton,Cotton,0.1493,0.3949,0.0614,0.2024,0.192
601,Bajra,Cotton,0.0606,0.5408,0.0932,0.1031,0.2024
602,Cotton,Cotton,0.0171,0.4543,0.3201,0.0493,0.1592
603,Cotton,Bajra,0.1347,0.0029,0.0048,0.6323,0.2253
604,Cotton,Cotton,0.0382,0.7377,0.0928,0.0353,0.0961
605,Cotton,Cotton,0.0246,0.495,0.2509,0.061,0.1684
606,Bajra,Groundnut,0.1547,0.1318,0.16,0.196,0.3576
607,Groundnut,Cotton,0.0462,0.5704,0.1323,0.1091,0.142
608,Cotton,Groundnut,0.0478,0.2467,0.2822,0.0981,0.3253
609,Groundnut,Groundnut,0.0496,0.2743,0.18,0.1774,0.3187
610,Cotton,Cotton,0.1256,0.5348,0.1101,0.0857,0.1437
611,Maize,Cotton,0.004,0.6883,0.1961,0.0213,0.0903
612,Cotton,Cotton,0.1021,0.454,0.1247,0.1232,0.196
613,Cotton,Cotton,0.0127,0.5165,0.2959,0.0487,0.1262
614,Cotton,Cotton,0.0874,0.6436,0.0835,0.0669,0.1186
615,Cotton,Cotton,0.0028,0.861,0.1083,0.0054,0.0226
616,Groundnut,Groundnut,0.2199,0.1926,0.0643,0.241,0.2821
617,Cotton,Groundnut,0.1427,0.2269,0.1578,0.1667,0.3059
618,Groundnut,Groundnut,0.1115,0.2065,0.2629,0.1313,0.2879
619,Cotton,Cotton,0.1757,0.3405,0.1643,0.1109,0.2086
620,Bajra,Cotton,0.1104,0.3448,0.1108,0.1671,0.267
621,Cotton,Groundnut,0.1424,0.1431,0.3057,0.0839,0.3249
622,Groundnut,Maize,0.0179,0.1067,0.4728,0.0989,0.3038
623,Bajra,Groundnut,0.1401,0.1264,0.1835,0.1814,0.3685
624,Groundnut,Groundnut,0.0852,0.0577,0.1697,0.1919,0.4955
625,Cotton,Cotton,0.0024,0.8732,0.1006,0.0037,0.0201
626,Cotton,Cotton,0.0551,0.4206,0.1698,0.1087,0.2457
627,Groundnut,Groundnut,0.0341,0.1736,0.2416,0.1761,0.3746
628,Cotton,Groundnut,0.035,0.0527,0.265,0.1726,0.4747
629,Maize,Groundnut,0.1473,0.0956,0.1331,0.2332,0.3909
630,Cotton,Groundnut,0.0566,0.2081,0.1794,0.1863,0.3696
631,Cotton,Groundnut,0.066,0.2821,0.2021,0.1559,0.2939
632,Bajra,Cotton,0.0306,0.6182,0.1748,0.0448,0.1316
633,Bajra,Rice,0.5117,0.0825,0.0086,0.2346,0.1627
634,Bajra,Rice,0.2648,0.2418,0.07,0.1681,0.2554
635,Bajra,Cotton,0.019,0.3543,0.2793,0.0888,0.2585
636,Cotton,Cotton,0.0323,0.3815,0.1265,0.1661,0.2936
637,Bajra,Groundnut,0.0246,0.2005,0.1812,0.2301,0.3636
638,Bajra,Maize,0.0241,0.0986,0.506,0.105,0.2663
639,Groundnut,Rice,0.379,0.1551,0.1057,0.1312,0.2289
640,Bajra,Groundnut,0.1249,0.1914,0.1301,0.2124,0.3412
641,Groundnut,Cotton,0.1341,0.6658,0.0378,0.0794,0.083
642,Groundnut,Cotton,0.0128,0.7518,0.082,0.0481,0.1053
643,Rice,Cotton,0.0702,0.6205,0.066,0.1067,0.1365
644,Rice,Groundnut,0.16,0.1834,0.1307,0.1562,0.3698
645,Cotton,Cotton,0.058,0.8375,0.0429,0.0149,0.0466
646,Groundnut,Cotton,0.1673,0.4849,0.0625,0.1054,0.1798
647,Cotton,Cotton,0.1343,0.5087,0.112,0.0876,0.1574
648,Cotton,Cotton,0.0476,0.6593,0.1112,0.0579,0.124
649,Cotton,Cotton,0.1352,0.4993,0.1646,0.0614,0.1395
650,Groundnut,Groundnut,0.1387,0.2216,0.1039,0.183,0.3528
651,Bajra,Cotton,0.2522,0.3977,0.0998,0.0804,0.17
652,Cotton,Cotton,0.1163,0.5074,0.0667,0.1105,0.1992
653,Cotton,Groundnut,0.0519,0.1184,0.2902,0.1203,0.4192
654,Bajra,Groundnut,0.0483,0.0996,0.1641,0.1642,0.5237
655,Groundnut,Groundnut,0.2246,0.1109,0.0968,0.2005,0.3671
656,Groundnut,Groundnut,0.0433,0.1728,0.237,0.1277,0.4192
657,Bajra,Groundnut,0.1239,0.1059,0.1082,0.2337,0.4283
658,Groundnut,Cotton,0.2198,0.291,0.1748,0.1096,0.2047
659,Cotton,Groundnut,0.119,0.2104,0.1515,0.1576,0.3615
660,Maize,Groundnut,0.0491,0.1751,0.1993,0.1631,0.4135
661,Cotton,Cotton,0.0129,0.5134,0.3257,0.0339,0.1141
662,Cotton,Cotton,0.0082,0.8372,0.11,0.0097,0.0348
663,Cotton,Cotton,0.0449,0.4586,0.22,0.081,0.1956
664,Groundnut,Cotton,0.0404,0.7277,0.0572,0.0894,0.0852
665,Cotton,Cotton,0.0054,0.8572,0.0659,0.0273,0.0442
666,Cotton,Cotton,0.111,0.3482,0.2897,0.0436,0.2075
667,Cotton,Cotton,0.0161,0.7807,0.0777,0.041,0.0847
668,Groundnut,Cotton,0.0603,0.8016,0.0324,0.0356,0.0701
669,Groundnut,Groundnut,0.1256,0.2196,0.051,0.2788,0.3251
670,Bajra,Cotton,0.2869,0.3325,0.0564,0.1429,0.1813
671,Cotton,Cotton,0.2376,0.2451,0.1196,0.1712,0.2265
672,Groundnut,Rice,0.5953,0.0653,0.0241,0.1561,0.1593
673,Cotton,Cotton,0.0644,0.3707,0.2332,0.1038,0.2279
674,Rice,Cotton,0.0682,0.4426,0.1118,0.1554,0.2219
675,Groundnut,Groundnut,0.1135,0.1429,0.1689,0.2468,0.3279
676,Groundnut,Groundnut,0.0932,0.1448,0.18,0.2138,0.3683
677,Groundnut,Cotton,0.065,0.3746,0.1558,0.1964,0.2081
678,Maize,Maize,0.0145,0.2108,0.3491,0.1364,0.2892
679,Cotton,Maize,0.0184,0.3498,0.3711,0.0614,0.1993
680,Cotton,Groundnut,0.0206,0.1984,0.2677,0.1429,0.3704
681,Cotton,Cotton,0.0104,0.5723,0.1556,0.0802,0.1814
682,Cotton,Cotton,0.016,0.581,0.1297,0.0796,0.1937
683,Cotton,Groundnut,0.0475,0.1828,0.1707,0.2171,0.3819
684,Cotton,Groundnut,0.166,0.2403,0.1236,0.2114,0.2587
685,Groundnut,Cotton,0.0341,0.4143,0.2612,0.1034,0.1871
686,Groundnut,Cotton,0.1164,0.312,0.1864,0.1459,0.2393
687,Cotton,Rice,0.2683,0.1457,0.1284,0.1953,0.2623
688,Groundnut,Bajra,0.07,0.2691,0.0482,0.3727,0.2401
689,Groundnut,Groundnut,0.0698,0.2902,0.1045,0.2215,0.314
690,Rice,Cotton,0.1245,0.3029,0.0761,0.2726,0.2239
691,Groundnut,Bajra,0.3206,0.0558,0.0103,0.4227,0.1907
692,Bajra,Rice,0.3024,0.2177,0.0492,0.2182,0.2126
693,Cotton,Groundnut,0.0947,0.1016,0.1747,0.2539,0.375
694,Cotton,Cotton,0.0127,0.8259,0.1115,0.0109,0.0391
695,Groundnut,Cotton,0.1134,0.4732,0.0603,0.1378,0.2152
696,Cotton,Cotton,0.1032,0.6044,0.0664,0.0884,0.1376
697,Cotton,Maize,0.0066,0.3916,0.4222,0.0413,0.1383
698,Cotton,Rice,0.4067,0.1363,0.0425,0.1824,0.232
699,Rice,Cotton,0.0687,0.3963,0.1373,0.1823,0.2154
700,Bajra,Cotton,0.0369,0.3011,0.1404,0.2319,0.2898
701,Bajra,Cotton,0.0149,0.6124,0.1293,0.0925,0.1509
702,Groundnut,Cotton,0.0463,0.499,0.1559,0.13,0.1687
703,Cotton,Cotton,0.1278,0.2939,0.0792,0.2452,0.2539
704,Bajra,Groundnut,0.0614,0.2477,0.0955,0.2826,0.3128
705,Cotton,Cotton,0.0064,0.6985,0.2225,0.0185,0.0541
706,Bajra,Groundnut,0.0418,0.2741,0.2601,0.1298,0.2943
707,Cotton,Cotton,0.0099,0.4614,0.1423,0.173,0.2135
708,Groundnut,Bajra,0.1115,0.2907,0.0532,0.3172,0.2273
709,Groundnut,Rice,0.3817,0.0614,0.0683,0.239,0.2495
710,Cotton,Groundnut,0.2026,0.0913,0.2667,0.0988,0.3407
711,Cotton,Cotton,0.0189,0.4258,0.3799,0.0447,0.1306
712,Cotton,Groundnut,0.0109,0.1067,0.1689,0.271,0.4426
713,Cotton,Cotton,0.0174,0.4592,0.2396,0.0782,0.2057
714,Rice,Groundnut,0.0409,0.2909,0.1598,0.1766,0.3319
715,Cotton,Cotton,0.0144,0.55,0.2562,0.0513,0.128
716,Groundnut,Maize,0.0391,0.2662,0.3114,0.0854,0.298
717,Cotton,Cotton,0.0291,0.4236,0.1568,0.1638,0.2267
718,Bajra,Cotton,0.0477,0.5382,0.1592,0.0726,0.1823
719,Cotton,Groundnut,0.2505,0.038,0.2744,0.0679,0.3692
720,Maize,Bajra,0.1347,0.0029,0.0048,0.6323,0.2253
721,Cotton,Groundnut,0.2121,0.0337,0.3151,0.0656,0.3735
722,Cotton,Maize,0.156,0.2498,0.285,0.0425,0.2667
723,Cotton,Groundnut,0.171,0.1585,0.2934,0.0524,0.3248
724,Cotton,Rice,0.6117,0.038,0.0927,0.0836,0.174
725,Groundnut,Cotton,0.0649,0.5048,0.0551,0.2187,0.1565
726,Cotton,Maize,0.0225,0.2525,0.4235,0.0792,0.2224
727,Groundnut,Cotton,0.0091,0.8822,0.0101,0.0639,0.0347
728,Bajra,Groundnut,0.057,0.1534,0.0666,0.3319,0.3911
729,Cotton,Groundnut,0.1296,0.138,0.1793,0.1705,0.3827
730,Cotton,Maize,0.1445,0.0492,0.3997,0.073,0.3337
731,Cotton,Cotton,0.009,0.4456,0.3142,0.0605,0.1708
732,Cotton,Cotton,0.0468,0.514,0.1848,0.0716,0.1828
733,Cotton,Rice,0.4499,0.0692,0.1607,0.0676,0.2527
734,Maize,Groundnut,0.0993,0.069,0.3022,0.1993,0.3303
735,Cotton,Rice,0.4455,0.0453,0.0546,0.2297,0.2249
736,Cotton,Groundnut,0.0872,0.1881,0.2015,0.1479,0.3753
737,Cotton,Rice,0.4009,0.1962,0.0643,0.1579,0.1807
738,Cotton,Cotton,0.1106,0.5446,0.0958,0.1027,0.1464
739,Cotton,Groundnut,0.0479,0.2083,0.0922,0.2988,0.3528
740,Cotton,Cotton,0.0467,0.5715,0.0819,0.1052,0.1947
741,Rice,Cotton,0.0755,0.7261,0.0338,0.0781,0.0864
742,Cotton,Cotton,0.0312,0.4631,0.1206,0.1752,0.2099
743,Groundnut,Cotton,0.0719,0.3823,0.142,0.1248,0.279
744,Bajra,Rice,0.6512,0.0259,0.0329,0.1155,0.1745
745,Rice,Maize,0.0103,0.2898,0.3852,0.0904,0.2244
746,Rice,Groundnut,0.2273,0.1103,0.0662,0.2383,0.3579
747,Rice,Groundnut,0.0588,0.1184,0.2948,0.1363,0.3917
748,Groundnut,Cotton,0.0595,0.5031,0.1756,0.0941,0.1676
749,Groundnut,Groundnut,0.1549,0.1297,0.2585,0.1412,0.3156
750,Groundnut,Cotton,0.168,0.3499,0.1261,0.1228,0.2332
751,Groundnut,Maize,0.0125,0.2726,0.4258,0.0581,0.231
752,Cotton,Cotton,0.0064,0.8483,0.0887,0.0132,0.0434
753,Cotton,Cotton,0.0616,0.5783,0.1484,0.0608,0.1509
754,Cotton,Groundnut,0.1071,0.2412,0.2087,0.1159,0.3271
755,Cotton,Cotton,0.0205,0.7476,0.1332,0.0216,0.077
756,Cotton,Cotton,0.0969,0.4425,0.1688,0.1066,0.1852
757,Groundnut,Cotton,0.0174,0.7276,0.08,0.0797,0.0952
758,Cotton,Cotton,0.0649,0.6559,0.0928,0.055,0.1314
759,Groundnut,Cotton,0.1445,0.3372,0.132,0.1257,0.2606
760,Bajra,Rice,0.3897,0.1916,0.0774,0.133,0.2083
761,Groundnut,Cotton,0.2507,0.4082,0.0541,0.1347,0.1523
762,Bajra,Cotton,0.2685,0.2691,0.0462,0.216,0.2002
763,Maize,Cotton,0.0329,0.4705,0.1963,0.1049,0.1954
764,Groundnut,Cotton,0.0893,0.3929,0.1043,0.1373,0.2762
765,Groundnut,Cotton,0.0358,0.4096,0.1642,0.1257,0.2647
766,Cotton,Cotton,0.0417,0.4765,0.2019,0.078,0.2019
767,Groundnut,Rice,0.2896,0.1601,0.0792,0.2019,0.2691
768,Bajra,Cotton,0.0757,0.3608,0.1888,0.1147,0.26
769,Cotton,Groundnut,0.0681,0.2244,0.2893,0.1248,0.2934
770,Cotton,Groundnut,0.0698,0.2661,0.2011,0.1368,0.3262
771,Cotton,Cotton,0.2636,0.4217,0.0473,0.1026,0.1649
772,Cotton,Cotton,0.0641,0.4694,0.097,0.1426,0.2269
773,Cotton,Rice,0.4277,0.178,0.0574,0.1468,0.1901
774,Maize,Cotton,0.2294,0.2889,0.0976,0.1276,0.2565
775,Groundnut,Cotton,0.0624,0.429,0.0947,0.1448,0.2691
776,Groundnut,Cotton,0.0296,0.3778,0.2571,0.0843,0.2511
777,Bajra,Rice,0.3567,0.1695,0.0274,0.2268,0.2196
778,Bajra,Rice,0.3089,0.288,0.1127,0.1246,0.1658
779,Bajra,Groundnut,0.1094,0.1538,0.162,0.2009,0.3739
780,Bajra,Cotton,0.136,0.3844,0.1096,0.1526,0.2174
781,Groundnut,Cotton,0.1398,0.3285,0.1057,0.1627,0.2633
782,Rice,Cotton,0.0419,0.4352,0.2627,0.0864,0.1738
783,Cotton,Cotton,0.0311,0.5012,0.1788,0.0954,0.1936
784,Maize,Groundnut,0.2055,0.0941,0.1894,0.2121,0.2989
785,Groundnut,Groundnut,0.2965,0.025,0.0635,0.2827,0.3322
786,Groundnut,Cotton,0.2403,0.2988,0.08,0.1786,0.2022
787,Bajra,Groundnut,0.1814,0.2488,0.0774,0.2053,0.287
788,Bajra,Cotton,0.0209,0.6967,0.1005,0.0705,0.1114
789,Cotton,Rice,0.3705,0.1684,0.0529,0.1605,0.2477
790,Groundnut,Cotton,0.0701,0.3323,0.1339,0.1623,0.3014
791,Groundnut,Cotton,0.306,0.3648,0.1374,0.0626,0.1292
792,Bajra,Cotton,0.0477,0.5347,0.1338,0.0822,0.2016
793,Bajra,Groundnut,0.2276,0.2714,0.1014,0.1152,0.2844
794,Bajra,Cotton,0.0088,0.8205,0.0944,0.0196,0.0567
795,Maize,Groundnut,0.0346,0.3172,0.1272,0.1674,0.3536
796,Cotton,Cotton,0.0178,0.6628,0.1292,0.054,0.1362
797,Cotton,Cotton,0.025,0.6188,0.187,0.0334,0.1358
798,Cotton,Cotton,0.0926,0.5265,0.0878,0.1166,0.1765
799,Cotton,Cotton,0.0558,0.5232,0.1975,0.0667,0.1569
800,Maize,Cotton,0.0227,0.4603,0.1961,0.1004,0.2205
801,Groundnut,Groundnut,0.0331,0.2941,0.1913,0.1775,0.304
802,Maize,Cotton,0.3249,0.3773,0.0323,0.1356,0.13
803,Cotton,Cotton,0.0842,0.5748,0.0839,0.0966,0.1605
804,Bajra,Rice,0.3095,0.2167,0.0826,0.1578,0.2334
805,Bajra,Cotton,0.0909,0.4674,0.1938,0.083,0.165
806,Bajra,Rice,0.5611,0.2115,0.027,0.0888,0.1116
807,Groundnut,Groundnut,0.1456,0.152,0.2563,0.1188,0.3273
808,Groundnut,Cotton,0.0898,0.4504,0.1143,0.1503,0.1952
809,Maize,Rice,0.5325,0.1125,0.0138,0.1732,0.168
810,Cotton,Groundnut,0.0493,0.2839,0.22,0.1282,0.3186
811,Bajra,Groundnut,0.189,0.2403,0.1693,0.1391,0.2624
812,Cotton,Cotton,0.0256,0.4126,0.2894,0.0715,0.201
813,Cotton,Cotton,0.0454,0.5442,0.1871,0.0772,0.1461
814,Cotton,Groundnut,0.0845,0.2205,0.2617,0.1469,0.2864
815,Bajra,Rice,0.582,0.0382,0.0366,0.123,0.2202
816,Bajra,Groundnut,0.0919,0.147,0.213,0.1696,0.3785
817,Cotton,Groundnut,0.0326,0.2287,0.3025,0.1046,0.3316
818,Groundnut,Rice,0.3151,0.3,0.0674,0.143,0.1746
819,Bajra,Groundnut,0.0562,0.1765,0.3311,0.1024,0.3339
820,Groundnut,Cotton,0.0084,0.4444,0.3612,0.0558,0.1302
821,Bajra,Cotton,0.1555,0.4005,0.0711,0.1827,0.1902
822,Bajra,Maize,0.0076,0.2747,0.4412,0.0766,0.1998
823,Groundnut,Groundnut,0.0278,0.1235,0.2946,0.1528,0.4013
824,Cotton,Cotton,0.0725,0.7448,0.0351,0.0656,0.0819
825,Cotton,Cotton,0.0088,0.5149,0.3305,0.0376,0.1082
826,Cotton,Groundnut,0.1454,0.1226,0.1259,0.2285,0.3776
827,Cotton,Groundnut,0.1262,0.1387,0.1637,0.2053,0.3661
828,Cotton,Cotton,0.1294,0.3403,0.1536,0.101,0.2758
829,Groundnut,Cotton,0.1738,0.4791,0.1097,0.0771,0.1603
830,Cotton,Cotton,0.046,0.572,0.1307,0.0724,0.1789
831,Bajra,Groundnut,0.0902,0.2872,0.1741,0.1582,0.2903
832,Cotton,Cotton,0.038,0.4461,0.2367,0.073,0.2061
833,Cotton,Groundnut,0.0728,0.1889,0.1482,0.1611,0.4291
834,Cotton,Groundnut,0.1748,0.2871,0.1116,0.1358,0.2907
835,Maize,Groundnut,0.2303,0.1351,0.1171,0.1459,0.3716
836,Groundnut,Groundnut,0.0354,0.0983,0.2654,0.1613,0.4397
837,Bajra,Cotton,0.139,0.3439,0.2218,0.0902,0.205
838,Bajra,Maize,0.0772,0.258,0.2785,0.1256,0.2608
839,Cotton,Groundnut,0.1334,0.0992,0.323,0.1207,0.3237
840,Cotton,Maize,0.028,0.3033,0.3656,0.0887,0.2145
841,Cotton,Maize,0.0814,0.1574,0.3361,0.1326,0.2925
842,Cotton,Cotton,0.0413,0.3887,0.3321,0.0525,0.1854
843,Bajra,Cotton,0.1182,0.5894,0.0777,0.0813,0.1335
844,Groundnut,Bajra,0.1711,0.1762,0.0831,0.2908,0.2787
845,Cotton,Maize,0.0064,0.2422,0.318,0.155,0.2784
846,Bajra,Bajra,0.1573,0.052,0.0614,0.4099,0.3194
847,Cotton,Groundnut,0.0756,0.2033,0.188,0.2103,0.3228
848,Groundnut,Bajra,0.2776,0.0799,0.0592,0.3084,0.2749
849,Groundnut,Cotton,0.0349,0.4208,0.0538,0.27,0.2205
850,Cotton,Cotton,0.0081,0.7874,0.0847,0.0431,0.0766
851,Bajra,Cotton,0.1225,0.2823,0.1211,0.2044,0.2697
852,Groundnut,Bajra,0.1082,0.1537,0.0871,0.3615,0.2895
853,Groundnut,Groundnut,0.1779,0.2056,0.1405,0.2054,0.2706
854,Groundnut,Cotton,0.0837,0.437,0.097,0.1792,0.2031
855,Bajra,Maize,0.0277,0.2647,0.3445,0.1135,0.2496
856,Bajra,Cotton,0.0352,0.3954,0.2782,0.0916,0.1996
857,Cotton,Cotton,0.0033,0.6994,0.1409,0.0526,0.1037
858,Bajra,Cotton,0.0091,0.4052,0.362,0.0438,0.1798
859,Bajra,Cotton,0.0554,0.4583,0.2132,0.0892,0.184
860,Bajra,Cotton,0.0921,0.4895,0.1483,0.0773,0.1927
861,Cotton,Cotton,0.0595,0.6016,0.1176,0.0525,0.1688
862,Cotton,Cotton,0.2901,0.4964,0.0156,0.0942,0.1038
863,Cotton,Cotton,0.0433,0.4438,0.2239,0.106,0.183
864,Bajra,Groundnut,0.1709,0.2611,0.0918,0.1998,0.2765
865,Bajra,Groundnut,0.2152,0.0442,0.1342,0.2084,0.398
866,Cotton,Rice,0.3079,0.1576,0.1124,0.129,0.2931
867,Cotton,Cotton,0.0987,0.3549,0.2297,0.1265,0.1902
868,Bajra,Cotton,0.0306,0.6623,0.1141,0.0619,0.1311
869,Bajra,Cotton,0.1694,0.3751,0.0726,0.1339,0.2491
870,Cotton,Cotton,0.0596,0.3541,0.1824,0.1078,0.2961
871,Maize,Groundnut,0.3035,0.0821,0.0708,0.1946,0.3489
872,Groundnut,Groundnut,0.0252,0.2087,0.291,0.1383,0.3369
873,Cotton,Cotton,0.0222,0.5859,0.1647,0.0689,0.1582
874,Maize,Groundnut,0.2085,0.0584,0.1371,0.1332,0.4628
875,Cotton,Cotton,0.1233,0.623,0.0633,0.0722,0.1182
876,Groundnut,Groundnut,0.1612,0.147,0.0981,0.2526,0.3411
877,Groundnut,Cotton,0.0335,0.5624,0.1615,0.103,0.1396
878,Cotton,Cotton,0.1105,0.4316,0.1359,0.1097,0.2123
879,Bajra,Cotton,0.1742,0.494,0.067,0.1009,0.1639
880,Bajra,Groundnut,0.1739,0.1726,0.1444,0.1361,0.373
881,Groundnut,Cotton,0.0473,0.5218,0.1353,0.1085,0.187
882,Groundnut,Cotton,0.0499,0.3627,0.1706,0.1488,0.2681
883,Groundnut,Maize,0.0111,0.3202,0.3948,0.0622,0.2117
884,Cotton,Cotton,0.0758,0.3001,0.1915,0.1541,0.2785
885,Groundnut,Rice,0.4612,0.1496,0.0281,0.2217,0.1394
886,Groundnut,Cotton,0.0542,0.3337,0.2436,0.1447,0.2238
887,Bajra,Cotton,0.0273,0.2985,0.2896,0.1248,0.2599
888,Bajra,Maize,0.0209,0.1911,0.3549,0.1427,0.2903
889,Groundnut,Groundnut,0.0824,0.2601,0.1194,0.2265,0.3116
890,Bajra,Cotton,0.0653,0.5121,0.1141,0.1174,0.1911
891,Bajra,Cotton,0.2381,0.342,0.06,0.1683,0.1916
892,Groundnut,Groundnut,0.0927,0.1461,0.1886,0.2558,0.3168
893,Cotton,Cotton,0.0658,0.3847,0.1873,0.1573,0.2049
894,Bajra,Cotton,0.0594,0.3557,0.1103,0.1802,0.2944
895,Cotton,Groundnut,0.0477,0.1845,0.1336,0.2317,0.4025
896,Bajra,Groundnut,0.1546,0.1546,0.2853,0.1173,0.2882
897,Cotton,Maize,0.0335,0.2062,0.3028,0.1736,0.2839
898,Cotton,Cotton,0.0379,0.4896,0.2052,0.082,0.1854
899,Cotton,Cotton,0.0215,0.3816,0.2591,0.1049,0.2329
900,Maize,Groundnut,0.0198,0.2307,0.288,0.1344,0.3271
901,Cotton,Cotton,0.0683,0.608,0.1464,0.069,0.1084
902,Cotton,Maize,0.0213,0.2517,0.3402,0.1073,0.2794
903,Groundnut,Cotton,0.0227,0.5502,0.2119,0.0968,0.1184
904,Groundnut,Maize,0.0876,0.2839,0.2924,0.1091,0.227
905,Cotton,Cotton,0.0897,0.4681,0.2005,0.0661,0.1756
906,Cotton,Cotton,0.0342,0.4596,0.2622,0.0549,0.1891
907,Groundnut,Maize,0.0122,0.1795,0.3515,0.1326,0.3242
908,Cotton,Cotton,0.1068,0.3036,0.1902,0.1257,0.2738
909,Cotton,Cotton,0.0679,0.3078,0.2622,0.0929,0.2693
910,Cotton,Cotton,0.0208,0.4107,0.3591,0.0625,0.1469
911,Cotton,Cotton,0.0269,0.4984,0.1769,0.1133,0.1845
912,Cotton,Cotton,0.0154,0.5717,0.257,0.0376,0.1182
913,Bajra,Groundnut,0.0637,0.1452,0.2423,0.18,0.3688
914,Groundnut,Maize,0.0474,0.2517,0.3164,0.1549,0.2296
915,Bajra,Cotton,0.0873,0.282,0.1851,0.2044,0.2413
916,Cotton,Groundnut,0.2011,0.1922,0.0605,0.2515,0.2946
917,Groundnut,Groundnut,0.2063,0.0929,0.1492,0.1808,0.3708
918,Groundnut,Cotton,0.0345,0.3204,0.2271,0.1191,0.2989
919,Cotton,Cotton,0.0388,0.4952,0.2336,0.075,0.1574
920,Cotton,Groundnut,0.0691,0.1238,0.295,0.1385,0.3735
921,Bajra,Cotton,0.0206,0.4516,0.285,0.0674,0.1753
922,Cotton,Cotton,0.1108,0.2819,0.1872,0.1759,0.2442
923,Bajra,Rice,0.3161,0.0663,0.0513,0.3141,0.2522
924,Maize,Groundnut,0.079,0.1239,0.1997,0.2351,0.3623
925,Maize,Groundnut,0.2109,0.219,0.0789,0.1782,0.3131
926,Cotton,Groundnut,0.1127,0.1373,0.2659,0.1712,0.313
927,Groundnut,Cotton,0.0663,0.6496,0.0882,0.0659,0.13
928,Bajra,Groundnut,0.2755,0.092,0.1892,0.1493,0.294
929,Cotton,Cotton,0.1126,0.3745,0.1373,0.1236,0.2519
930,Groundnut,Maize,0.0387,0.2808,0.3039,0.1223,0.2543
931,Rice,Cotton,0.0584,0.6412,0.0863,0.0645,0.1496
932,Cotton,Cotton,0.0104,0.4382,0.2448,0.0839,0.2227
933,Cotton,Cotton,0.2084,0.4767,0.084,0.0943,0.1366
934,Cotton,Groundnut,0.1724,0.2069,0.1346,0.1783,0.3078
935,Rice,Rice,0.6866,0.0335,0.0165,0.1196,0.1438
936,Maize,Groundnut,0.2065,0.0871,0.2148,0.1392,0.3524
937,Cotton,Groundnut,0.2001,0.1627,0.1661,0.1729,0.2983
938,Bajra,Cotton,0.0412,0.5213,0.2133,0.0566,0.1676
939,Cotton,Cotton,0.0295,0.6735,0.1279,0.0483,0.1208
940,Groundnut,Cotton,0.1732,0.3903,0.0699,0.1615,0.205
941,Cotton,Cotton,0.0032,0.8565,0.0894,0.0079,0.0431
942,Groundnut,Cotton,0.0167,0.7317,0.1049,0.0331,0.1136
943,Groundnut,Cotton,0.0151,0.739,0.1336,0.0291,0.0833
944,Cotton,Groundnut,0.0815,0.2151,0.2528,0.1404,0.3102
945,Cotton,Groundnut,0.0726,0.1589,0.2632,0.135,0.3703
946,Cotton,Cotton,0.0751,0.4375,0.2363,0.0872,0.1639
947,Groundnut,Cotton,0.2287,0.2657,0.0947,0.1849,0.2261
948,Bajra,Rice,0.3797,0.1231,0.0836,0.173,0.2406
949,Cotton,Cotton,0.0767,0.285,0.2641,0.1167,0.2576
950,Groundnut,Rice,0.3451,0.1062,0.0746,0.2188,0.2554
951,Bajra,Cotton,0.0807,0.2976,0.207,0.1661,0.2487
952,Bajra,Cotton,0.1114,0.5607,0.1178,0.0853,0.1248
953,Bajra,Groundnut,0.0348,0.1098,0.3481,0.1354,0.3719
954,Groundnut,Groundnut,0.041,0.0717,0.3061,0.2007,0.3804
955,Groundnut,Cotton,0.1717,0.3236,0.1654,0.1642,0.1752
956,Groundnut,Cotton,0.2555,0.2625,0.0921,0.1874,0.2026
957,Cotton,Groundnut,0.1792,0.2182,0.0876,0.2504,0.2645
958,Bajra,Groundnut,0.2846,0.1434,0.0679,0.2169,0.2873
959,Cotton,Groundnut,0.1025,0.0584,0.1936,0.1737,0.4718
960,Groundnut,Cotton,0.0453,0.4573,0.2053,0.0922,0.1998
961,Cotton,Groundnut,0.0476,0.2446,0.1316,0.2512,0.3249
962,Cotton,Maize,0.0146,0.3061,0.3738,0.0687,0.2369
963,Cotton,Maize,0.0477,0.1445,0.4222,0.0976,0.288
964,Cotton,Groundnut,0.0765,0.1728,0.2548,0.1541,0.3419
965,Cotton,Cotton,0.0161,0.7487,0.0846,0.0512,0.0994
966,Rice,Groundnut,0.0547,0.2294,0.2114,0.1742,0.3303
