farm_id,s2_ndvi_20251013,s1_vh_db
1,0.1786882692008101,-18.353249255834704
2,0.15164473684210528,-17.958114447608587
3,0.2956721846930443,-15.85837533964908
4,0.2359161033107991,-14.567214997182255
5,0.19368183527641972,-15.157432304625063
6,0.2635867209846581,-15.901694990333601
7,0.2577789464457884,-16.5090720570971
8,0.2361610352264558,-15.807261074478316
9,0.4446140797285835,-12.736296984651041
10,0.3605571383349161,-17.257274580654894
11,0.2826199965343961,-15.630707816921474
12,0.21099496709252807,-16.08936186994797
13,0.19102296450939457,-16.811630687864533
14,0.28593886462882095,-14.198913040053633
15,,
16,,
17,,
18,,
19,,
20,0.3018787724220012,-15.201271560882695
21,0.23244828147906826,-15.549306167743662
22,0.19112252384446074,-17.582618662540504
23,,
24,0.24125495852866932,-14.816009956937119
25,0.2579243765084473,-14.190500084646034
26,0.22516082916368835,-14.666017983056234
27,0.2322468902535034,-15.237278623174817
28,0.37501054585337046,-13.678688585326013
29,0.1572093023255814,-15.376401199695248
30,0.4666666666666667,-8.424089705926512
31,0.14105263157894737,-15.398139145118607
32,0.20339676693267852,-15.950566501682777
33,0.26097158251499086,-16.32213603121007
34,0.2636682828958368,-14.689853991082401
35,0.17084003369323839,-17.81096100015747
36,0.17861885790172644,-17.07669763554899
37,0.17791164658634537,-17.33966267733308
38,0.16900441392839627,-16.254375653505527
39,0.29716655148583276,-14.37591822836528
40,0.2736086175942549,-14.456158721777301
41,0.44549418604651164,-9.834611311078081
42,0.6033402922755741,-9.37411742784151
43,0.292402397537664,-12.11170306582855
44,0.3165041782729805,-13.374631512815203
45,0.32414280664545775,-13.65129931560146
46,,
47,0.41301925831609104,-13.034444067239635
48,0.25655952079642286,-14.474383762426264
49,0.1934541203974284,-17.363790186793096
50,,
51,0.33202086819568855,-16.98843504686336
52,,
53,0.38847038299896913,-13.8166563117164
54,0.2053501180173092,-18.23199555626135
55,0.1607709197365211,-16.7801843016293
56,0.18563734290843806,-16.899471550600715
57,,
58,0.3690863127482846,-13.87039227259892
59,0.41314633322068267,-13.773531745092143
60,0.32094536735742424,-13.115493384806648
61,0.3432987078794021,-14.397251887602536
62,0.2292358803986711,-14.626157785644322
63,0.16082643123691637,-16.46845707636923
64,0.31298299845440497,-13.310244894924123
65,0.1604288132405492,-16.969538161258527
66,0.15884910722546025,-17.53629629235577
67,0.29346889539893156,-12.16246891014988
68,0.23569350145489815,-12.951761604270867
69,0.20630132394838277,-15.445828750656808
70,0.2157156220767072,-17.470098024990925
71,0.22615606936416185,-17.24057476879346
72,0.31875224094657584,-14.838761463702085
73,0.15712338104976142,-16.60191715441758
74,0.4892354636379047,-12.411772174188068
75,0.2687420584498094,-15.31426606268693
76,0.30842391304347827,-14.349992150981613
77,0.17,-18.916513457067715
78,0.2321719309671117,-15.359364600675427
79,0.21379310344827587,-16.708253827791204
80,0.18045263368716202,-16.586539890386515
81,0.17832492016070878,-16.177749655244014
82,0.37719298245614036,-15.166400157651987
83,0.35064935064935066,-14.414926155391587
84,0.37405084186200066,-13.75253223703343
85,0.5263415429783069,-10.444147212752203
86,0.5862171174509078,-9.68480458816281
87,0.25645249862712793,-15.163927728442705
88,0.2800763844684914,-13.740170805838982
89,0.22735825901988055,-14.002032223338944
90,0.39879179783884966,-12.440705088431326
91,0.49006316438145126,-13.147227764383565
92,0.4885738631962197,-12.635305615829683
93,0.4590100839042414,-11.154309963430808
94,0.42021614748887476,-14.300873118248719
95,0.263836114323476,-15.671597914464572
96,0.35701305137948125,-14.867718226254258
97,0.2795436022819886,-15.628553364765141
98,0.24121075390110924,-16.159802107464838
99,0.2597938144329897,-14.33410649826052
100,0.15606307775965197,-16.303727250738053
101,0.37641092753149025,-14.98881944847174
102,0.3553580412544021,-14.60848497925134
103,0.5966689798750867,-9.80688295141278
104,0.42900716791215493,-14.401333580033107
105,0.43302180685358255,-12.47679699001253
106,0.5203047742563022,-9.808408597376776
107,0.3177257525083612,-15.483625375192307
108,0.4551259311812699,-9.805008086725037
109,0.4268311728877089,-13.20174681034366
110,0.40783534934103627,-12.213929202190116
111,0.41212305817849526,-13.201203087009075
112,0.1543462557187575,-17.769820857159257
113,0.24428822495606328,-13.366134460413404
114,0.23781604983510443,-16.35272388845032
115,0.48763758175147554,-12.93771373906052
116,0.28075606974091577,-15.20040686257615
117,0.14937533948940793,-14.286573178526998
118,0.20200595517943895,-16.112589421340523
119,0.1919634703196347,-13.730149811470733
120,0.21085427135678392,-13.421309016237553
121,0.42322557976106817,-12.671641305333047
122,0.20672921384665158,-16.61876963777964
123,0.46791207021499315,-14.198005676724858
124,0.1733833177132146,-15.56763826568101
125,0.14782608695652175,-17.39283413432363
126,0.408767576509512,-12.622685161955756
127,0.4261046216353479,-13.545110865411306
128,0.20808823529411766,-16.015704336511178
129,0.19160052245554104,-16.28381340876518
130,0.3442455242966752,-13.644230931361125
131,0.4688842909438167,-13.163350511249783
132,0.3118003303358414,-16.25373203106852
133,0.24627587541110466,-15.074295929775534
134,0.4605851979345955,-14.201403414015433
135,0.27553775956793,-14.728867991457948
136,0.2744630071599045,-12.960175242205125
137,0.4718792866941015,-11.064920517127298
138,0.42243116185359303,-11.452956034774076
139,0.3624632103237492,-15.13678403469504
140,0.44633398383049905,-11.992591872269223
141,0.15613211887018125,-16.14491031444619
142,0.15201729106628242,-16.369349416320492
143,0.15211771724000794,-14.979027614101998
144,0.43776143083802105,-13.066633344302776
145,0.1916402313864527,-15.395122172585712
146,0.22291207690767073,-14.96894082209086
147,0.21334448860071115,-15.094405140785048
148,0.4289344132126409,-14.004983584884322
149,0.16351330564528535,-16.03007311222297
150,0.1983640081799591,-15.319525146688653
151,0.3217094017094017,-13.516292563638547
152,0.3458323188052918,-14.026927889341643
153,0.31878422347432744,-15.000828236001809
154,0.5768732921041277,-11.654792897582471
155,0.18130173673105016,-17.291194540799072
156,0.3243198130529127,-15.58342890919948
157,0.2347022925944252,-14.298793241841231
158,0.2788020427594564,-15.049251521743033
159,0.25848032564450474,-14.412333332622769
160,0.18084291187739462,-16.088558835938272
161,0.2386381631037213,-14.652670330092299
162,0.2245129563079251,-16.60254032698354
163,0.4459902525476296,-11.870851907585052
164,0.14815894297095114,-16.787242426685204
165,0.2157968970380818,-16.454165923506622
166,0.2115246098439376,-16.627813416307575
167,0.2752645874309263,-16.063239633719476
168,0.2626697581980788,-16.886429632987948
169,0.13876381498158002,-18.387035930967347
170,0.19660954486825133,-15.641960079728905
171,0.21670345842531272,-16.717159005201083
172,0.2118609406952965,-14.138344104888393
173,0.4120977635179768,-11.54192199721817
174,0.19293869327448912,-15.334627811401603
175,0.40531622364802933,-15.001113142088302
176,0.3130789181178214,-14.619982986823866
177,0.294467382328654,-14.652840831195215
178,0.24438484746899095,-17.58218634433197
179,0.344464609800363,-14.54597619496797
180,0.31463332206826633,-15.582539823606197
181,0.2067785562978654,-17.44445915225339
182,0.3453388055951085,-14.122500174492487
183,0.26664390576988733,-14.416635882626617
184,0.29067879181552453,-15.483405777781766
185,0.26920654911838793,-15.451790679140306
186,0.2824832319450944,-14.925262391535068
187,0.24226884226884227,-14.361836532031225
188,0.24607989914112363,-15.723344294845266
189,0.3005229160258382,-14.167555209806626
190,0.16465550797975867,-14.874188422821152
191,0.2887372013651877,-16.049808563537994
192,0.20277231432050202,-15.410249826581337
193,0.19761037991225613,-15.824717885121238
194,0.20202702702702702,-17.14099347343197
195,0.20175438596491227,-16.89059257221276
196,0.25661842569714083,-15.12993129508631
197,0.18510158013544017,-15.236277746733567
198,0.20148123211580543,-18.4421964486971
199,0.25311498754004985,-15.278242781744773
200,0.4658843252305113,-11.703289283352982
201,0.25167580743449114,-15.24635376081072
202,0.21028520762524014,-16.92216486842907
203,0.16924549369915456,-17.031321349987326
204,0.2632978723404255,-17.42314051232101
205,0.4640677966101695,-12.981070963983532
206,0.4119226213975523,-13.287467845960794
207,0.35236909670893957,-16.069579784413072
208,0.28064969545525537,-12.521958395519878
209,0.33524560774471135,-13.324591586673382
210,0.3464968152866242,-16.17331865130599
211,0.3220463746779536,-13.154308031502728
212,0.25271739130434784,-14.309522040733851
213,0.4374346462181945,-11.349426642072205
214,0.3193717277486911,-14.62124551828703
215,0.2806621519939804,-16.60396513659461
216,0.4218426966292135,-11.196841815067526
217,0.38587848932676516,-14.684776168820019
218,0.3560257589696412,-11.630220174479987
219,0.3829669314612969,-12.05579125164735
220,0.21568627450980393,-17.30369165512951
221,0.28551724137931034,-15.805817111869567
222,0.27788066672034784,-16.36634888285447
223,0.21828490432317504,-16.409209447359107
224,0.2019107110049605,-18.49556551519897
225,0.17181327098282673,-18.603502511099713
226,0.16056553305311425,-15.799619657212382
227,0.24747044917257682,-12.050504143146322
228,0.18217859165565414,-16.626698655097172
229,0.4368526820219508,-14.883067842047657
230,0.40046586633219855,-12.552437888066056
231,0.257960759086523,-14.37735644022367
232,0.4475027189826822,-13.557817910127994
233,0.2623152709359606,-15.315206132493993
234,0.3013213019658395,-15.258798193697203
235,0.15829868883914294,-14.41073406860127
236,0.31440463802586593,-15.465811213753927
237,0.26657263751763044,-15.262561396177087
238,0.38080756884608885,-13.638005112658519
239,0.32042226779068883,-14.863606359984242
240,0.34069428495715925,-14.129147557064037
241,0.24134199134199133,-12.829419558569455
242,0.26811594202898553,-15.555783494940446
243,0.1973392461197339,-15.48184189628681
244,0.3932782545921232,-13.011535637325316
245,0.21217187761243939,-15.264382507236219
246,0.5134033547577991,-10.001385379106134
247,0.28156365557316426,-14.282019778429088
248,0.39041719803242847,-11.69081534051901
249,0.2573421154591244,-15.311515093744852
250,0.28943075470078133,-14.26461518177377
251,0.29623468924845003,-15.965254999286971
252,0.280297849707469,-15.169944048413203
253,0.5849586081100042,-10.421626302869987
254,0.38588947284599456,-13.505149277204254
255,0.17683855962787715,-17.976670700506236
256,0.25254515599343186,-16.265786494875897
257,0.39638288486987205,-14.300555618491334
258,0.19875883468367522,-18.07322762672201
259,0.2298507462686567,-15.173044914330418
260,0.26999001459405486,-15.781305405332448
261,0.24145616641901932,-15.608789190288014
262,0.1696557410843125,-17.772007651153277
263,0.15879962488277588,-17.99837493983583
264,0.4438863729930012,-14.216054515560417
265,0.31419314193141934,-14.788328072136409
266,0.21504702194357367,-15.997547878673505
267,0.5645897775813816,-10.932911566641241
268,0.36136614028644876,-10.741247926777163
269,0.3500717360114778,-14.577905159373174
270,0.21063027473514095,-17.253350176646194
271,0.3029034059184813,-13.394620310616148
272,0.17394468704512372,-17.00378145191509
273,0.20089321317489434,-16.360987576722344
274,0.1324034768546594,-15.277620448160638
275,0.40664961636828645,-15.063236535730077
276,0.19048072346501665,-15.516426454036012
277,0.3221059516023545,-15.662816628025434
278,0.3568454567719814,-12.527461295879005
279,0.23884846567541917,-15.432909007181685
280,0.22300194931773878,-17.15220872214626
281,0.5751004016064257,-12.400290778741788
282,0.5516956162117452,-14.227507449622783
283,0.29385826771653545,-16.270052439638395
284,0.2878259425344627,-15.275320333319781
285,0.23365200764818356,-15.33427333596127
286,0.3698497333979641,-15.244474160353986
287,0.17734616082773644,-13.39748860862995
288,0.2227018091652126,-14.331143908363494
289,0.3516563523844194,-12.296548950679284
290,0.4075611296580348,-12.094295634993276
291,0.44312677467847,-14.082134174741721
292,0.5349548722655653,-8.913362588075481
293,0.19313171939051743,-16.01163848011053
294,0.4722434753039191,-11.031835848766907
295,0.372848948374761,-15.094814166836523
296,0.3364390051322542,-14.450163321848713
297,0.2449674821926293,-16.381291104524752
298,0.25557193651894894,-15.35691762021741
299,0.19970712062969065,-14.502721856260948
300,0.14682306940371456,-14.821977740609324
301,0.17900187483260424,-17.442002049822435
302,0.17359329570720028,-18.49112343867518
303,0.38538487622923023,-14.070388414712802
304,0.2674449692540772,-14.88716902233731
305,0.22462899806433773,-15.253277590097063
306,0.25732235334069103,-13.320881687121505
307,0.2803250145095763,-14.643859674745448
308,0.37530099759201924,-13.104145957630626
309,0.19103773584905662,-15.584469771395302
310,0.23294723294723294,-14.049642934233852
311,0.27801372100620714,-13.864550565934152
312,0.14814814814814814,-17.01180142021398
313,0.19907273254129237,-15.536120373104055
314,0.1776925535314797,-15.831030891006847
315,0.2859229505203579,-13.617835178780384
316,0.3464991023339318,-13.609774453618414
317,0.17971497316305757,-16.744099674063282
318,0.18845055199567667,-14.912042766271917
319,0.285750571501143,-15.898435618060336
320,0.43312666076173606,-11.395282674692794
321,0.3401920438957476,-12.666060678893544
322,0.3095944609297725,-13.569740656188067
323,0.14614605396445346,-13.053716798904988
324,0.15460122699386503,-17.128271392642304
325,0.43212382643998987,-13.316228931554
326,0.1779828089267408,-17.88710069287494
327,0.2582688247712878,-15.84584411153379
328,0.27098976109215017,-14.634441294026884
329,0.2071700507614213,-16.960752770610327
330,0.20823957071144192,-15.912872648158183
331,0.2744422274623617,-13.585884285879752
332,0.16806722689075632,-13.851486832193704
333,0.15614617940199335,-15.588311591065224
334,0.4173822325656047,-13.825336324689939
335,0.16892327530625403,-17.421369064619924
336,0.19515530377026763,-13.000352314149161
337,0.41202185792349727,-11.959096919936208
338,0.249351167897784,-15.502812902552245
339,0.29605363400883744,-15.137575690637128
340,0.33806841374806107,-17.761387821661497
341,0.25179370304718496,-16.237186672676863
342,0.25158527546734744,-18.33006782100393
343,0.24515470928255695,-14.136466206715957
344,0.4706382978723404,-11.600454685951053
345,0.1909212283044059,-15.778262105650905
346,0.1702962035878181,-18.50754933833963
347,0.2987453374025093,-15.543022266193171
348,0.1741229481815256,-18.51192139885991
349,0.21954530030539532,-16.635379098190043
350,0.2927835051546392,-12.92440522806068
351,0.33162573451860783,-15.135219232587886
352,0.2607428987618354,-14.288063957776647
353,0.3074706273553536,-14.250015281853326
354,0.33659047286686444,-15.632798232513498
355,0.4581889407864999,-14.175514585129878
356,0.3639037895829728,-14.661483278852852
357,0.36301134410450325,-14.410654109689904
358,0.3831101956745623,-15.333468897329379
359,0.5416365997979506,-12.727507354073925
360,0.27691153172684063,-14.39638182464944
361,0.21802858189813118,-16.77039203024944
362,0.23051513959889894,-15.790980732259525
363,0.2931995540691193,-16.394760152849564
364,0.4186965108624095,-15.197548756299888
365,0.26997193638914874,-14.505945191590776
366,0.32465130615704707,-15.891219827552764
367,0.2266642045979134,-12.233758955299335
368,0.3745042492917847,-13.539142565858683
369,0.19500780031201248,-14.4635367775569
370,0.4588389635946212,-12.863220517420766
371,0.40022125776529655,-13.580534901846873
372,0.42541245573119113,-14.712623994247407
373,0.2263653483992467,-14.979737938803465
374,0.24157603850953824,-16.301181051253526
375,0.23830594184576487,-16.16335285140364
376,0.28036175710594313,-15.681362751145734
377,0.3138818114572203,-14.883885427174931
378,0.4333907056798623,-12.518967617454296
379,0.4119831223628692,-13.89489460610884
380,0.3319376988779099,-15.29049063996453
381,0.3109466894327452,-14.888722363157692
382,0.3561620024335129,-14.476739505592471
383,0.22146200936262153,-14.301851459605611
384,0.29984982479559485,-15.97483085713865
385,0.28451296426068673,-11.145984829131311
386,0.21640560593569663,-13.873950812220901
387,0.370755843712677,-15.71095359822481
388,0.35928349982776436,-13.197725611954631
389,0.3796234028244788,-14.503364780437435
390,0.29069649211997967,-14.342325232222606
391,0.208659793814433,-16.298235854990786
392,0.40369747899159664,-15.077154107769971
393,0.4762965319758193,-13.756645559684731
394,0.3996228355906052,-12.665956657050701
395,0.40376068376068375,-14.590564509642478
396,0.382689556509299,-12.858665101325382
397,0.2330913259457394,-14.404067248121688
398,0.33644681662218834,-12.462049959740263
399,0.3581619418195294,-14.182659872061134
400,0.2162926645295116,-12.463380621290867
401,0.2506715189325015,-12.745581929425025
402,0.2638975362447745,-18.600016168676436
403,0.39343968453127803,-17.033347303809872
404,0.45081152699569393,-13.99208866966871
405,0.4875491480996068,-15.66758821890999
406,0.25919083687419175,-15.255459839297892
407,0.46567779151215494,-15.142566034431217
408,0.5258946096934923,-14.107535253086265
409,0.32882795906545664,-13.776342017524897
410,0.42345850718590633,-13.510872752413905
411,0.47930574098798395,-13.142538786852347
412,0.18610421836228289,-16.1115435101807
413,0.28958683866143203,-14.21129303047386
414,0.3145332390381895,-15.177166151105757
415,0.34606597825093666,-12.751275503248106
416,0.28600964851826327,-16.589007336772465
417,0.325386941825298,-17.013840249419886
418,0.2986850344395742,-15.401929550884638
419,0.36059077809798273,-16.053340892272136
420,0.190809549452522,-14.892630732878844
421,0.39074820396004906,-15.062033900320097
422,0.24239303436007864,-14.729104238601575
423,0.2906804733727811,-12.264198715624339
424,0.3527207850133809,-14.703887641319032
425,0.455046503616948,-13.992622134416052
426,0.40088430361090643,-14.664583004414917
427,0.3126798713390892,-14.147784056729758
428,0.21272660007399186,-14.333774271699578
429,0.2934370636345502,-17.76081053402064
430,0.265179677819083,-17.728385168287225
431,0.260583641594739,-14.785057472547354
432,0.38831498729889924,-13.587534106825316
433,0.39494362828834984,-11.060283619886505
434,0.414387031408308,-15.113672443274114
435,0.4227405247813411,-14.428421464447336
436,0.43120351588911426,-15.363525840220003
437,0.39758238118893857,-14.5680796733388
438,0.42601194426011946,-14.927275161428351
439,0.2374839537869063,-17.08695817121224
440,0.3161485974222896,-11.905515920335494
441,0.276078431372549,-11.717808189645023
442,0.2057483350858745,-18.307539486301998
443,0.291156697121186,-15.679356816374039
444,0.4527244949923612,-11.438670325077116
445,0.4418483904465213,-11.293250184823897
446,0.47683653209794835,-11.639491757538496
447,0.5058074781225139,-12.332869426063038
448,0.4968553459119497,-12.92717528020384
449,0.503938223938224,-13.432850570827137
450,0.5362799818977221,-11.480398651969814
451,0.19669154730683883,-16.90170562875954
452,0.46313517103952173,-14.057999047383312
453,0.44129215833961,-12.863821760277428
454,0.3021755314748945,-13.855246877192155
455,0.26996722442642745,-16.395328017351694
456,0.5000786039930829,-13.501202070544378
457,0.4818166582872465,-14.704625575095193
458,0.47618251713187365,-12.431032271648155
459,0.4099276791584484,-14.274480909704163
460,0.3671399594320487,-20.23264220920886
461,0.25024630541871923,-16.331169826660854
462,0.38142225246682543,-11.448806947707602
463,0.42778541953232463,-12.727515994605472
464,0.27233115468409586,-16.736849671826928
465,0.39321050835892185,-14.578233615838982
466,0.4076465590484282,-16.02531721515661
467,0.29142466689443114,-14.947761918715383
468,0.4448199126349625,-13.54777216102471
469,0.49258379087109727,-15.066630313151588
470,0.3622285664849901,-14.777773299708702
471,0.48118811881188117,-11.69758473219745
472,0.3706181428953706,-14.246719109507032
473,0.402903359601825,-15.00668747355805
474,0.48471177944862154,-16.819591240911667
475,0.383278289588041,-15.0016407858333
476,0.4243567753001715,-15.18402570072916
477,0.27211725233974926,-13.543219717579998
478,0.38332290642595407,-14.355072959107812
479,0.4433043028369406,-14.861354779784666
480,0.40054682159945315,-15.842750606252206
481,0.2231436837029894,-16.02629007467604
482,0.4919908466819222,-9.5893221935339
483,0.41217712177121774,-11.877558415204135
484,0.4086698129697605,-15.864062642385935
485,0.4230503795721187,-14.398021686872225
486,0.27876946448917583,-12.302341816099396
487,0.3840420125359986,-14.346348561345954
488,0.36401673640167365,-9.211092690130004
489,0.3301601038511467,-12.383985839275379
490,0.32784915426564376,-13.079175822706627
491,0.4051457975986278,-15.303901116604667
492,0.4589763049160975,-17.10315748987783
493,0.43443478260869567,-12.354191144576902
494,0.3967582804792107,-14.477450945917685
495,0.4505971769815418,-16.125096070734525
496,0.43961113857307627,-13.66982454181758
497,0.320358115998443,-11.327531237092876
498,0.32152072939962156,-14.846901121488571
499,0.22478991596638656,-13.117137477467967
500,0.38851409790693653,-13.738105566311392
501,0.40394783221713076,-13.912971726213215
502,0.48115827052756843,-15.267071128831507
503,0.17866263123049275,-17.49149304186914
504,0.2758712897762724,-17.38676815061717
505,0.24921961534588663,-16.1399477315728
506,0.22500995619275188,-15.889196542447216
507,0.22342279539909377,-17.136853656734253
508,0.26992931913751456,-16.33422857413421
509,0.24704956726986624,-13.786394846980352
510,0.5345393481413633,-15.311991814528604
511,0.4835377663008393,-14.665934130693426
512,0.43264604810996565,-13.042740352629947
513,0.34535104364326374,-13.93710407715847
514,0.43813457236276027,-15.35187522048725
515,0.42189574298610494,-12.956224671063882
516,0.2630134479919495,-16.831825390909163
517,0.3717099034273812,-14.586389154075128
518,0.2596823130465822,-13.082191480966001
519,0.18080068876452862,-15.874640441787736
520,0.16379833974488764,-16.080291097631296
521,0.39697802197802196,-13.71159361820224
522,0.44589774078478,-13.107546296101063
523,0.3328209069946195,-13.132877759647467
524,0.2225031605562579,-16.178514657118143
525,0.19928888888888888,-15.278894664075846
526,0.4048896839594514,-14.432833152955187
527,0.3367418899858956,-13.532198961734974
528,0.35804148248894935,-14.718875434657981
529,0.3741802510773843,-15.170363443932793
530,0.3373313343328336,-13.683224211976492
531,0.3565217391304348,-16.3949626003724
532,0.25523349436392917,-15.149299624195216
533,0.43222904593028283,-14.13518712548245
534,0.32296182946527247,-15.161143828684612
535,0.4781127576222109,-13.618695508378185
536,0.4632571574207799,-14.367113422060843
537,0.44398340248962653,-16.02610961107613
538,0.4870877013551521,-13.235355641306533
539,0.4331725800895625,-14.284980930720932
540,0.2994485294117647,-13.959174192503701
541,0.3245543312729553,-13.309558286009134
542,0.4394069987933115,-14.707209331177367
543,0.4126290012244184,-11.261188663061962
544,0.17411003236245956,-13.40111886660827
545,0.1513493800145879,-16.133872569765224
546,0.5939668602180994,-10.316346399008285
547,0.20279580629056415,-18.212771663786747
548,0.17806242107162187,-15.49179897518017
549,0.44633553317124003,-15.402353998401972
550,0.2073490813648294,-16.093629677561243
551,0.21608775137111516,-16.591833421883013
552,0.16173786053304126,-16.505801043389578
553,0.1582608695652174,-16.083886237995642
554,0.15560684747066744,-15.980140325005763
555,0.22169728783902012,-17.928763105228352
556,0.40061951471347446,-12.368142095244616
557,0.41814371780319565,-13.748507948556302
558,0.2799470549305096,-14.849212176641498
559,0.15372168284789645,-18.28198299610453
560,0.2341688654353562,-15.869163794629111
561,0.17044294754031436,-17.505755496201537
562,0.2909772088666875,-16.32462357976929
563,0.24294844482317854,-11.942058877923305
564,0.4242064165676456,-14.119544333909413
565,0.42932628797886396,-17.817680686697
566,0.23127286732139418,-15.60998480996748
567,0.37740255074546436,-14.347439776466551
568,0.39359632053776755,-12.661976704321578
569,0.32458529338945286,-14.239617179544606
570,0.5215914604560893,-9.015741645159215
571,0.22269558481797055,-12.810186076429723
572,0.20099652994038616,-16.95552271968923
573,0.2861797968180947,-15.6108056276954
574,0.4212908633696563,-11.76440060430275
575,0.36656173487233296,-14.794135196040934
576,0.38667145035429185,-15.011600113732184
577,0.42779012134677835,-14.087870006310013
578,0.167618059159315,-16.07868377310521
579,0.15750670241286863,-15.782803884583243
580,0.20565085771947528,-16.84174540025787
581,0.38851973420863023,-15.844841700651136
582,0.4856755126658625,-12.404915582771693
583,0.41829964511649437,-14.172356484514989
584,0.1638510075310401,-16.630210228685563
585,0.32569529473500086,-12.161382459509
586,0.326458157227388,-12.958087848047771
587,0.46938094443517436,-13.63660156593917
588,0.36223018439220483,-14.458671482329894
589,0.4033008115254855,-11.430421540092953
590,0.36090362543268356,-14.393126868644044
591,0.37937252073566535,-12.175283672119011
592,0.19600121175401394,-15.389573945238372
593,0.2292104760084114,-16.538879239126683
594,0.47120786516853935,-10.118666727346497
595,0.3269876819708847,-11.82128240482821
596,0.23317683881064163,-13.417220116356493
597,0.16882034180908712,-13.290347667754048
598,0.28558859757170507,-11.543524140475805
599,0.3318134321269118,-13.265799082966307
600,0.40711592064272834,-13.74621027470641
601,0.32634473277195397,-13.811769292805359
602,0.40850277264325324,-13.640684493719817
603,0.28436763550667715,-13.950388127663778
604,0.4111415202613225,-13.215343916268687
605,0.4093722369584439,-12.06087651136675
606,0.22545805207328834,-14.45086253167458
607,0.4884310618066561,-14.812654259412732
608,0.40576419213973797,-14.50471071200168
609,0.40798376184032475,-13.821270362748976
610,0.3970149253731343,-13.490064863948472
611,0.45467092210816873,-11.672532063493776
612,0.4336674027518261,-13.399413421129802
613,0.3938746438746439,-11.754224860616596
614,0.4529858132629495,-12.899764656630337
615,0.48484067680151166,-9.478785515769093
616,0.2606665593302206,-15.77002988614657
617,0.3939070016034206,-14.100301544556471
618,0.3887962654218073,-14.814750806882149
619,0.3030672708260718,-13.799194301774278
620,0.25538525269262635,-13.341031184474915
621,0.32422088572990704,-15.56417776574597
622,0.1954177897574124,-15.752336752169363
623,0.29550827423167847,-15.124106723713663
624,0.17170759457665688,-17.039918752675465
625,0.47337471414570403,-10.489618323391932
626,0.4794520547945205,-15.694526091182485
627,0.3001174299614159,-14.944670374153642
628,0.20952817224003664,-15.83870424288298
629,0.19986328291890967,-16.51339779721941
630,0.2602395510511768,-14.787880286290493
631,0.43977498345466576,-14.689470781182996
632,0.21798941798941798,-13.063683334980636
633,0.18668178538295022,-16.615347447959564
634,0.24686783130404094,-14.384555096404416
635,0.2929782082324455,-13.888424515997706
636,0.41772767820939094,-15.719341956726723
637,0.2685089125719136,-16.128035410179212
638,0.1958151700087184,-16.148049027298963
639,0.1819538895339194,-14.274059064345954
640,0.23394419679709427,-14.682151036611884
641,0.2755102040816326,-12.516200529231325
642,0.49453099105071263,-10.603736959137787
643,0.3053391601748052,-13.776079164727298
644,0.29962250899833204,-16.726757991198905
645,0.3948374760994264,-11.145162985700924
646,0.2513671506694324,-13.550001992851112
647,0.3419178082191781,-14.51278386827912
648,0.45522135856708346,-12.24121226659727
649,0.3984802968722389,-14.34000830217441
650,0.43234100135318,-14.805672986943652
651,0.27390569227879014,-12.056697027614181
652,0.3590292648108494,-12.753390083505652
653,0.2058066887173833,-18.009614934377865
654,0.16599486991572004,-16.29917383617883
655,0.18115002161694768,-17.44655299539199
656,0.2039331366764995,-14.687502391728799
657,0.243205574912892,-17.66810667503847
658,0.26003987467957845,-14.598451844569013
659,0.3981101800677483,-15.054583378761379
660,0.2396465084040894,-16.779643785434068
661,0.45835395018967506,-13.102196760031301
662,0.41357566765578635,-11.299702600235836
663,0.25889368702447046,-13.798288155255342
664,0.2798165137614679,-13.24113561490632
665,0.4244313395113732,-12.24043507118989
666,0.27981563280199734,-12.66737970063408
667,0.4228176465568734,-12.313954500272434
668,0.3166401473913408,-14.887826089249632
669,0.30538922155688625,-14.707302114887568
670,0.32516222062004324,-13.703693640066689
671,0.29782497002911457,-14.518587740626455
672,0.29678821540690653,-16.981236198964503
673,0.2927573470370965,-12.679970911094117
674,0.1977087952697709,-13.24471480418139
675,0.25082911502880084,-15.063742967195568
676,0.30159821275133186,-16.31475099930744
677,0.2960903562119896,-14.659059956641174
678,0.18282866998850134,-14.96258821931537
679,0.3042142651435154,-12.965032815490483
680,0.256057172738365,-14.061941670962527
681,0.4704956726986625,-14.05743957841031
682,0.4152780069295496,-13.871730032999238
683,0.3086765994741455,-16.469317381153296
684,0.35568288719746854,-15.496702556093393
685,0.34376185058778913,-14.051195386773248
686,0.2587031997747959,-14.108508908655397
687,0.24640049014602267,-15.453351299508007
688,0.21582272685651496,-15.015130755227243
689,0.3010120796604636,-15.22027738720598
690,0.33472447638921093,-15.504250326571265
691,0.16364210194098153,-17.61538955376931
692,0.2610587382160986,-14.926924752188832
693,0.2993827160493827,-16.476135885948956
694,0.45090647998563993,-11.256261040460497
695,0.4461643136587855,-13.079893043864818
696,0.45479784834287695,-12.510350070095864
697,0.49271417133706963,-15.988316726617885
698,0.31899641577060933,-15.476422198560488
699,0.2617861249520889,-18.0313781800011
700,0.2855844692275919,-15.592152268019476
701,0.4271646859083192,-12.749504439056803
702,0.32484188334504566,-14.018064217527042
703,0.40265447833347984,-15.879759209624568
704,0.20110410094637224,-15.574586236169512
705,0.5287769784172662,-11.75960596637961
706,0.2462590060964345,-14.115054980136492
707,0.3923644529996792,-12.932275093606048
708,0.27021734873702763,-15.297937968414402
709,0.1949685534591195,-17.391619815895968
710,0.192326139088729,-15.918080157168555
711,0.44703927228199075,-12.988991635635047
712,0.2358816749903957,-16.743452416338705
713,0.3994915254237288,-12.011796572049377
714,0.23435393799345272,-13.683843288383082
715,0.23973758200562326,-12.721241585130464
716,0.4263777512369903,-15.369257961781209
717,0.2938457093325628,-14.186442033165791
718,0.3926791544938993,-13.390745406631314
719,0.1343605214955285,-16.21149053340317
720,0.1370908710655652,-13.34160212892414
721,0.13870151770657674,-15.389368145784179
722,0.14312096029547552,-13.110290338312145
723,0.23782452150843283,-14.64411938852033
724,0.14626262626262626,-16.429127478265563
725,0.2198539569765147,-14.388639089567876
726,0.22822230981474181,-14.673273787161246
727,0.43863072011351545,-11.842138538949296
728,0.16230784587742064,-14.709897035433087
729,0.16634050880626222,-15.35378565854071
730,0.15907968796287153,-16.940603445458677
731,0.2848461464261599,-12.435901848148399
732,0.3641755634638197,-13.483807030183325
733,0.15513755823151973,-15.835846059090343
734,0.16204262163248895,-17.747462553934568
735,0.2780114722753346,-16.826980812723463
736,0.26612558735583086,-16.388347734445755
737,0.26745258841619685,-14.853614511701824
738,0.5427914110429448,-12.89945111760373
739,0.20160185477921805,-15.56672821483234
740,0.40299264519401473,-11.464345819334396
741,0.43249620765211527,-12.632764350926555
742,0.3251785567687382,-14.409873359256707
743,0.4155700823499448,-17.22012576559991
744,0.16427561123459283,-17.7093511193251
745,0.2681249402999331,-14.581520709028972
746,0.3873070892135017,-17.462526068399914
747,0.29553264604810997,-17.710860328730636
748,0.512187450857053,-13.595729679616714
749,0.5187604435667629,-16.04242794671801
750,0.3917112299465241,-14.896433218006017
751,0.4385088736288237,-14.26040058286101
752,0.47091713260452306,-10.59305562551215
753,0.4160754528002671,-13.011418957053689
754,0.17437252311756934,-15.29586653944346
755,0.42920029347028615,-12.721537976874695
756,0.3518567993588031,-12.720548216453508
757,0.44798711755233495,-12.87991289909886
758,0.44337876493353523,-13.006520244341989
759,0.40589649951010953,-14.056402579035064
760,0.2513562386980108,-12.369506965390407
761,0.25038520801232667,-13.852390988763382
762,0.20423363386907095,-14.49072681888942
763,0.38811069354287664,-13.893125799677295
764,0.41580987695937977,-14.79703300588671
765,0.4128731032182758,-15.491614342733593
766,0.4593348699374383,-14.354131277215442
767,0.24123395286453345,-15.438981418693258
768,0.3943566207717151,-13.04416390475836
769,0.4086242299794661,-15.019339866494068
770,0.3832629492372662,-14.529603571974214
771,0.5106540518305224,-11.884625351197757
772,0.42525795173531167,-13.547647470764705
773,0.3900829243526823,-13.254209009012092
774,0.401812146765946,-13.53758829247321
775,0.45611604596202426,-12.765032445701802
776,0.3521341463414634,-14.396090877799374
777,0.2839590443686007,-14.388004704811234
778,0.20859504132231405,-14.974545319823633
779,0.2643134605640939,-16.278237760799467
780,0.2499268649439298,-14.239600431275889
781,0.2687523558235959,-14.772638548061565
782,0.328068669527897,-13.533691626454464
783,0.41810124424748596,-13.176372190044933
784,0.2135445111960677,-16.281122866617086
785,0.18958253542703946,-18.590994608971258
786,0.461454023473782,-14.494289611770627
787,0.2550959825846032,-14.442780030828718
788,0.40792578728944584,-13.90938187868111
789,0.4786492204027266,-15.741548752431477
790,0.39451921517755795,-16.432061793689027
791,0.3840536639212023,-13.191761683770837
792,0.4229436131541128,-11.5100628712152
793,0.35286892437269696,-14.089807697958769
794,0.39907109682029296,-10.359244615908676
795,0.5077654247644913,-16.395665596843784
796,0.4535069298614028,-11.714523665409939
797,0.4634762827533912,-12.32591326382332
798,0.5322911732196431,-13.36307901815257
799,0.48278702026025366,-13.053448319945286
800,0.29161015307111027,-13.242333185820453
801,0.3755108713421612,-15.253961671169966
802,0.360794409709452,-16.87992234579803
803,0.3354673495518566,-12.745877703577925
804,0.18295916563549586,-13.59979065203526
805,0.19984597612629956,-12.453481030673078
806,0.17479430062211518,-14.318119131550732
807,0.3242518059855521,-14.90039603756895
808,0.32509803921568625,-13.902518627752684
809,0.20063097702849256,-13.842338423927332
810,0.3953739537395374,-12.850580234634732
811,0.23236430168733482,-14.830055962231492
812,0.4095271331355784,-12.168902421589234
813,0.2267056697926525,-11.634685885261186
814,0.390528361901396,-15.630523986594289
815,0.25305285676085215,-17.402875413453142
816,0.19829836604466788,-15.618414108771912
817,0.3428469496967535,-14.518333594507201
818,0.2868132862702507,-12.450762452431094
819,0.20167746854746474,-14.440714974680745
820,0.2381917697141699,-13.242618890592565
821,0.2930541462964671,-17.67850175049277
822,0.31835546661815534,-16.646308950469525
823,0.24840405557641757,-15.381430837363636
824,0.38902877697841726,-12.062004820490275
825,0.47330494595479855,-15.023723587589084
826,0.20310344827586208,-15.495869614737103
827,0.4277296360485269,-14.813423406917556
828,0.3503883051621745,-13.187249870634963
829,0.5173282923755513,-14.281867133830286
830,0.4130415906920205,-13.355017506189652
831,0.41803137390105155,-14.070858263566617
832,0.39241887101172623,-13.776884756601994
833,0.40500663129973474,-16.269328879574797
834,0.3885112168592794,-14.269109934096287
835,0.21990783410138248,-14.720683706571693
836,0.22853782830262642,-16.18612100213734
837,0.24302632866790644,-14.341440164553262
838,0.2862055789071456,-14.210720074699985
839,0.41167936162495467,-15.879340415263528
840,0.4230437035757471,-14.61004651687644
841,0.42926323071601524,-16.234623599076347
842,0.38696629213483147,-13.579851058980806
843,0.2483221476510067,-13.422246012705807
844,0.22199440820130475,-15.650701779506901
845,0.4897959183673469,-14.972239819431818
846,0.21041609760539015,-16.474996329712283
847,0.19242155121373594,-15.666415109418711
848,0.17423701132999897,-17.275788357775546
849,0.23290845886442643,-14.898844264686913
850,0.4606779095007514,-11.27933196636114
851,0.3196278245458573,-15.566077858113259
852,0.2684934069017114,-15.857052172663614
853,0.24158377964804897,-15.841736177762183
854,0.3916913946587537,-15.082011596412991
855,0.2669400507713337,-15.824510501411728
856,0.2571536500141656,-15.38707549154
857,0.3915060670949322,-11.783683007758093
858,0.300933932895192,-13.488637148963909
859,0.39585164352258745,-13.6761563371487
860,0.21626906531091122,-13.401046996423105
861,0.4498338870431894,-13.041521607216167
862,0.35875023247163845,-12.757523729089463
863,0.32402124729490456,-12.938113112796506
864,0.1806925498426023,-14.037774093417976
865,0.1984375,-18.173504251913016
866,0.39838854073410923,-14.814004707190824
867,0.4117647058823529,-14.570158703591723
868,0.3578161123955184,-13.44713498181946
869,0.39077340569877883,-13.890660587507249
870,0.37812444602020917,-14.23976276337041
871,0.2979039139306251,-15.404748799857389
872,0.32951289398280803,-15.540426306665369
873,0.4184975194897236,-14.359808495166678
874,0.15164520743919885,-18.082612146704104
875,0.46712575832103626,-15.092901526664368
876,0.4023354564755839,-15.538751551158178
877,0.3326897084379224,-10.996091584902718
878,0.4708425087676372,-14.767756705853657
879,0.40963855421686746,-13.773904002658071
880,0.3222324491674337,-14.072400757757588
881,0.37489718703734165,-11.049100241508976
882,0.2741474566584111,-13.712056063631744
883,0.40632732414280665,-14.935008714907925
884,0.36806148590947907,-14.8245033042638
885,0.28538909029592785,-15.836951699384903
886,0.2481527604815276,-14.632543283508149
887,0.37912952281069745,-14.440216628914463
888,0.20684884123140782,-17.436767189225066
889,0.23471278567016676,-15.181659914928096
890,0.19931972789115646,-12.342064481234532
891,0.25485714285714284,-14.678326055819323
892,0.43843268028345145,-17.821958373637532
893,0.3421945701357466,-18.097314105603026
894,0.23804164321890828,-14.957780330859855
895,0.2401249311041705,-15.081342730898598
896,0.2717219589257504,-16.160811248919174
897,0.3578329882677709,-15.794749239455967
898,0.43039944665398583,-16.242751209984064
899,0.3684210526315789,-12.99967021885082
900,0.22246973365617434,-13.857318453300827
901,0.46220633299284986,-13.32872664462285
902,0.48678487788558045,-17.348964957205546
903,0.43512341561040696,-13.037367437832872
904,0.42725880551301687,-15.715258099072996
905,0.39771670190274844,-14.368480815190864
906,0.36002785515320335,-12.608622389434245
907,0.19515252820727122,-16.106025007464044
908,0.2210759027266028,-14.72091159265659
909,0.4472361809045226,-13.84061439421117
910,0.4728890381064294,-11.948848083312228
911,0.33260473588342443,-11.935658083104732
912,0.33732498157700813,-12.432794514573814
913,0.21335807050092764,-15.269319927466638
914,0.2545691906005222,-15.4802008622977
915,0.23917796239615216,-14.67994071603016
916,0.2652317880794702,-14.437478771476771
917,0.24430450083348768,-15.252406542716042
918,0.3725633084350519,-14.761680573752367
919,0.279810298102981,-11.22797456028848
920,0.3317793317793318,-15.069247565513894
921,0.2885466794995188,-15.129766562564361
922,0.4203742937853107,-14.00895531676201
923,0.18802913959440834,-20.09092203692741
924,0.2218863991662324,-18.763535994132194
925,0.18655605190385025,-14.362287090114283
926,0.2705173279758915,-16.704444907890274
927,0.32840663302090844,-12.917755465251318
928,0.38190443917316164,-16.51676649250142
929,0.47194719471947194,-16.914830940502995
930,0.36928339935181853,-14.264274192250559
931,0.4157188932269564,-13.414856916130374
932,0.41630683261366525,-14.054540431115578
933,0.3333333333333333,-12.131502188031615
934,0.2431128091695154,-17.441664741729326
935,0.20023305496212856,-16.77512573675674
936,0.17931173274300663,-15.500786265186953
937,0.2317711113483506,-15.396181076345501
938,0.3990401706363313,-14.200352320761127
939,0.4757232278802233,-12.253209816939933
940,0.2846251588310038,-13.40861210283366
941,0.4748735244519393,-11.413880533420553
942,0.488031914893617,-14.037095283414875
943,0.26109857035364936,-10.606759527010809
944,0.2533744697261859,-13.324770390023042
945,0.24546952224052718,-15.056455112615657
946,0.49595967677414193,-13.099916616825606
947,0.2964215773544597,-15.643884874611576
948,0.1972802719728027,-13.819753893575523
949,0.40565699964196206,-15.350276459058366
950,0.3855104081447141,-14.590635395847954
951,0.24168435951875442,-13.982279334113716
952,0.4134073367444281,-13.454104356628365
953,0.2509448223733938,-16.700298379219902
954,0.34148635936030103,-14.659132087960973
955,0.3648704236939531,-15.435625850295695
956,0.26341372219106374,-14.094242567066512
957,0.3819426164780205,-16.324502118234022
958,0.20909090909090908,-13.194620578867147
959,0.2788443261737312,-16.817880472030236
960,0.3422959406372763,-12.206335912104809
961,0.24302655754133956,-16.580315930356203
962,0.27195192866834655,-13.95888111763611
963,0.3112761647535449,-13.268523256934522
964,0.38642409679910755,-16.360507463905055
965,0.4709003482009617,-12.151562448163451
966,0.38918872612010624,-14.801356712742768
