farm_id,crop_GDHTM,crop_CodingBits,crop_8bit,crop_Megalodon,crop_Orion,crop_DeepThinkers,consensus,n_agree,gdhtm_matches_consensus
1,Rice,Groundnut,Groundnut,Groundnut,Bajra,Cotton,Groundnut,3,False
2,Rice,Bajra,Groundnut,Groundnut,Bajra,Cotton,Bajra,2,False
3,Rice,Cotton,Cotton,Cotton,Groundnut,Cotton,Cotton,4,False
4,Maize,Maize,Bajra,Bajra,Bajra,Groundnut,Bajra,3,False
5,Groundnut,Rice,Cotton,Groundnut,Groundnut,Cotton,Groundnut,3,True
6,Cotton,Bajra,Groundnut,Groundnut,Maize,Groundnut,Groundnut,3,False
7,Bajra,Cotton,Groundnut,Cotton,Maize,Cotton,Cotton,3,False
8,Groundnut,Cotton,Groundnut,Cotton,Maize,Maize,Cotton,2,False
9,Cotton,Cotton,Rice,Cotton,Groundnut,Bajra,Cotton,3,True
10,Cotton,Cotton,Cotton,Cotton,Groundnut,Cotton,Cotton,5,True
11,Cotton,Groundnut,Groundnut,Groundnut,Maize,Cotton,Groundnut,3,False
12,Cotton,Cotton,Groundnut,Cotton,Maize,Rice,Cotton,3,True
13,Rice,Bajra,Groundnut,Bajra,Maize,Maize,Bajra,2,False
14,Cotton,Groundnut,Maize,Groundnut,Rice,Rice,Groundnut,2,False
15,Cotton,Maize,Cotton,Cotton,Groundnut,Groundnut,Cotton,3,True
16,Groundnut,Bajra,Cotton,Cotton,Groundnut,Groundnut,Groundnut,3,True
17,Cotton,Maize,Cotton,Cotton,Groundnut,Groundnut,Cotton,3,True
18,Cotton,Maize,Cotton,Cotton,Groundnut,Groundnut,Cotton,3,True
19,Bajra,Maize,Cotton,Cotton,Groundnut,Groundnut,Cotton,2,False
20,Rice,Cotton,Groundnut,Cotton,Groundnut,Cotton,Cotton,3,False
21,Rice,Cotton,Groundnut,Cotton,Maize,Cotton,Cotton,3,False
22,Cotton,Groundnut,Cotton,Groundnut,Groundnut,Cotton,Cotton,3,True
23,Bajra,Bajra,Cotton,Cotton,Maize,Groundnut,Bajra,2,True
24,Rice,Rice,Groundnut,Groundnut,Maize,Groundnut,Groundnut,3,False
25,Cotton,Cotton,Cotton,Cotton,Groundnut,Cotton,Cotton,5,True
26,Rice,Cotton,Groundnut,Cotton,Maize,Cotton,Cotton,3,False
27,Rice,Cotton,Groundnut,Cotton,Maize,Cotton,Cotton,3,False
28,Cotton,Groundnut,Groundnut,Groundnut,Maize,Groundnut,Groundnut,4,False
29,Rice,Maize,Groundnut,Groundnut,Bajra,Cotton,Groundnut,2,False
30,Cotton,Cotton,Cotton,Cotton,Rice,Rice,Cotton,4,True
31,Maize,Groundnut,Groundnut,Groundnut,Rice,Cotton,Groundnut,3,False
32,Rice,Groundnut,Groundnut,Groundnut,Bajra,Groundnut,Groundnut,4,False
33,Cotton,Cotton,Groundnut,Cotton,Groundnut,Groundnut,Cotton,3,True
34,Rice,Cotton,Groundnut,Cotton,Groundnut,Cotton,Cotton,3,False
35,Rice,Groundnut,Bajra,Groundnut,Bajra,Cotton,Bajra,2,False
36,Maize,Groundnut,Bajra,Groundnut,Bajra,Cotton,Bajra,2,False
37,Rice,Cotton,Groundnut,Cotton,Groundnut,Cotton,Cotton,3,False
38,Rice,Cotton,Groundnut,Cotton,Maize,Cotton,Cotton,3,False
39,Cotton,Cotton,Groundnut,Cotton,Groundnut,Groundnut,Cotton,3,True
40,Cotton,Rice,Groundnut,Bajra,Maize,Cotton,Cotton,2,True
41,Cotton,Cotton,Cotton,Cotton,Rice,Rice,Cotton,4,True
42,Cotton,Cotton,Cotton,Cotton,Rice,Maize,Cotton,4,True
43,Cotton,Rice,Groundnut,Bajra,Groundnut,Groundnut,Groundnut,3,False
44,Cotton,Cotton,Groundnut,Cotton,Groundnut,Cotton,Cotton,4,True
45,Cotton,Cotton,Groundnut,Cotton,Groundnut,Cotton,Cotton,4,True
46,Cotton,Cotton,Cotton,Cotton,Groundnut,Groundnut,Cotton,4,True
47,Cotton,Cotton,Groundnut,Cotton,Groundnut,Cotton,Cotton,4,True
48,Cotton,Rice,Groundnut,Groundnut,Maize,Groundnut,Groundnut,3,False
49,Rice,Bajra,Cotton,Groundnut,Groundnut,Cotton,Cotton,2,False
50,Cotton,Maize,Cotton,Cotton,Groundnut,Groundnut,Cotton,3,True
51,Cotton,Rice,Cotton,Cotton,Rice,Groundnut,Cotton,3,True
52,Cotton,Maize,Cotton,Cotton,Groundnut,Groundnut,Cotton,3,True
53,Cotton,Rice,Groundnut,Cotton,Groundnut,Groundnut,Groundnut,3,False
54,Maize,Bajra,Bajra,Groundnut,Rice,Maize,Bajra,2,False
55,Maize,Bajra,Maize,Rice,Rice,Cotton,Maize,2,True
56,Rice,Rice,Groundnut,Groundnut,Maize,Groundnut,Groundnut,3,False
57,Maize,Cotton,Cotton,Cotton,Groundnut,Groundnut,Cotton,3,False
58,Cotton,Cotton,Bajra,Cotton,Rice,Maize,Cotton,3,True
59,Cotton,Cotton,Maize,Cotton,Groundnut,Groundnut,Cotton,3,True
60,Groundnut,Bajra,Groundnut,Groundnut,Maize,Groundnut,Groundnut,4,True
61,Cotton,Groundnut,Groundnut,Groundnut,Groundnut,Cotton,Groundnut,4,False
62,Cotton,Groundnut,Maize,Groundnut,Maize,Cotton,Cotton,2,True
63,Rice,Groundnut,Groundnut,Groundnut,Maize,Cotton,Groundnut,3,False
64,Cotton,Groundnut,Maize,Groundnut,Groundnut,Groundnut,Groundnut,4,False
65,Rice,Groundnut,Groundnut,Groundnut,Maize,Cotton,Groundnut,3,False
66,Rice,Rice,Groundnut,Groundnut,Maize,Cotton,Groundnut,2,False
67,Cotton,Groundnut,Maize,Groundnut,Rice,Rice,Groundnut,2,False
68,Cotton,Cotton,Groundnut,Cotton,Maize,Groundnut,Cotton,3,True
69,Cotton,Bajra,Maize,Groundnut,Rice,Rice,Rice,2,False
70,Cotton,Bajra,Maize,Groundnut,Rice,Groundnut,Groundnut,2,False
71,Groundnut,Cotton,Groundnut,Cotton,Maize,Cotton,Cotton,3,False
72,Maize,Groundnut,Groundnut,Cotton,Maize,Cotton,Cotton,2,False
73,Maize,Bajra,Bajra,Groundnut,Bajra,Groundnut,Bajra,3,False
74,Cotton,Cotton,Cotton,Cotton,Rice,Rice,Cotton,4,True
75,Cotton,Cotton,Groundnut,Cotton,Maize,Groundnut,Cotton,3,True
76,Cotton,Rice,Cotton,Cotton,Groundnut,Groundnut,Cotton,3,True
77,Cotton,Groundnut,Cotton,Groundnut,Groundnut,Groundnut,Groundnut,4,False
78,Rice,Cotton,Groundnut,Cotton,Maize,Cotton,Cotton,3,False
79,Rice,Groundnut,Groundnut,Groundnut,Maize,Cotton,Groundnut,3,False
80,Rice,Groundnut,Groundnut,Groundnut,Bajra,Cotton,Groundnut,3,False
81,Maize,Groundnut,Maize,Groundnut,Rice,Cotton,Groundnut,2,False
82,Maize,Rice,Groundnut,Cotton,Maize,Cotton,Cotton,2,False
83,Cotton,Groundnut,Cotton,Groundnut,Groundnut,Cotton,Cotton,3,True
84,Cotton,Groundnut,Cotton,Groundnut,Groundnut,Groundnut,Groundnut,4,False
85,Cotton,Cotton,Cotton,Cotton,Rice,Maize,Cotton,4,True
86,Cotton,Cotton,Cotton,Cotton,Rice,Rice,Cotton,4,True
87,Cotton,Cotton,Maize,Cotton,Maize,Groundnut,Cotton,3,True
88,Rice,Rice,Groundnut,Groundnut,Maize,Groundnut,Groundnut,3,False
89,Rice,Bajra,Groundnut,Bajra,Maize,Groundnut,Bajra,2,False
90,Cotton,Cotton,Cotton,Cotton,Groundnut,Groundnut,Cotton,4,True
91,Cotton,Cotton,Cotton,Cotton,Groundnut,Cotton,Cotton,5,True
92,Cotton,Cotton,Cotton,Cotton,Groundnut,Cotton,Cotton,5,True
93,Cotton,Cotton,Cotton,Cotton,Cotton,Groundnut,Cotton,5,True
94,Cotton,Groundnut,Cotton,Cotton,Cotton,Groundnut,Cotton,4,True
95,Cotton,Groundnut,Maize,Groundnut,Rice,Rice,Groundnut,2,False
96,Cotton,Cotton,Maize,Cotton,Maize,Cotton,Cotton,4,True
97,Cotton,Cotton,Groundnut,Cotton,Maize,Groundnut,Cotton,3,True
98,Cotton,Cotton,Rice,Rice,Groundnut,Rice,Rice,3,False
99,Cotton,Cotton,Cotton,Cotton,Groundnut,Rice,Cotton,4,True
100,Maize,Groundnut,Bajra,Groundnut,Rice,Groundnut,Groundnut,3,False
101,Cotton,Rice,Rice,Groundnut,Groundnut,Maize,Groundnut,2,False
102,Cotton,Rice,Cotton,Cotton,Groundnut,Groundnut,Cotton,3,True
103,Cotton,Cotton,Rice,Rice,Rice,Groundnut,Rice,3,False
104,Groundnut,Rice,Cotton,Cotton,Groundnut,Groundnut,Groundnut,3,True
105,Cotton,Cotton,Cotton,Cotton,Rice,Rice,Cotton,4,True
106,Cotton,Cotton,Cotton,Cotton,Rice,Maize,Cotton,4,True
107,Cotton,Rice,Maize,Groundnut,Maize,Groundnut,Groundnut,2,False
108,Cotton,Cotton,Cotton,Cotton,Rice,Rice,Cotton,4,True
109,Cotton,Cotton,Cotton,Cotton,Groundnut,Groundnut,Cotton,4,True
110,Cotton,Cotton,Cotton,Cotton,Rice,Maize,Cotton,4,True
111,Groundnut,Cotton,Cotton,Cotton,Cotton,Cotton,Cotton,5,False
112,Maize,Groundnut,Bajra,Groundnut,Rice,Cotton,Groundnut,2,False
113,Rice,Groundnut,Cotton,Groundnut,Cotton,Groundnut,Groundnut,3,False
114,Groundnut,Cotton,Groundnut,Cotton,Groundnut,Cotton,Cotton,3,False
115,Cotton,Groundnut,Rice,Groundnut,Groundnut,Bajra,Groundnut,3,False
116,Groundnut,Cotton,Groundnut,Cotton,Groundnut,Cotton,Cotton,3,False
117,Cotton,Bajra,Maize,Groundnut,Rice,Rice,Rice,2,False
118,Rice,Bajra,Groundnut,Bajra,Maize,Groundnut,Bajra,2,False
119,Cotton,Bajra,Maize,Groundnut,Rice,Maize,Maize,2,False
120,Cotton,Cotton,Maize,Cotton,Rice,Cotton,Cotton,4,True
121,Cotton,Cotton,Cotton,Cotton,Rice,Rice,Cotton,4,True
122,Groundnut,Rice,Cotton,Bajra,Groundnut,Cotton,Cotton,2,False
123,Cotton,Cotton,Cotton,Cotton,Cotton,Cotton,Cotton,6,True
124,Groundnut,Maize,Cotton,Groundnut,Bajra,Cotton,Cotton,2,False
125,Groundnut,Groundnut,Groundnut,Groundnut,Maize,Cotton,Groundnut,4,True
126,Groundnut,Groundnut,Cotton,Groundnut,Cotton,Groundnut,Groundnut,4,True
127,Groundnut,Cotton,Rice,Cotton,Groundnut,Bajra,Cotton,2,False
128,Groundnut,Cotton,Groundnut,Cotton,Maize,Cotton,Cotton,3,False
129,Groundnut,Rice,Rice,Rice,Maize,Cotton,Rice,3,False
130,Cotton,Groundnut,Groundnut,Groundnut,Groundnut,Cotton,Groundnut,4,False
131,Groundnut,Cotton,Groundnut,Cotton,Maize,Groundnut,Groundnut,3,True
132,Bajra,Cotton,Rice,Cotton,Groundnut,Groundnut,Cotton,2,False
133,Groundnut,Bajra,Cotton,Groundnut,Maize,Cotton,Cotton,2,False
134,Groundnut,Cotton,Cotton,Cotton,Cotton,Bajra,Cotton,4,False
135,Cotton,Groundnut,Cotton,Groundnut,Maize,Groundnut,Groundnut,3,False
136,Cotton,Cotton,Groundnut,Cotton,Groundnut,Cotton,Cotton,4,True
137,Cotton,Cotton,Cotton,Cotton,Rice,Cotton,Cotton,5,True
138,Cotton,Cotton,Cotton,Cotton,Rice,Cotton,Cotton,5,True
139,Groundnut,Groundnut,Cotton,Groundnut,Cotton,Cotton,Cotton,3,False
140,Cotton,Rice,Cotton,Groundnut,Cotton,Cotton,Cotton,4,True
141,Maize,Maize,Maize,Rice,Maize,Cotton,Maize,4,True
142,Groundnut,Maize,Groundnut,Rice,Maize,Cotton,Groundnut,2,True
143,Cotton,Groundnut,Groundnut,Groundnut,Maize,Groundnut,Groundnut,4,False
144,Groundnut,Rice,Cotton,Cotton,Groundnut,Cotton,Cotton,3,False
145,Groundnut,Maize,Groundnut,Rice,Maize,Groundnut,Groundnut,3,True
146,Cotton,Rice,Cotton,Groundnut,Groundnut,Groundnut,Groundnut,3,False
147,Cotton,Rice,Rice,Groundnut,Rice,Cotton,Rice,3,False
148,Cotton,Rice,Cotton,Groundnut,Cotton,Groundnut,Cotton,3,True
149,Maize,Bajra,Cotton,Cotton,Maize,Cotton,Cotton,3,False
150,Cotton,Rice,Groundnut,Groundnut,Groundnut,Groundnut,Groundnut,4,False
151,Cotton,Groundnut,Maize,Groundnut,Rice,Cotton,Cotton,2,True
152,Groundnut,Rice,Groundnut,Groundnut,Groundnut,Cotton,Groundnut,4,True
153,Cotton,Rice,Cotton,Cotton,Groundnut,Cotton,Cotton,4,True
154,Cotton,Cotton,Cotton,Cotton,Rice,Maize,Cotton,4,True
155,Bajra,Bajra,Groundnut,Groundnut,Maize,Groundnut,Groundnut,3,False
156,Groundnut,Rice,Groundnut,Bajra,Maize,Groundnut,Groundnut,3,True
157,Groundnut,Groundnut,Rice,Rice,Groundnut,Cotton,Groundnut,3,True
158,Maize,Groundnut,Groundnut,Groundnut,Maize,Groundnut,Groundnut,4,False
159,Cotton,Groundnut,Bajra,Groundnut,Maize,Groundnut,Groundnut,3,False
160,Cotton,Bajra,Cotton,Groundnut,Groundnut,Groundnut,Groundnut,3,False
161,Cotton,Bajra,Groundnut,Groundnut,Maize,Groundnut,Groundnut,3,False
162,Cotton,Cotton,Groundnut,Cotton,Groundnut,Groundnut,Cotton,3,True
163,Cotton,Cotton,Cotton,Cotton,Rice,Rice,Cotton,4,True
164,Cotton,Cotton,Cotton,Cotton,Groundnut,Groundnut,Cotton,4,True
165,Groundnut,Cotton,Cotton,Cotton,Maize,Groundnut,Cotton,3,False
166,Groundnut,Cotton,Groundnut,Cotton,Maize,Groundnut,Groundnut,3,True
167,Groundnut,Cotton,Cotton,Cotton,Cotton,Cotton,Cotton,5,False
168,Groundnut,Groundnut,Groundnut,Cotton,Maize,Groundnut,Groundnut,4,True
169,Maize,Bajra,Bajra,Groundnut,Rice,Rice,Bajra,2,False
170,Groundnut,Groundnut,Cotton,Groundnut,Cotton,Cotton,Cotton,3,False
171,Cotton,Groundnut,Cotton,Groundnut,Groundnut,Cotton,Cotton,3,True
172,Groundnut,Groundnut,Cotton,Groundnut,Cotton,Cotton,Cotton,3,False
173,Cotton,Groundnut,Cotton,Cotton,Rice,Rice,Cotton,3,True
174,Cotton,Groundnut,Maize,Groundnut,Rice,Groundnut,Groundnut,3,False
175,Cotton,Cotton,Rice,Rice,Maize,Bajra,Cotton,2,True
176,Cotton,Cotton,Cotton,Cotton,Groundnut,Rice,Cotton,4,True
177,Cotton,Cotton,Cotton,Cotton,Maize,Bajra,Cotton,4,True
178,Cotton,Cotton,Cotton,Cotton,Groundnut,Rice,Cotton,4,True
179,Cotton,Groundnut,Maize,Rice,Maize,Rice,Maize,2,False
180,Bajra,Groundnut,Groundnut,Groundnut,Bajra,Rice,Groundnut,3,False
181,Rice,Groundnut,Groundnut,Groundnut,Cotton,Cotton,Groundnut,3,False
182,Rice,Groundnut,Cotton,Groundnut,Cotton,Cotton,Cotton,3,False
183,Rice,Cotton,Groundnut,Cotton,Groundnut,Groundnut,Groundnut,3,False
184,Rice,Rice,Cotton,Bajra,Groundnut,Groundnut,Groundnut,2,False
185,Cotton,Cotton,Cotton,Cotton,Groundnut,Cotton,Cotton,5,True
186,Cotton,Cotton,Cotton,Cotton,Groundnut,Groundnut,Cotton,4,True
187,Cotton,Groundnut,Rice,Groundnut,Maize,Groundnut,Groundnut,3,False
188,Cotton,Cotton,Cotton,Cotton,Groundnut,Cotton,Cotton,5,True
189,Cotton,Rice,Groundnut,Groundnut,Maize,Groundnut,Groundnut,3,False
190,Groundnut,Bajra,Groundnut,Groundnut,Maize,Cotton,Groundnut,3,True
191,Cotton,Cotton,Bajra,Rice,Bajra,Rice,Bajra,2,False
192,Bajra,Cotton,Groundnut,Cotton,Bajra,Cotton,Cotton,3,False
193,Groundnut,Bajra,Groundnut,Groundnut,Groundnut,Groundnut,Groundnut,5,True
194,Rice,Groundnut,Groundnut,Groundnut,Maize,Cotton,Groundnut,3,False
195,Groundnut,Groundnut,Cotton,Groundnut,Cotton,Groundnut,Groundnut,4,True
196,Groundnut,Rice,Rice,Rice,Maize,Cotton,Rice,3,False
197,Bajra,Cotton,Groundnut,Cotton,Bajra,Cotton,Cotton,3,False
198,Groundnut,Maize,Groundnut,Cotton,Maize,Groundnut,Groundnut,3,True
199,Cotton,Cotton,Cotton,Cotton,Groundnut,Groundnut,Cotton,4,True
200,Cotton,Cotton,Cotton,Cotton,Rice,Maize,Cotton,4,True
201,Groundnut,Groundnut,Cotton,Cotton,Groundnut,Groundnut,Groundnut,4,True
202,Rice,Bajra,Cotton,Groundnut,Maize,Groundnut,Groundnut,2,False
203,Rice,Bajra,Groundnut,Groundnut,Maize,Cotton,Groundnut,2,False
204,Groundnut,Cotton,Rice,Cotton,Groundnut,Groundnut,Groundnut,3,True
205,Cotton,Groundnut,Cotton,Groundnut,Rice,Rice,Cotton,2,True
206,Cotton,Rice,Rice,Groundnut,Groundnut,Cotton,Cotton,2,True
207,Cotton,Cotton,Cotton,Cotton,Cotton,Rice,Cotton,5,True
208,Groundnut,Cotton,Cotton,Cotton,Groundnut,Groundnut,Cotton,3,False
209,Cotton,Rice,Rice,Rice,Groundnut,Bajra,Rice,3,False
210,Cotton,Cotton,Cotton,Groundnut,Groundnut,Rice,Cotton,3,True
211,Cotton,Groundnut,Maize,Rice,Maize,Rice,Maize,2,False
212,Rice,Rice,Cotton,Groundnut,Maize,Groundnut,Groundnut,2,False
213,Cotton,Groundnut,Cotton,Groundnut,Rice,Rice,Cotton,2,True
214,Groundnut,Cotton,Cotton,Cotton,Groundnut,Groundnut,Cotton,3,False
215,Groundnut,Cotton,Groundnut,Cotton,Cotton,Maize,Cotton,3,False
216,Cotton,Groundnut,Cotton,Groundnut,Rice,Rice,Cotton,2,True
217,Cotton,Cotton,Groundnut,Cotton,Maize,Groundnut,Cotton,3,True
218,Cotton,Groundnut,Maize,Groundnut,Rice,Rice,Groundnut,2,False
219,Cotton,Groundnut,Cotton,Groundnut,Rice,Rice,Cotton,2,True
220,Rice,Rice,Groundnut,Groundnut,Bajra,Maize,Groundnut,2,False
221,Rice,Cotton,Cotton,Cotton,Cotton,Cotton,Cotton,5,False
222,Rice,Cotton,Groundnut,Cotton,Maize,Cotton,Cotton,3,False
223,Rice,Cotton,Groundnut,Cotton,Maize,Cotton,Cotton,3,False
224,Rice,Cotton,Groundnut,Cotton,Bajra,Cotton,Cotton,3,False
225,Rice,Groundnut,Groundnut,Groundnut,Bajra,Cotton,Groundnut,3,False
226,Rice,Groundnut,Groundnut,Groundnut,Bajra,Cotton,Groundnut,3,False
227,Rice,Groundnut,Cotton,Groundnut,Groundnut,Groundnut,Groundnut,4,False
228,Maize,Groundnut,Bajra,Groundnut,Bajra,Groundnut,Groundnut,3,False
229,Groundnut,Groundnut,Cotton,Groundnut,Cotton,Groundnut,Groundnut,4,True
230,Cotton,Groundnut,Cotton,Groundnut,Rice,Rice,Cotton,2,True
231,Groundnut,Groundnut,Groundnut,Groundnut,Maize,Groundnut,Groundnut,5,True
232,Cotton,Cotton,Groundnut,Cotton,Maize,Bajra,Cotton,3,True
233,Rice,Cotton,Groundnut,Cotton,Maize,Cotton,Cotton,3,False
234,Groundnut,Cotton,Cotton,Cotton,Groundnut,Groundnut,Cotton,3,False
235,Cotton,Bajra,Bajra,Groundnut,Rice,Rice,Bajra,2,False
236,Groundnut,Cotton,Cotton,Cotton,Cotton,Groundnut,Cotton,4,False
237,Cotton,Rice,Groundnut,Cotton,Maize,Groundnut,Cotton,2,True
238,Cotton,Cotton,Cotton,Cotton,Groundnut,Groundnut,Cotton,4,True
239,Groundnut,Cotton,Cotton,Cotton,Cotton,Maize,Cotton,4,False
240,Cotton,Groundnut,Groundnut,Groundnut,Groundnut,Groundnut,Groundnut,5,False
241,Groundnut,Groundnut,Groundnut,Groundnut,Maize,Cotton,Groundnut,4,True
242,Bajra,Groundnut,Groundnut,Groundnut,Maize,Groundnut,Groundnut,4,False
243,Maize,Maize,Groundnut,Bajra,Bajra,Cotton,Bajra,2,False
244,Cotton,Cotton,Cotton,Rice,Groundnut,Groundnut,Cotton,3,True
245,Rice,Bajra,Groundnut,Groundnut,Bajra,Cotton,Bajra,2,False
246,Cotton,Cotton,Cotton,Cotton,Cotton,Rice,Cotton,5,True
247,Cotton,Cotton,Cotton,Cotton,Groundnut,Cotton,Cotton,5,True
248,Cotton,Groundnut,Cotton,Groundnut,Rice,Rice,Cotton,2,True
249,Groundnut,Groundnut,Cotton,Groundnut,Maize,Groundnut,Groundnut,4,True
250,Cotton,Cotton,Cotton,Cotton,Groundnut,Cotton,Cotton,5,True
251,Groundnut,Cotton,Cotton,Cotton,Cotton,Groundnut,Cotton,4,False
252,Groundnut,Cotton,Cotton,Cotton,Cotton,Groundnut,Cotton,4,False
253,Cotton,Cotton,Cotton,Cotton,Rice,Rice,Cotton,4,True
254,Groundnut,Cotton,Cotton,Cotton,Cotton,Cotton,Cotton,5,False
255,Bajra,Groundnut,Cotton,Groundnut,Bajra,Cotton,Bajra,2,True
256,Cotton,Cotton,Cotton,Cotton,Maize,Groundnut,Cotton,4,True
257,Cotton,Cotton,Cotton,Cotton,Groundnut,Groundnut,Cotton,4,True
258,Groundnut,Bajra,Cotton,Groundnut,Maize,Groundnut,Groundnut,3,True
259,Rice,Groundnut,Groundnut,Groundnut,Maize,Cotton,Groundnut,3,False
260,Groundnut,Cotton,Cotton,Cotton,Cotton,Cotton,Cotton,5,False
261,Groundnut,Cotton,Rice,Cotton,Groundnut,Cotton,Cotton,3,False
262,Groundnut,Groundnut,Groundnut,Groundnut,Maize,Cotton,Groundnut,4,True
263,Maize,Bajra,Bajra,Rice,Rice,Cotton,Bajra,2,False
264,Cotton,Cotton,Cotton,Cotton,Groundnut,Groundnut,Cotton,4,True
265,Cotton,Cotton,Cotton,Cotton,Groundnut,Groundnut,Cotton,4,True
266,Groundnut,Groundnut,Groundnut,Groundnut,Maize,Cotton,Groundnut,4,True
267,Cotton,Cotton,Cotton,Cotton,Cotton,Maize,Cotton,5,True
268,Cotton,Groundnut,Rice,Groundnut,Rice,Rice,Rice,3,False
269,Cotton,Groundnut,Groundnut,Bajra,Maize,Maize,Groundnut,2,False
270,Maize,Maize,Groundnut,Groundnut,Maize,Cotton,Maize,3,True
271,Groundnut,Groundnut,Cotton,Rice,Groundnut,Cotton,Groundnut,3,True
272,Groundnut,Bajra,Groundnut,Groundnut,Maize,Groundnut,Groundnut,4,True
273,Rice,Groundnut,Groundnut,Groundnut,Maize,Cotton,Groundnut,3,False
274,Maize,Groundnut,Bajra,Groundnut,Rice,Groundnut,Groundnut,3,False
275,Cotton,Cotton,Maize,Cotton,Maize,Bajra,Cotton,3,True
276,Bajra,Cotton,Groundnut,Cotton,Bajra,Groundnut,Bajra,2,True
277,Groundnut,Groundnut,Cotton,Cotton,Maize,Groundnut,Groundnut,3,True
278,Cotton,Cotton,Cotton,Cotton,Groundnut,Cotton,Cotton,5,True
279,Groundnut,Rice,Groundnut,Groundnut,Maize,Cotton,Groundnut,3,True
280,Groundnut,Groundnut,Cotton,Groundnut,Maize,Cotton,Groundnut,3,True
281,Groundnut,Groundnut,Cotton,Groundnut,Groundnut,Groundnut,Groundnut,5,True
282,Groundnut,Groundnut,Cotton,Groundnut,Cotton,Groundnut,Groundnut,4,True
283,Groundnut,Groundnut,Cotton,Groundnut,Groundnut,Cotton,Groundnut,4,True
284,Groundnut,Groundnut,Groundnut,Groundnut,Maize,Groundnut,Groundnut,5,True
285,Groundnut,Groundnut,Cotton,Groundnut,Groundnut,Groundnut,Groundnut,5,True
286,Cotton,Rice,Cotton,Rice,Groundnut,Cotton,Cotton,3,True
287,Cotton,Bajra,Maize,Groundnut,Rice,Rice,Rice,2,False
288,Cotton,Bajra,Maize,Groundnut,Maize,Groundnut,Groundnut,2,False
289,Cotton,Cotton,Cotton,Cotton,Groundnut,Rice,Cotton,4,True
290,Cotton,Cotton,Cotton,Cotton,Rice,Rice,Cotton,4,True
291,Cotton,Cotton,Maize,Cotton,Maize,Bajra,Cotton,3,True
292,Cotton,Cotton,Cotton,Cotton,Rice,Maize,Cotton,4,True
293,Groundnut,Groundnut,Groundnut,Groundnut,Maize,Groundnut,Groundnut,5,True
294,Cotton,Cotton,Cotton,Cotton,Rice,Maize,Cotton,4,True
295,Groundnut,Cotton,Cotton,Cotton,Groundnut,Groundnut,Cotton,3,False
296,Cotton,Cotton,Cotton,Cotton,Groundnut,Groundnut,Cotton,4,True
297,Groundnut,Rice,Groundnut,Bajra,Maize,Groundnut,Groundnut,3,True
298,Rice,Rice,Groundnut,Bajra,Maize,Groundnut,Groundnut,2,False
299,Cotton,Maize,Groundnut,Bajra,Maize,Maize,Maize,3,False
300,Cotton,Groundnut,Cotton,Groundnut,Groundnut,Groundnut,Groundnut,4,False
301,Rice,Maize,Groundnut,Cotton,Bajra,Cotton,Cotton,2,False
302,Bajra,Groundnut,Bajra,Groundnut,Bajra,Groundnut,Bajra,3,True
303,Cotton,Cotton,Groundnut,Cotton,Groundnut,Bajra,Cotton,3,True
304,Cotton,Groundnut,Cotton,Groundnut,Groundnut,Maize,Groundnut,3,False
305,Rice,Groundnut,Groundnut,Groundnut,Maize,Groundnut,Groundnut,4,False
306,Cotton,Cotton,Maize,Rice,Maize,Groundnut,Cotton,2,True
307,Groundnut,Groundnut,Groundnut,Groundnut,Maize,Cotton,Groundnut,4,True
308,Groundnut,Cotton,Rice,Cotton,Maize,Bajra,Cotton,2,False
309,Groundnut,Bajra,Cotton,Bajra,Cotton,Cotton,Cotton,3,False
310,Rice,Cotton,Groundnut,Cotton,Maize,Groundnut,Cotton,2,False
311,Cotton,Cotton,Maize,Groundnut,Maize,Cotton,Cotton,3,True
312,Bajra,Groundnut,Bajra,Groundnut,Bajra,Cotton,Bajra,3,True
313,Cotton,Groundnut,Groundnut,Groundnut,Maize,Groundnut,Groundnut,4,False
314,Cotton,Bajra,Cotton,Groundnut,Maize,Groundnut,Cotton,2,True
315,Groundnut,Cotton,Cotton,Cotton,Cotton,Cotton,Cotton,5,False
316,Cotton,Groundnut,Groundnut,Groundnut,Groundnut,Bajra,Groundnut,4,False
317,Groundnut,Cotton,Groundnut,Cotton,Maize,Cotton,Cotton,3,False
318,Maize,Bajra,Bajra,Groundnut,Bajra,Groundnut,Bajra,3,False
319,Cotton,Cotton,Maize,Rice,Maize,Cotton,Cotton,3,True
320,Cotton,Cotton,Cotton,Cotton,Rice,Rice,Cotton,4,True
321,Cotton,Rice,Rice,Rice,Groundnut,Bajra,Rice,3,False
322,Cotton,Rice,Groundnut,Bajra,Groundnut,Groundnut,Groundnut,3,False
323,Bajra,Groundnut,Bajra,Groundnut,Bajra,Cotton,Bajra,3,True
324,Maize,Groundnut,Bajra,Groundnut,Rice,Cotton,Groundnut,2,False
325,Cotton,Cotton,Cotton,Cotton,Cotton,Cotton,Cotton,6,True
326,Maize,Groundnut,Bajra,Rice,Rice,Cotton,Rice,2,False
327,Groundnut,Cotton,Cotton,Cotton,Cotton,Cotton,Cotton,5,False
328,Rice,Groundnut,Groundnut,Groundnut,Maize,Cotton,Groundnut,3,False
329,Bajra,Cotton,Groundnut,Cotton,Bajra,Cotton,Cotton,3,False
330,Groundnut,Cotton,Rice,Cotton,Groundnut,Cotton,Cotton,3,False
331,Groundnut,Cotton,Rice,Cotton,Maize,Cotton,Cotton,3,False
332,Bajra,Groundnut,Bajra,Groundnut,Bajra,Cotton,Bajra,3,True
333,Bajra,Groundnut,Groundnut,Groundnut,Bajra,Cotton,Groundnut,3,False
334,Cotton,Groundnut,Cotton,Groundnut,Cotton,Cotton,Cotton,4,True
335,Rice,Bajra,Bajra,Groundnut,Bajra,Groundnut,Bajra,3,False
336,Groundnut,Groundnut,Cotton,Groundnut,Bajra,Cotton,Groundnut,3,True
337,Groundnut,Groundnut,Cotton,Groundnut,Groundnut,Cotton,Groundnut,4,True
338,Groundnut,Rice,Cotton,Groundnut,Cotton,Cotton,Cotton,3,False
339,Groundnut,Cotton,Cotton,Cotton,Groundnut,Groundnut,Cotton,3,False
340,Rice,Cotton,Groundnut,Cotton,Maize,Groundnut,Cotton,2,False
341,Groundnut,Cotton,Cotton,Cotton,Maize,Groundnut,Cotton,3,False
342,Cotton,Cotton,Groundnut,Cotton,Maize,Groundnut,Cotton,3,True
343,Groundnut,Groundnut,Cotton,Groundnut,Maize,Maize,Groundnut,3,True
344,Cotton,Cotton,Cotton,Cotton,Rice,Maize,Cotton,4,True
345,Bajra,Groundnut,Bajra,Groundnut,Bajra,Cotton,Bajra,3,True
346,Bajra,Groundnut,Bajra,Groundnut,Bajra,Cotton,Bajra,3,True
347,Groundnut,Rice,Groundnut,Groundnut,Maize,Cotton,Groundnut,3,True
348,Bajra,Bajra,Bajra,Groundnut,Bajra,Cotton,Bajra,4,True
349,Rice,Cotton,Groundnut,Cotton,Groundnut,Cotton,Cotton,3,False
350,Groundnut,Groundnut,Rice,Rice,Maize,Bajra,Groundnut,2,True
351,Cotton,Cotton,Cotton,Cotton,Groundnut,Groundnut,Cotton,4,True
352,Groundnut,Groundnut,Cotton,Cotton,Cotton,Groundnut,Cotton,3,False
353,Groundnut,Cotton,Cotton,Cotton,Cotton,Groundnut,Cotton,4,False
354,Bajra,Rice,Cotton,Groundnut,Maize,Cotton,Cotton,2,False
355,Groundnut,Cotton,Cotton,Cotton,Cotton,Cotton,Cotton,5,False
356,Groundnut,Groundnut,Cotton,Cotton,Groundnut,Groundnut,Groundnut,4,True
357,Groundnut,Cotton,Groundnut,Cotton,Maize,Bajra,Cotton,2,False
358,Groundnut,Groundnut,Rice,Rice,Maize,Bajra,Groundnut,2,True
359,Groundnut,Cotton,Cotton,Cotton,Cotton,Cotton,Cotton,5,False
360,Cotton,Groundnut,Groundnut,Groundnut,Bajra,Cotton,Groundnut,3,False
361,Groundnut,Cotton,Groundnut,Cotton,Maize,Cotton,Cotton,3,False
362,Groundnut,Cotton,Cotton,Cotton,Bajra,Groundnut,Cotton,3,False
363,Cotton,Groundnut,Maize,Rice,Maize,Cotton,Cotton,2,True
364,Groundnut,Cotton,Groundnut,Cotton,Maize,Bajra,Cotton,2,False
365,Bajra,Groundnut,Bajra,Groundnut,Bajra,Groundnut,Bajra,3,True
366,Groundnut,Cotton,Groundnut,Cotton,Maize,Cotton,Cotton,3,False
367,Bajra,Groundnut,Bajra,Groundnut,Bajra,Groundnut,Bajra,3,True
368,Groundnut,Rice,Cotton,Cotton,Maize,Groundnut,Cotton,2,False
369,Cotton,Groundnut,Cotton,Groundnut,Maize,Rice,Cotton,2,True
370,Cotton,Rice,Groundnut,Cotton,Groundnut,Cotton,Cotton,3,True
371,Cotton,Cotton,Cotton,Cotton,Groundnut,Rice,Cotton,4,True
372,Cotton,Cotton,Cotton,Cotton,Groundnut,Bajra,Cotton,4,True
373,Groundnut,Cotton,Cotton,Cotton,Maize,Cotton,Cotton,4,False
374,Groundnut,Cotton,Cotton,Cotton,Groundnut,Cotton,Cotton,4,False
375,Rice,Rice,Groundnut,Groundnut,Bajra,Groundnut,Groundnut,3,False
376,Cotton,Groundnut,Rice,Groundnut,Groundnut,Groundnut,Groundnut,4,False
377,Rice,Cotton,Groundnut,Cotton,Maize,Groundnut,Cotton,2,False
378,Cotton,Cotton,Cotton,Cotton,Cotton,Cotton,Cotton,6,True
379,Cotton,Groundnut,Rice,Groundnut,Maize,Rice,Groundnut,2,False
380,Cotton,Groundnut,Maize,Groundnut,Rice,Groundnut,Groundnut,3,False
381,Groundnut,Cotton,Cotton,Cotton,Cotton,Groundnut,Cotton,4,False
382,Cotton,Rice,Cotton,Cotton,Cotton,Maize,Cotton,4,True
383,Cotton,Cotton,Cotton,Cotton,Maize,Cotton,Cotton,5,True
384,Cotton,Groundnut,Cotton,Cotton,Maize,Rice,Cotton,3,True
385,Cotton,Bajra,Cotton,Cotton,Maize,Rice,Cotton,3,True
386,Rice,Groundnut,Groundnut,Groundnut,Maize,Cotton,Groundnut,3,False
387,Rice,Groundnut,Cotton,Cotton,Maize,Maize,Cotton,2,False
388,Cotton,Groundnut,Cotton,Cotton,Groundnut,Cotton,Cotton,4,True
389,Cotton,Groundnut,Cotton,Cotton,Maize,Cotton,Cotton,4,True
390,Cotton,Cotton,Cotton,Cotton,Groundnut,Cotton,Cotton,5,True
391,Cotton,Groundnut,Cotton,Cotton,Groundnut,Cotton,Cotton,4,True
392,Cotton,Cotton,Cotton,Cotton,Groundnut,Groundnut,Cotton,4,True
393,Cotton,Cotton,Cotton,Cotton,Groundnut,Groundnut,Cotton,4,True
394,Cotton,Groundnut,Cotton,Cotton,Groundnut,Bajra,Cotton,3,True
395,Cotton,Cotton,Cotton,Cotton,Groundnut,Bajra,Cotton,4,True
396,Cotton,Cotton,Cotton,Cotton,Groundnut,Bajra,Cotton,4,True
397,Cotton,Groundnut,Cotton,Cotton,Groundnut,Bajra,Cotton,3,True
398,Cotton,Groundnut,Cotton,Cotton,Groundnut,Groundnut,Cotton,3,True
399,Cotton,Cotton,Cotton,Cotton,Groundnut,Bajra,Cotton,4,True
400,Cotton,Cotton,Cotton,Cotton,Groundnut,Bajra,Cotton,4,True
401,Cotton,Cotton,Cotton,Cotton,Groundnut,Groundnut,Cotton,4,True
402,Cotton,Cotton,Cotton,Cotton,Groundnut,Groundnut,Cotton,4,True
403,Cotton,Cotton,Cotton,Cotton,Groundnut,Cotton,Cotton,5,True
404,Cotton,Rice,Cotton,Cotton,Groundnut,Bajra,Cotton,3,True
405,Cotton,Cotton,Cotton,Cotton,Groundnut,Groundnut,Cotton,4,True
406,Cotton,Cotton,Cotton,Cotton,Groundnut,Cotton,Cotton,5,True
407,Cotton,Cotton,Cotton,Cotton,Groundnut,Cotton,Cotton,5,True
408,Cotton,Rice,Cotton,Cotton,Groundnut,Bajra,Cotton,3,True
409,Cotton,Cotton,Cotton,Cotton,Groundnut,Rice,Cotton,4,True
410,Cotton,Cotton,Cotton,Cotton,Groundnut,Cotton,Cotton,5,True
411,Cotton,Cotton,Cotton,Cotton,Groundnut,Rice,Cotton,4,True
412,Cotton,Bajra,Cotton,Cotton,Groundnut,Cotton,Cotton,4,True
413,Cotton,Cotton,Cotton,Cotton,Groundnut,Bajra,Cotton,4,True
414,Cotton,Cotton,Cotton,Cotton,Groundnut,Cotton,Cotton,5,True
415,Maize,Cotton,Cotton,Cotton,Groundnut,Bajra,Cotton,3,False
416,Cotton,Rice,Cotton,Cotton,Groundnut,Maize,Cotton,3,True
417,Cotton,Cotton,Cotton,Cotton,Groundnut,Cotton,Cotton,5,True
418,Rice,Groundnut,Cotton,Cotton,Groundnut,Groundnut,Groundnut,3,False
419,Cotton,Cotton,Cotton,Rice,Groundnut,Groundnut,Cotton,3,True
420,Maize,Rice,Rice,Groundnut,Bajra,Maize,Maize,2,True
421,Groundnut,Cotton,Cotton,Cotton,Cotton,Groundnut,Cotton,4,False
422,Bajra,Groundnut,Groundnut,Groundnut,Bajra,Groundnut,Groundnut,4,False
423,Maize,Cotton,Bajra,Cotton,Bajra,Bajra,Bajra,3,False
424,Groundnut,Cotton,Rice,Cotton,Maize,Cotton,Cotton,3,False
425,Cotton,Cotton,Cotton,Cotton,Groundnut,Rice,Cotton,4,True
426,Groundnut,Cotton,Cotton,Cotton,Groundnut,Rice,Cotton,3,False
427,Groundnut,Groundnut,Groundnut,Groundnut,Bajra,Cotton,Groundnut,4,True
428,Groundnut,Bajra,Groundnut,Bajra,Bajra,Maize,Bajra,3,False
429,Cotton,Cotton,Cotton,Cotton,Groundnut,Cotton,Cotton,5,True
430,Cotton,Cotton,Cotton,Cotton,Groundnut,Cotton,Cotton,5,True
431,Cotton,Cotton,Rice,Cotton,Bajra,Cotton,Cotton,4,True
432,Bajra,Groundnut,Rice,Groundnut,Maize,Rice,Groundnut,2,False
433,Groundnut,Groundnut,Rice,Groundnut,Maize,Bajra,Groundnut,3,True
434,Cotton,Cotton,Cotton,Cotton,Groundnut,Bajra,Cotton,4,True
435,Bajra,Groundnut,Rice,Groundnut,Maize,Bajra,Bajra,2,True
436,Cotton,Cotton,Rice,Cotton,Groundnut,Rice,Cotton,3,True
437,Cotton,Groundnut,Rice,Groundnut,Maize,Bajra,Groundnut,2,False
438,Cotton,Groundnut,Rice,Groundnut,Maize,Bajra,Groundnut,2,False
439,Maize,Cotton,Maize,Rice,Bajra,Maize,Maize,3,True
440,Cotton,Cotton,Rice,Rice,Maize,Bajra,Cotton,2,True
441,Groundnut,Cotton,Rice,Cotton,Groundnut,Groundnut,Groundnut,3,True
442,Groundnut,Bajra,Rice,Groundnut,Cotton,Cotton,Cotton,2,False
443,Bajra,Cotton,Rice,Cotton,Maize,Rice,Cotton,2,False
444,Rice,Cotton,Cotton,Cotton,Groundnut,Cotton,Cotton,4,False
445,Rice,Cotton,Groundnut,Cotton,Groundnut,Maize,Cotton,2,False
446,Cotton,Cotton,Groundnut,Cotton,Groundnut,Maize,Cotton,3,True
447,Cotton,Cotton,Cotton,Cotton,Groundnut,Bajra,Cotton,4,True
448,Cotton,Cotton,Cotton,Cotton,Groundnut,Rice,Cotton,4,True
449,Cotton,Cotton,Cotton,Cotton,Groundnut,Bajra,Cotton,4,True
450,Cotton,Cotton,Cotton,Cotton,Groundnut,Bajra,Cotton,4,True
451,Cotton,Groundnut,Cotton,Cotton,Groundnut,Groundnut,Cotton,3,True
452,Rice,Cotton,Groundnut,Cotton,Cotton,Cotton,Cotton,4,False
453,Cotton,Cotton,Groundnut,Cotton,Groundnut,Groundnut,Cotton,3,True
454,Bajra,Maize,Rice,Rice,Bajra,Groundnut,Bajra,2,True
455,Bajra,Cotton,Rice,Cotton,Bajra,Maize,Bajra,2,True
456,Cotton,Cotton,Cotton,Cotton,Groundnut,Bajra,Cotton,4,True
457,Cotton,Cotton,Rice,Cotton,Maize,Bajra,Cotton,3,True
458,Cotton,Cotton,Rice,Cotton,Groundnut,Rice,Cotton,3,True
459,Rice,Groundnut,Groundnut,Groundnut,Cotton,Groundnut,Groundnut,4,False
460,Groundnut,Groundnut,Rice,Bajra,Maize,Cotton,Groundnut,2,True
461,Rice,Groundnut,Groundnut,Groundnut,Bajra,Cotton,Groundnut,3,False
462,Maize,Rice,Cotton,Cotton,Cotton,Cotton,Cotton,4,False
463,Rice,Cotton,Cotton,Cotton,Maize,Bajra,Cotton,3,False
464,Cotton,Groundnut,Cotton,Cotton,Cotton,Maize,Cotton,4,True
465,Cotton,Cotton,Cotton,Cotton,Groundnut,Groundnut,Cotton,4,True
466,Bajra,Rice,Rice,Groundnut,Maize,Rice,Rice,3,False
467,Groundnut,Cotton,Rice,Cotton,Maize,Cotton,Cotton,3,False
468,Rice,Groundnut,Groundnut,Groundnut,Maize,Groundnut,Groundnut,4,False
469,Cotton,Rice,Rice,Rice,Groundnut,Bajra,Rice,3,False
470,Cotton,Cotton,Rice,Rice,Maize,Rice,Rice,3,False
471,Cotton,Rice,Rice,Cotton,Groundnut,Rice,Rice,3,False
472,Cotton,Cotton,Rice,Cotton,Maize,Bajra,Cotton,3,True
473,Bajra,Groundnut,Rice,Rice,Bajra,Bajra,Bajra,3,True
474,Cotton,Cotton,Cotton,Cotton,Groundnut,Rice,Cotton,4,True
475,Rice,Groundnut,Cotton,Cotton,Cotton,Bajra,Cotton,3,False
476,Groundnut,Cotton,Rice,Cotton,Bajra,Bajra,Bajra,2,False
477,Bajra,Cotton,Cotton,Bajra,Bajra,Bajra,Bajra,4,True
478,Bajra,Cotton,Rice,Cotton,Bajra,Bajra,Bajra,3,True
479,Bajra,Cotton,Cotton,Cotton,Maize,Bajra,Cotton,3,False
480,Groundnut,Cotton,Rice,Cotton,Maize,Bajra,Cotton,2,False
481,Bajra,Bajra,Groundnut,Groundnut,Bajra,Groundnut,Bajra,3,True
482,Cotton,Rice,Rice,Cotton,Groundnut,Bajra,Cotton,2,True
483,Maize,Cotton,Rice,Rice,Maize,Bajra,Maize,2,True
484,Cotton,Rice,Rice,Rice,Maize,Groundnut,Rice,3,False
485,Cotton,Groundnut,Rice,Groundnut,Maize,Bajra,Groundnut,2,False
486,Rice,Cotton,Groundnut,Cotton,Bajra,Cotton,Cotton,3,False
487,Bajra,Cotton,Rice,Cotton,Maize,Cotton,Cotton,3,False
488,Groundnut,Cotton,Rice,Cotton,Maize,Bajra,Cotton,2,False
489,Bajra,Rice,Rice,Cotton,Bajra,Bajra,Bajra,3,True
490,Groundnut,Groundnut,Rice,Bajra,Groundnut,Bajra,Groundnut,3,True
491,Bajra,Cotton,Rice,Cotton,Maize,Bajra,Bajra,2,True
492,Cotton,Cotton,Cotton,Cotton,Groundnut,Bajra,Cotton,4,True
493,Cotton,Cotton,Rice,Cotton,Maize,Rice,Cotton,3,True
494,Cotton,Cotton,Rice,Cotton,Groundnut,Rice,Cotton,3,True
495,Bajra,Cotton,Rice,Cotton,Bajra,Rice,Bajra,2,True
496,Cotton,Cotton,Cotton,Rice,Maize,Bajra,Cotton,3,True
497,Cotton,Cotton,Rice,Cotton,Groundnut,Bajra,Cotton,3,True
498,Bajra,Groundnut,Rice,Rice,Maize,Rice,Rice,3,False
499,Bajra,Groundnut,Groundnut,Groundnut,Bajra,Groundnut,Groundnut,4,False
500,Groundnut,Groundnut,Rice,Rice,Groundnut,Rice,Groundnut,3,True
501,Cotton,Cotton,Rice,Rice,Groundnut,Groundnut,Cotton,2,True
502,Cotton,Cotton,Groundnut,Cotton,Maize,Groundnut,Cotton,3,True
503,Bajra,Bajra,Bajra,Rice,Bajra,Groundnut,Bajra,4,True
504,Cotton,Cotton,Cotton,Cotton,Groundnut,Cotton,Cotton,5,True
505,Bajra,Bajra,Groundnut,Groundnut,Bajra,Groundnut,Bajra,3,True
506,Bajra,Bajra,Maize,Groundnut,Bajra,Cotton,Bajra,3,True
507,Bajra,Groundnut,Groundnut,Groundnut,Bajra,Groundnut,Groundnut,4,False
508,Bajra,Groundnut,Groundnut,Rice,Bajra,Cotton,Bajra,2,True
509,Bajra,Groundnut,Groundnut,Groundnut,Bajra,Cotton,Groundnut,3,False
510,Cotton,Cotton,Rice,Cotton,Groundnut,Groundnut,Cotton,3,True
511,Maize,Groundnut,Bajra,Groundnut,Rice,Cotton,Groundnut,2,False
512,Cotton,Cotton,Rice,Cotton,Maize,Bajra,Cotton,3,True
513,Bajra,Groundnut,Cotton,Groundnut,Bajra,Cotton,Bajra,2,True
514,Groundnut,Groundnut,Cotton,Groundnut,Groundnut,Rice,Groundnut,4,True
515,Cotton,Groundnut,Rice,Rice,Maize,Groundnut,Groundnut,2,False
516,Bajra,Groundnut,Groundnut,Groundnut,Maize,Groundnut,Groundnut,4,False
517,Cotton,Rice,Rice,Rice,Rice,Groundnut,Rice,4,False
518,Bajra,Rice,Bajra,Groundnut,Bajra,Groundnut,Bajra,3,True
519,Cotton,Groundnut,Rice,Groundnut,Groundnut,Groundnut,Groundnut,4,False
520,Cotton,Rice,Rice,Groundnut,Groundnut,Cotton,Cotton,2,True
521,Cotton,Groundnut,Cotton,Groundnut,Maize,Bajra,Cotton,2,True
522,Cotton,Groundnut,Groundnut,Groundnut,Maize,Groundnut,Groundnut,4,False
523,Cotton,Cotton,Cotton,Rice,Cotton,Bajra,Cotton,4,True
524,Groundnut,Cotton,Cotton,Cotton,Cotton,Cotton,Cotton,5,False
525,Bajra,Rice,Groundnut,Groundnut,Bajra,Cotton,Bajra,2,True
526,Groundnut,Cotton,Cotton,Cotton,Cotton,Cotton,Cotton,5,False
527,Groundnut,Cotton,Cotton,Cotton,Cotton,Cotton,Cotton,5,False
528,Groundnut,Cotton,Cotton,Cotton,Cotton,Cotton,Cotton,5,False
529,Cotton,Cotton,Cotton,Cotton,Groundnut,Rice,Cotton,4,True
530,Groundnut,Cotton,Cotton,Cotton,Cotton,Cotton,Cotton,5,False
531,Groundnut,Cotton,Rice,Cotton,Groundnut,Bajra,Cotton,2,False
532,Maize,Groundnut,Groundnut,Rice,Bajra,Bajra,Bajra,2,False
533,Cotton,Cotton,Rice,Rice,Rice,Bajra,Rice,3,False
534,Bajra,Groundnut,Rice,Bajra,Bajra,Groundnut,Bajra,3,True
535,Cotton,Cotton,Cotton,Cotton,Groundnut,Bajra,Cotton,4,True
536,Groundnut,Cotton,Rice,Cotton,Groundnut,Bajra,Cotton,2,False
537,Groundnut,Cotton,Rice,Rice,Groundnut,Bajra,Groundnut,2,True
538,Bajra,Cotton,Rice,Cotton,Bajra,Bajra,Bajra,3,True
539,Cotton,Cotton,Rice,Rice,Groundnut,Rice,Rice,3,False
540,Cotton,Cotton,Maize,Rice,Maize,Groundnut,Cotton,2,True
541,Cotton,Cotton,Groundnut,Cotton,Maize,Rice,Cotton,3,True
542,Cotton,Cotton,Cotton,Cotton,Groundnut,Cotton,Cotton,5,True
543,Cotton,Cotton,Rice,Rice,Groundnut,Bajra,Cotton,2,True
544,Groundnut,Groundnut,Rice,Groundnut,Maize,Groundnut,Groundnut,4,True
545,Maize,Groundnut,Groundnut,Groundnut,Bajra,Groundnut,Groundnut,4,False
546,Cotton,Cotton,Rice,Rice,Rice,Maize,Rice,3,False
547,Groundnut,Rice,Cotton,Rice,Cotton,Cotton,Cotton,3,False
548,Groundnut,Rice,Rice,Groundnut,Maize,Cotton,Groundnut,2,True
549,Cotton,Cotton,Rice,Cotton,Groundnut,Rice,Cotton,3,True
550,Rice,Bajra,Cotton,Groundnut,Groundnut,Cotton,Cotton,2,False
551,Bajra,Cotton,Groundnut,Cotton,Bajra,Groundnut,Bajra,2,True
552,Bajra,Bajra,Groundnut,Groundnut,Bajra,Cotton,Bajra,3,True
553,Bajra,Bajra,Bajra,Groundnut,Bajra,Groundnut,Bajra,4,True
554,Bajra,Groundnut,Groundnut,Groundnut,Bajra,Groundnut,Groundnut,4,False
555,Groundnut,Bajra,Rice,Groundnut,Cotton,Cotton,Cotton,2,False
556,Cotton,Cotton,Cotton,Cotton,Rice,Maize,Cotton,4,True
557,Cotton,Cotton,Cotton,Cotton,Rice,Maize,Cotton,4,True
558,Bajra,Groundnut,Cotton,Groundnut,Bajra,Rice,Bajra,2,True
559,Maize,Bajra,Bajra,Groundnut,Rice,Rice,Bajra,2,False
560,Bajra,Groundnut,Bajra,Groundnut,Bajra,Groundnut,Bajra,3,True
561,Cotton,Bajra,Bajra,Groundnut,Rice,Rice,Bajra,2,False
562,Cotton,Cotton,Maize,Cotton,Rice,Cotton,Cotton,4,True
563,Cotton,Groundnut,Bajra,Groundnut,Rice,Groundnut,Groundnut,3,False
564,Cotton,Cotton,Cotton,Cotton,Groundnut,Bajra,Cotton,4,True
565,Cotton,Groundnut,Cotton,Rice,Groundnut,Rice,Cotton,2,True
566,Cotton,Cotton,Groundnut,Groundnut,Maize,Groundnut,Groundnut,3,False
567,Cotton,Groundnut,Rice,Rice,Maize,Groundnut,Groundnut,2,False
568,Cotton,Groundnut,Maize,Rice,Rice,Bajra,Rice,2,False
569,Groundnut,Groundnut,Cotton,Groundnut,Cotton,Groundnut,Groundnut,4,True
570,Cotton,Cotton,Cotton,Cotton,Rice,Maize,Cotton,4,True
571,Groundnut,Cotton,Rice,Cotton,Groundnut,Cotton,Cotton,3,False
572,Cotton,Groundnut,Bajra,Groundnut,Maize,Rice,Groundnut,2,False
573,Groundnut,Cotton,Cotton,Cotton,Cotton,Cotton,Cotton,5,False
574,Cotton,Cotton,Cotton,Cotton,Cotton,Bajra,Cotton,5,True
575,Groundnut,Groundnut,Groundnut,Rice,Maize,Groundnut,Groundnut,4,True
576,Groundnut,Cotton,Rice,Rice,Maize,Bajra,Rice,2,False
577,Cotton,Cotton,Maize,Cotton,Groundnut,Bajra,Cotton,3,True
578,Cotton,Bajra,Bajra,Groundnut,Rice,Rice,Bajra,2,False
579,Cotton,Bajra,Bajra,Groundnut,Rice,Rice,Bajra,2,False
580,Cotton,Groundnut,Rice,Groundnut,Groundnut,Rice,Groundnut,3,False
581,Cotton,Groundnut,Cotton,Groundnut,Groundnut,Rice,Groundnut,3,False
582,Cotton,Groundnut,Rice,Rice,Rice,Rice,Rice,4,False
583,Groundnut,Groundnut,Cotton,Groundnut,Cotton,Cotton,Cotton,3,False
584,Maize,Groundnut,Bajra,Groundnut,Rice,Rice,Groundnut,2,False
585,Cotton,Groundnut,Maize,Groundnut,Rice,Rice,Groundnut,2,False
586,Bajra,Groundnut,Groundnut,Groundnut,Cotton,Groundnut,Groundnut,4,False
587,Cotton,Groundnut,Cotton,Rice,Groundnut,Rice,Cotton,2,True
588,Bajra,Groundnut,Rice,Groundnut,Maize,Bajra,Bajra,2,True
589,Bajra,Rice,Rice,Groundnut,Bajra,Cotton,Bajra,2,True
590,Cotton,Groundnut,Cotton,Groundnut,Groundnut,Bajra,Groundnut,3,False
591,Cotton,Rice,Cotton,Rice,Maize,Groundnut,Cotton,2,True
592,Cotton,Groundnut,Rice,Rice,Maize,Cotton,Cotton,2,True
593,Groundnut,Rice,Rice,Rice,Groundnut,Cotton,Rice,3,False
594,Cotton,Cotton,Cotton,Cotton,Rice,Rice,Cotton,4,True
595,Cotton,Groundnut,Cotton,Groundnut,Rice,Rice,Cotton,2,True
596,Groundnut,Groundnut,Cotton,Groundnut,Groundnut,Groundnut,Groundnut,5,True
597,Cotton,Groundnut,Cotton,Groundnut,Maize,Groundnut,Groundnut,3,False
598,Cotton,Groundnut,Rice,Groundnut,Maize,Cotton,Cotton,2,True
599,Cotton,Groundnut,Maize,Rice,Maize,Cotton,Cotton,2,True
600,Cotton,Groundnut,Cotton,Groundnut,Groundnut,Maize,Groundnut,3,False
601,Bajra,Rice,Groundnut,Cotton,Bajra,Cotton,Bajra,2,True
602,Cotton,Rice,Rice,Bajra,Groundnut,Bajra,Bajra,2,False
603,Cotton,Rice,Cotton,Cotton,Maize,Groundnut,Cotton,3,True
604,Cotton,Rice,Cotton,Rice,Maize,Bajra,Cotton,2,True
605,Cotton,Groundnut,Cotton,Groundnut,Groundnut,Rice,Groundnut,3,False
606,Bajra,Groundnut,Rice,Groundnut,Cotton,Rice,Groundnut,2,False
607,Groundnut,Groundnut,Cotton,Groundnut,Groundnut,Bajra,Groundnut,4,True
608,Cotton,Rice,Rice,Rice,Rice,Bajra,Rice,4,False
609,Groundnut,Groundnut,Rice,Bajra,Groundnut,Maize,Groundnut,3,True
610,Cotton,Cotton,Rice,Cotton,Groundnut,Rice,Cotton,3,True
611,Maize,Rice,Rice,Rice,Bajra,Groundnut,Rice,3,False
612,Cotton,Rice,Cotton,Rice,Groundnut,Bajra,Cotton,2,True
613,Cotton,Groundnut,Cotton,Groundnut,Groundnut,Bajra,Groundnut,3,False
614,Cotton,Rice,Maize,Groundnut,Groundnut,Bajra,Groundnut,2,False
615,Cotton,Cotton,Cotton,Cotton,Rice,Maize,Cotton,4,True
616,Groundnut,Groundnut,Cotton,Bajra,Cotton,Cotton,Cotton,3,False
617,Cotton,Groundnut,Rice,Rice,Maize,Bajra,Rice,2,False
618,Groundnut,Groundnut,Rice,Groundnut,Maize,Groundnut,Groundnut,4,True
619,Cotton,Cotton,Maize,Cotton,Maize,Rice,Cotton,3,True
620,Bajra,Groundnut,Rice,Groundnut,Bajra,Cotton,Bajra,2,True
621,Cotton,Bajra,Rice,Rice,Maize,Rice,Rice,3,False
622,Groundnut,Bajra,Groundnut,Groundnut,Bajra,Groundnut,Groundnut,4,True
623,Bajra,Bajra,Groundnut,Cotton,Bajra,Groundnut,Bajra,3,True
624,Groundnut,Groundnut,Rice,Groundnut,Groundnut,Groundnut,Groundnut,5,True
625,Cotton,Cotton,Rice,Cotton,Groundnut,Rice,Cotton,3,True
626,Cotton,Cotton,Cotton,Cotton,Groundnut,Bajra,Cotton,4,True
627,Groundnut,Rice,Cotton,Bajra,Maize,Maize,Maize,2,False
628,Cotton,Maize,Maize,Rice,Maize,Maize,Maize,4,False
629,Maize,Groundnut,Maize,Rice,Bajra,Maize,Maize,3,True
630,Cotton,Groundnut,Maize,Groundnut,Bajra,Cotton,Cotton,2,True
631,Cotton,Cotton,Rice,Cotton,Maize,Bajra,Cotton,3,True
632,Bajra,Bajra,Groundnut,Rice,Bajra,Cotton,Bajra,3,True
633,Bajra,Groundnut,Cotton,Groundnut,Bajra,Cotton,Bajra,2,True
634,Bajra,Bajra,Groundnut,Groundnut,Bajra,Maize,Bajra,3,True
635,Bajra,Groundnut,Rice,Groundnut,Bajra,Groundnut,Groundnut,3,False
636,Cotton,Rice,Rice,Rice,Groundnut,Bajra,Rice,3,False
637,Bajra,Bajra,Rice,Rice,Bajra,Cotton,Bajra,3,True
638,Bajra,Bajra,Groundnut,Rice,Bajra,Rice,Bajra,3,True
639,Groundnut,Bajra,Rice,Rice,Bajra,Rice,Rice,3,False
640,Bajra,Groundnut,Cotton,Groundnut,Maize,Groundnut,Groundnut,3,False
641,Groundnut,Maize,Rice,Cotton,Maize,Groundnut,Groundnut,2,True
642,Groundnut,Cotton,Rice,Cotton,Groundnut,Rice,Cotton,2,False
643,Rice,Groundnut,Groundnut,Groundnut,Maize,Cotton,Groundnut,3,False
644,Bajra,Groundnut,Groundnut,Bajra,Bajra,Groundnut,Bajra,3,True
645,Cotton,Cotton,Cotton,Cotton,Rice,Rice,Cotton,4,True
646,Bajra,Rice,Groundnut,Groundnut,Bajra,Groundnut,Groundnut,3,False
647,Cotton,Cotton,Cotton,Rice,Groundnut,Groundnut,Cotton,3,True
648,Cotton,Cotton,Cotton,Cotton,Groundnut,Rice,Cotton,4,True
649,Cotton,Cotton,Groundnut,Groundnut,Maize,Bajra,Cotton,2,True
650,Groundnut,Groundnut,Groundnut,Groundnut,Cotton,Maize,Groundnut,4,True
651,Bajra,Groundnut,Cotton,Groundnut,Bajra,Rice,Bajra,2,True
652,Cotton,Groundnut,Cotton,Groundnut,Maize,Groundnut,Groundnut,3,False
653,Cotton,Groundnut,Groundnut,Groundnut,Maize,Cotton,Groundnut,3,False
654,Bajra,Bajra,Groundnut,Groundnut,Bajra,Groundnut,Bajra,3,True
655,Groundnut,Groundnut,Rice,Groundnut,Maize,Maize,Groundnut,3,True
656,Bajra,Groundnut,Groundnut,Bajra,Bajra,Cotton,Bajra,3,True
657,Bajra,Cotton,Rice,Cotton,Maize,Cotton,Cotton,3,False
658,Bajra,Cotton,Cotton,Cotton,Maize,Groundnut,Cotton,3,False
659,Cotton,Rice,Rice,Rice,Groundnut,Groundnut,Rice,3,False
660,Maize,Groundnut,Groundnut,Groundnut,Bajra,Bajra,Groundnut,3,False
661,Cotton,Cotton,Cotton,Cotton,Groundnut,Bajra,Cotton,4,True
662,Cotton,Cotton,Cotton,Cotton,Rice,Rice,Cotton,4,True
663,Cotton,Cotton,Cotton,Rice,Groundnut,Groundnut,Cotton,3,True
664,Groundnut,Cotton,Cotton,Cotton,Cotton,Cotton,Cotton,5,False
665,Cotton,Cotton,Cotton,Cotton,Cotton,Cotton,Cotton,6,True
666,Cotton,Groundnut,Maize,Groundnut,Rice,Rice,Groundnut,2,False
667,Cotton,Rice,Cotton,Rice,Groundnut,Bajra,Cotton,2,True
668,Groundnut,Groundnut,Cotton,Groundnut,Cotton,Cotton,Cotton,3,False
669,Bajra,Groundnut,Rice,Groundnut,Cotton,Cotton,Cotton,2,False
670,Bajra,Groundnut,Groundnut,Groundnut,Bajra,Rice,Groundnut,3,False
671,Cotton,Groundnut,Cotton,Rice,Cotton,Groundnut,Cotton,3,True
672,Groundnut,Cotton,Rice,Bajra,Cotton,Groundnut,Cotton,2,False
673,Cotton,Cotton,Rice,Cotton,Maize,Cotton,Cotton,4,True
674,Bajra,Groundnut,Bajra,Groundnut,Bajra,Cotton,Bajra,3,True
675,Groundnut,Cotton,Groundnut,Cotton,Maize,Cotton,Cotton,3,False
676,Groundnut,Cotton,Cotton,Bajra,Cotton,Cotton,Cotton,4,False
677,Groundnut,Maize,Rice,Bajra,Cotton,Rice,Rice,2,False
678,Maize,Groundnut,Maize,Groundnut,Maize,Cotton,Maize,3,True
679,Cotton,Cotton,Rice,Cotton,Rice,Rice,Cotton,3,True
680,Cotton,Groundnut,Maize,Groundnut,Bajra,Groundnut,Groundnut,3,False
681,Cotton,Rice,Cotton,Rice,Groundnut,Cotton,Cotton,3,True
682,Cotton,Groundnut,Cotton,Groundnut,Groundnut,Groundnut,Groundnut,4,False
683,Cotton,Cotton,Cotton,Rice,Maize,Cotton,Cotton,4,True
684,Cotton,Cotton,Rice,Cotton,Groundnut,Groundnut,Cotton,3,True
685,Groundnut,Groundnut,Cotton,Rice,Groundnut,Cotton,Groundnut,3,True
686,Groundnut,Cotton,Cotton,Bajra,Maize,Groundnut,Cotton,2,False
687,Cotton,Groundnut,Cotton,Groundnut,Groundnut,Groundnut,Groundnut,4,False
688,Groundnut,Groundnut,Groundnut,Cotton,Bajra,Cotton,Groundnut,3,True
689,Rice,Cotton,Cotton,Cotton,Groundnut,Cotton,Cotton,4,False
690,Rice,Cotton,Cotton,Cotton,Groundnut,Cotton,Cotton,4,False
691,Rice,Rice,Groundnut,Groundnut,Bajra,Cotton,Groundnut,2,False
692,Bajra,Groundnut,Groundnut,Groundnut,Bajra,Cotton,Groundnut,3,False
693,Cotton,Cotton,Rice,Cotton,Maize,Rice,Cotton,3,True
694,Cotton,Cotton,Cotton,Cotton,Rice,Rice,Cotton,4,True
695,Groundnut,Cotton,Groundnut,Cotton,Maize,Bajra,Cotton,2,False
696,Cotton,Cotton,Cotton,Cotton,Groundnut,Bajra,Cotton,4,True
697,Cotton,Cotton,Rice,Cotton,Groundnut,Bajra,Cotton,3,True
698,Cotton,Cotton,Groundnut,Cotton,Maize,Cotton,Cotton,4,True
699,Groundnut,Cotton,Cotton,Bajra,Maize,Groundnut,Cotton,2,False
700,Bajra,Cotton,Groundnut,Cotton,Cotton,Maize,Cotton,3,False
701,Bajra,Cotton,Groundnut,Cotton,Bajra,Bajra,Bajra,3,True
702,Groundnut,Cotton,Cotton,Cotton,Cotton,Cotton,Cotton,5,False
703,Cotton,Cotton,Cotton,Cotton,Groundnut,Rice,Cotton,4,True
704,Bajra,Rice,Groundnut,Groundnut,Cotton,Cotton,Cotton,2,False
705,Cotton,Cotton,Rice,Cotton,Rice,Rice,Cotton,3,True
706,Bajra,Groundnut,Groundnut,Groundnut,Bajra,Rice,Groundnut,3,False
707,Cotton,Rice,Groundnut,Cotton,Maize,Cotton,Cotton,3,True
708,Groundnut,Cotton,Cotton,Cotton,Cotton,Cotton,Cotton,5,False
709,Groundnut,Cotton,Rice,Cotton,Maize,Cotton,Cotton,3,False
710,Cotton,Bajra,Bajra,Groundnut,Rice,Rice,Bajra,2,False
711,Cotton,Cotton,Rice,Cotton,Groundnut,Rice,Cotton,3,True
712,Cotton,Rice,Cotton,Cotton,Groundnut,Cotton,Cotton,4,True
713,Cotton,Groundnut,Rice,Groundnut,Groundnut,Rice,Groundnut,3,False
714,Rice,Cotton,Groundnut,Cotton,Cotton,Cotton,Cotton,4,False
715,Cotton,Cotton,Maize,Rice,Rice,Bajra,Cotton,2,True
716,Groundnut,Cotton,Rice,Cotton,Maize,Bajra,Cotton,2,False
717,Cotton,Cotton,Cotton,Cotton,Groundnut,Groundnut,Cotton,4,True
718,Bajra,Groundnut,Rice,Groundnut,Maize,Bajra,Bajra,2,True
719,Cotton,Bajra,Bajra,Groundnut,Rice,Rice,Bajra,2,False
720,Maize,Groundnut,Cotton,Cotton,Rice,Maize,Cotton,2,False
721,Cotton,Bajra,Bajra,Groundnut,Rice,Rice,Bajra,2,False
722,Cotton,Groundnut,Maize,Groundnut,Rice,Rice,Groundnut,2,False
723,Cotton,Groundnut,Maize,Groundnut,Rice,Rice,Groundnut,2,False
724,Cotton,Bajra,Bajra,Groundnut,Rice,Rice,Bajra,2,False
725,Groundnut,Cotton,Cotton,Cotton,Cotton,Cotton,Cotton,5,False
726,Cotton,Cotton,Groundnut,Cotton,Maize,Bajra,Cotton,3,True
727,Groundnut,Cotton,Cotton,Cotton,Cotton,Cotton,Cotton,5,False
728,Bajra,Groundnut,Groundnut,Groundnut,Bajra,Cotton,Groundnut,3,False
729,Cotton,Groundnut,Bajra,Groundnut,Rice,Groundnut,Groundnut,3,False
730,Cotton,Bajra,Bajra,Groundnut,Rice,Rice,Bajra,2,False
731,Groundnut,Cotton,Rice,Rice,Groundnut,Cotton,Cotton,2,False
732,Cotton,Groundnut,Rice,Rice,Groundnut,Rice,Rice,3,False
733,Cotton,Bajra,Bajra,Groundnut,Rice,Rice,Bajra,2,False
734,Maize,Bajra,Bajra,Groundnut,Rice,Groundnut,Bajra,2,False
735,Cotton,Cotton,Maize,Rice,Rice,Maize,Cotton,2,True
736,Cotton,Groundnut,Rice,Groundnut,Groundnut,Groundnut,Groundnut,4,False
737,Cotton,Cotton,Maize,Rice,Maize,Rice,Cotton,2,True
738,Cotton,Cotton,Rice,Cotton,Groundnut,Bajra,Cotton,3,True
739,Cotton,Cotton,Rice,Cotton,Groundnut,Cotton,Cotton,4,True
740,Cotton,Cotton,Cotton,Cotton,Cotton,Rice,Cotton,5,True
741,Rice,Cotton,Groundnut,Cotton,Groundnut,Bajra,Cotton,2,False
742,Cotton,Cotton,Groundnut,Cotton,Maize,Maize,Cotton,3,True
743,Groundnut,Groundnut,Rice,Groundnut,Maize,Bajra,Groundnut,3,True
744,Bajra,Bajra,Cotton,Groundnut,Bajra,Groundnut,Bajra,3,True
745,Rice,Cotton,Groundnut,Cotton,Groundnut,Cotton,Cotton,3,False
746,Rice,Groundnut,Groundnut,Groundnut,Groundnut,Maize,Groundnut,4,False
747,Rice,Rice,Groundnut,Groundnut,Bajra,Groundnut,Groundnut,3,False
748,Groundnut,Cotton,Rice,Cotton,Maize,Bajra,Cotton,2,False
749,Groundnut,Groundnut,Cotton,Cotton,Groundnut,Bajra,Groundnut,3,True
750,Groundnut,Cotton,Rice,Cotton,Maize,Bajra,Cotton,2,False
751,Groundnut,Cotton,Rice,Rice,Groundnut,Bajra,Groundnut,2,True
752,Cotton,Cotton,Rice,Cotton,Groundnut,Rice,Cotton,3,True
753,Cotton,Cotton,Rice,Cotton,Groundnut,Rice,Cotton,3,True
754,Cotton,Groundnut,Maize,Rice,Rice,Rice,Rice,3,False
755,Cotton,Groundnut,Cotton,Cotton,Groundnut,Maize,Cotton,3,True
756,Cotton,Groundnut,Maize,Rice,Groundnut,Maize,Groundnut,2,False
757,Groundnut,Rice,Cotton,Cotton,Cotton,Cotton,Cotton,4,False
758,Cotton,Groundnut,Cotton,Rice,Groundnut,Rice,Cotton,2,True
759,Groundnut,Groundnut,Rice,Rice,Maize,Bajra,Groundnut,2,True
760,Bajra,Groundnut,Maize,Rice,Maize,Rice,Maize,2,False
761,Groundnut,Groundnut,Maize,Rice,Maize,Groundnut,Groundnut,3,True
762,Bajra,Groundnut,Groundnut,Groundnut,Bajra,Cotton,Groundnut,3,False
763,Maize,Cotton,Maize,Cotton,Maize,Groundnut,Maize,3,True
764,Groundnut,Cotton,Cotton,Cotton,Groundnut,Bajra,Cotton,3,False
765,Groundnut,Cotton,Rice,Cotton,Maize,Bajra,Cotton,2,False
766,Cotton,Cotton,Rice,Cotton,Groundnut,Rice,Cotton,3,True
767,Groundnut,Groundnut,Cotton,Rice,Maize,Groundnut,Groundnut,3,True
768,Bajra,Cotton,Rice,Rice,Maize,Rice,Rice,3,False
769,Cotton,Cotton,Rice,Cotton,Maize,Bajra,Cotton,3,True
770,Cotton,Groundnut,Rice,Groundnut,Groundnut,Rice,Groundnut,3,False
771,Cotton,Rice,Cotton,Rice,Maize,Bajra,Cotton,2,True
772,Cotton,Cotton,Rice,Cotton,Groundnut,Bajra,Cotton,3,True
773,Cotton,Groundnut,Rice,Groundnut,Maize,Bajra,Groundnut,2,False
774,Maize,Cotton,Groundnut,Rice,Bajra,Bajra,Bajra,2,False
775,Groundnut,Cotton,Cotton,Cotton,Maize,Bajra,Cotton,3,False
776,Bajra,Cotton,Cotton,Cotton,Cotton,Groundnut,Cotton,4,False
777,Bajra,Rice,Groundnut,Bajra,Bajra,Groundnut,Bajra,3,True
778,Bajra,Groundnut,Groundnut,Rice,Bajra,Groundnut,Groundnut,3,False
779,Bajra,Cotton,Groundnut,Rice,Bajra,Groundnut,Bajra,2,True
780,Bajra,Groundnut,Groundnut,Groundnut,Bajra,Groundnut,Groundnut,4,False
781,Groundnut,Groundnut,Cotton,Groundnut,Cotton,Groundnut,Groundnut,4,True
782,Groundnut,Groundnut,Groundnut,Groundnut,Maize,Groundnut,Groundnut,5,True
783,Cotton,Cotton,Cotton,Cotton,Groundnut,Bajra,Cotton,4,True
784,Maize,Cotton,Maize,Cotton,Bajra,Groundnut,Cotton,2,False
785,Groundnut,Bajra,Groundnut,Cotton,Cotton,Cotton,Cotton,3,False
786,Groundnut,Cotton,Cotton,Cotton,Cotton,Cotton,Cotton,5,False
787,Bajra,Groundnut,Groundnut,Groundnut,Bajra,Groundnut,Groundnut,4,False
788,Bajra,Groundnut,Rice,Cotton,Cotton,Groundnut,Cotton,2,False
789,Cotton,Groundnut,Cotton,Rice,Groundnut,Rice,Cotton,2,True
790,Groundnut,Groundnut,Cotton,Groundnut,Maize,Groundnut,Groundnut,4,True
791,Groundnut,Rice,Groundnut,Rice,Bajra,Bajra,Bajra,2,False
792,Bajra,Rice,Groundnut,Cotton,Maize,Rice,Rice,2,False
793,Bajra,Groundnut,Rice,Groundnut,Maize,Rice,Groundnut,2,False
794,Bajra,Rice,Maize,Rice,Bajra,Groundnut,Bajra,2,True
795,Maize,Rice,Maize,Groundnut,Rice,Bajra,Maize,2,True
796,Cotton,Groundnut,Rice,Groundnut,Groundnut,Rice,Groundnut,3,False
797,Cotton,Groundnut,Rice,Rice,Groundnut,Rice,Rice,3,False
798,Cotton,Groundnut,Rice,Rice,Maize,Bajra,Rice,2,False
799,Cotton,Rice,Cotton,Cotton,Cotton,Bajra,Cotton,4,True
800,Maize,Cotton,Bajra,Cotton,Bajra,Bajra,Bajra,3,False
801,Groundnut,Cotton,Rice,Cotton,Maize,Bajra,Cotton,2,False
802,Maize,Cotton,Groundnut,Cotton,Maize,Bajra,Cotton,2,False
803,Bajra,Rice,Rice,Rice,Maize,Groundnut,Rice,3,False
804,Bajra,Bajra,Groundnut,Groundnut,Bajra,Cotton,Bajra,3,True
805,Bajra,Bajra,Groundnut,Groundnut,Bajra,Maize,Bajra,3,True
806,Bajra,Cotton,Groundnut,Groundnut,Bajra,Cotton,Bajra,2,True
807,Groundnut,Cotton,Rice,Cotton,Cotton,Rice,Cotton,3,False
808,Groundnut,Cotton,Rice,Cotton,Groundnut,Cotton,Cotton,3,False
809,Maize,Bajra,Groundnut,Groundnut,Bajra,Cotton,Bajra,2,False
810,Cotton,Groundnut,Rice,Groundnut,Maize,Bajra,Groundnut,2,False
811,Bajra,Cotton,Rice,Groundnut,Maize,Groundnut,Groundnut,2,False
812,Cotton,Groundnut,Rice,Rice,Groundnut,Bajra,Groundnut,2,False
813,Cotton,Groundnut,Maize,Groundnut,Maize,Rice,Groundnut,2,False
814,Cotton,Cotton,Maize,Cotton,Rice,Rice,Cotton,3,True
815,Bajra,Bajra,Groundnut,Groundnut,Bajra,Maize,Bajra,3,True
816,Bajra,Groundnut,Groundnut,Groundnut,Bajra,Groundnut,Groundnut,4,False
817,Cotton,Cotton,Rice,Rice,Bajra,Bajra,Bajra,2,False
818,Groundnut,Groundnut,Rice,Groundnut,Maize,Rice,Groundnut,3,True
819,Bajra,Bajra,Rice,Groundnut,Bajra,Maize,Bajra,3,True
820,Groundnut,Bajra,Cotton,Rice,Maize,Cotton,Cotton,2,False
821,Bajra,Groundnut,Maize,Groundnut,Bajra,Cotton,Bajra,2,True
822,Bajra,Groundnut,Rice,Groundnut,Cotton,Cotton,Cotton,2,False
823,Groundnut,Bajra,Rice,Cotton,Bajra,Groundnut,Bajra,2,False
824,Cotton,Groundnut,Cotton,Cotton,Maize,Groundnut,Cotton,3,True
825,Cotton,Groundnut,Cotton,Cotton,Maize,Bajra,Cotton,3,True
826,Cotton,Groundnut,Cotton,Cotton,Bajra,Groundnut,Cotton,3,True
827,Cotton,Cotton,Cotton,Cotton,Bajra,Rice,Cotton,4,True
828,Cotton,Cotton,Cotton,Cotton,Bajra,Bajra,Cotton,4,True
829,Groundnut,Cotton,Cotton,Cotton,Groundnut,Rice,Cotton,3,False
830,Cotton,Cotton,Cotton,Cotton,Groundnut,Bajra,Cotton,4,True
831,Bajra,Cotton,Rice,Cotton,Bajra,Groundnut,Bajra,2,True
832,Cotton,Cotton,Rice,Cotton,Groundnut,Bajra,Cotton,3,True
833,Cotton,Cotton,Rice,Cotton,Groundnut,Bajra,Cotton,3,True
834,Cotton,Cotton,Groundnut,Cotton,Maize,Bajra,Cotton,3,True
835,Maize,Groundnut,Groundnut,Groundnut,Bajra,Groundnut,Groundnut,4,False
836,Groundnut,Groundnut,Groundnut,Groundnut,Bajra,Groundnut,Groundnut,5,True
837,Bajra,Cotton,Groundnut,Cotton,Bajra,Bajra,Bajra,3,True
838,Bajra,Cotton,Groundnut,Rice,Bajra,Bajra,Bajra,3,True
839,Cotton,Cotton,Rice,Cotton,Maize,Bajra,Cotton,3,True
840,Cotton,Cotton,Rice,Cotton,Maize,Bajra,Cotton,3,True
841,Cotton,Cotton,Rice,Cotton,Groundnut,Rice,Cotton,3,True
842,Cotton,Cotton,Rice,Cotton,Groundnut,Bajra,Cotton,3,True
843,Bajra,Cotton,Groundnut,Cotton,Bajra,Groundnut,Bajra,2,True
844,Groundnut,Cotton,Groundnut,Cotton,Maize,Cotton,Cotton,3,False
845,Cotton,Groundnut,Maize,Cotton,Rice,Groundnut,Cotton,2,True
846,Bajra,Cotton,Groundnut,Cotton,Bajra,Cotton,Cotton,3,False
847,Cotton,Cotton,Groundnut,Bajra,Maize,Cotton,Cotton,3,True
848,Rice,Maize,Groundnut,Bajra,Maize,Cotton,Maize,2,False
849,Groundnut,Cotton,Cotton,Cotton,Cotton,Cotton,Cotton,5,False
850,Cotton,Rice,Rice,Cotton,Groundnut,Rice,Rice,3,False
851,Bajra,Groundnut,Maize,Groundnut,Maize,Maize,Maize,3,False
852,Rice,Cotton,Cotton,Cotton,Groundnut,Cotton,Cotton,4,False
853,Rice,Cotton,Cotton,Cotton,Groundnut,Cotton,Cotton,4,False
854,Groundnut,Rice,Cotton,Cotton,Cotton,Groundnut,Cotton,3,False
855,Bajra,Cotton,Rice,Cotton,Maize,Cotton,Cotton,3,False
856,Bajra,Cotton,Groundnut,Cotton,Bajra,Rice,Bajra,2,True
857,Cotton,Cotton,Groundnut,Cotton,Maize,Bajra,Cotton,3,True
858,Bajra,Cotton,Groundnut,Cotton,Bajra,Groundnut,Bajra,2,True
859,Bajra,Cotton,Maize,Cotton,Maize,Bajra,Bajra,2,True
860,Bajra,Groundnut,Groundnut,Groundnut,Bajra,Rice,Groundnut,3,False
861,Cotton,Cotton,Rice,Rice,Groundnut,Rice,Rice,3,False
862,Cotton,Bajra,Cotton,Rice,Groundnut,Groundnut,Cotton,2,True
863,Cotton,Cotton,Cotton,Groundnut,Groundnut,Bajra,Cotton,3,True
864,Bajra,Bajra,Rice,Groundnut,Cotton,Groundnut,Bajra,2,True
865,Bajra,Bajra,Groundnut,Groundnut,Bajra,Groundnut,Bajra,3,True
866,Cotton,Groundnut,Rice,Rice,Groundnut,Bajra,Groundnut,2,False
867,Cotton,Rice,Cotton,Rice,Maize,Bajra,Cotton,2,True
868,Bajra,Groundnut,Rice,Groundnut,Maize,Rice,Groundnut,2,False
869,Bajra,Groundnut,Rice,Rice,Maize,Rice,Rice,3,False
870,Cotton,Cotton,Maize,Rice,Rice,Rice,Rice,3,False
871,Maize,Cotton,Groundnut,Rice,Bajra,Bajra,Bajra,2,False
872,Groundnut,Groundnut,Groundnut,Bajra,Maize,Cotton,Groundnut,3,True
873,Cotton,Cotton,Rice,Cotton,Groundnut,Bajra,Cotton,3,True
874,Maize,Groundnut,Bajra,Groundnut,Bajra,Rice,Bajra,2,False
875,Cotton,Groundnut,Rice,Rice,Groundnut,Rice,Rice,3,False
876,Groundnut,Cotton,Rice,Cotton,Maize,Cotton,Cotton,3,False
877,Groundnut,Cotton,Cotton,Cotton,Cotton,Cotton,Cotton,5,False
878,Cotton,Cotton,Rice,Cotton,Groundnut,Bajra,Cotton,3,True
879,Bajra,Groundnut,Rice,Groundnut,Maize,Groundnut,Groundnut,3,False
880,Bajra,Groundnut,Rice,Groundnut,Maize,Cotton,Groundnut,2,False
881,Groundnut,Groundnut,Rice,Groundnut,Maize,Cotton,Groundnut,3,True
882,Groundnut,Cotton,Cotton,Rice,Bajra,Cotton,Cotton,3,False
883,Groundnut,Cotton,Rice,Cotton,Maize,Bajra,Cotton,2,False
884,Cotton,Groundnut,Rice,Groundnut,Groundnut,Groundnut,Groundnut,4,False
885,Groundnut,Cotton,Cotton,Cotton,Cotton,Cotton,Cotton,5,False
886,Groundnut,Cotton,Rice,Cotton,Cotton,Cotton,Cotton,4,False
887,Bajra,Cotton,Rice,Cotton,Bajra,Groundnut,Bajra,2,True
888,Bajra,Bajra,Groundnut,Groundnut,Bajra,Groundnut,Bajra,3,True
889,Groundnut,Rice,Rice,Groundnut,Maize,Cotton,Groundnut,2,True
890,Bajra,Rice,Rice,Cotton,Bajra,Cotton,Bajra,2,True
891,Bajra,Cotton,Cotton,Cotton,Maize,Cotton,Cotton,4,False
892,Groundnut,Cotton,Cotton,Cotton,Cotton,Cotton,Cotton,5,False
893,Cotton,Cotton,Rice,Cotton,Rice,Cotton,Cotton,4,True
894,Bajra,Bajra,Rice,Groundnut,Cotton,Cotton,Bajra,2,True
895,Cotton,Maize,Cotton,Groundnut,Groundnut,Groundnut,Groundnut,3,False
896,Bajra,Cotton,Groundnut,Cotton,Bajra,Cotton,Cotton,3,False
897,Cotton,Cotton,Cotton,Cotton,Groundnut,Rice,Cotton,4,True
898,Cotton,Cotton,Cotton,Cotton,Groundnut,Bajra,Cotton,4,True
899,Cotton,Cotton,Rice,Rice,Maize,Bajra,Cotton,2,True
900,Maize,Groundnut,Bajra,Groundnut,Bajra,Maize,Bajra,2,False
901,Cotton,Groundnut,Cotton,Groundnut,Groundnut,Bajra,Groundnut,3,False
902,Cotton,Groundnut,Rice,Groundnut,Groundnut,Bajra,Groundnut,3,False
903,Groundnut,Cotton,Cotton,Cotton,Groundnut,Groundnut,Cotton,3,False
904,Rice,Cotton,Cotton,Cotton,Cotton,Groundnut,Cotton,4,False
905,Cotton,Groundnut,Rice,Groundnut,Groundnut,Rice,Groundnut,3,False
906,Cotton,Groundnut,Rice,Groundnut,Groundnut,Rice,Groundnut,3,False
907,Bajra,Rice,Groundnut,Groundnut,Bajra,Cotton,Bajra,2,True
908,Cotton,Groundnut,Groundnut,Groundnut,Maize,Maize,Groundnut,3,False
909,Cotton,Rice,Rice,Cotton,Groundnut,Bajra,Cotton,2,True
910,Cotton,Cotton,Rice,Cotton,Groundnut,Bajra,Cotton,3,True
911,Cotton,Cotton,Rice,Rice,Maize,Bajra,Cotton,2,True
912,Cotton,Groundnut,Maize,Rice,Groundnut,Bajra,Groundnut,2,False
913,Bajra,Groundnut,Groundnut,Groundnut,Bajra,Groundnut,Groundnut,4,False
914,Groundnut,Cotton,Cotton,Cotton,Cotton,Cotton,Cotton,5,False
915,Bajra,Bajra,Cotton,Bajra,Maize,Cotton,Bajra,3,True
916,Cotton,Bajra,Cotton,Rice,Maize,Rice,Cotton,2,True
917,Groundnut,Groundnut,Maize,Rice,Bajra,Groundnut,Groundnut,3,True
918,Groundnut,Cotton,Cotton,Rice,Maize,Bajra,Cotton,2,False
919,Cotton,Groundnut,Cotton,Cotton,Maize,Groundnut,Cotton,3,True
920,Cotton,Groundnut,Cotton,Cotton,Maize,Cotton,Cotton,4,True
921,Bajra,Rice,Groundnut,Groundnut,Bajra,Cotton,Bajra,2,True
922,Cotton,Cotton,Cotton,Cotton,Groundnut,Groundnut,Cotton,4,True
923,Bajra,Bajra,Groundnut,Bajra,Bajra,Cotton,Bajra,4,True
924,Maize,Bajra,Maize,Groundnut,Rice,Cotton,Maize,2,True
925,Maize,Bajra,Bajra,Groundnut,Rice,Cotton,Bajra,2,False
926,Cotton,Cotton,Maize,Rice,Rice,Groundnut,Cotton,2,True
927,Groundnut,Cotton,Rice,Bajra,Bajra,Groundnut,Bajra,2,False
928,Bajra,Cotton,Rice,Rice,Maize,Rice,Rice,3,False
929,Cotton,Cotton,Rice,Cotton,Groundnut,Rice,Cotton,3,True
930,Groundnut,Groundnut,Rice,Groundnut,Maize,Bajra,Groundnut,3,True
931,Rice,Cotton,Groundnut,Cotton,Groundnut,Groundnut,Groundnut,3,False
932,Cotton,Cotton,Cotton,Cotton,Groundnut,Rice,Cotton,4,True
933,Cotton,Groundnut,Groundnut,Groundnut,Maize,Bajra,Groundnut,3,False
934,Cotton,Groundnut,Rice,Rice,Maize,Groundnut,Groundnut,2,False
935,Rice,Bajra,Groundnut,Groundnut,Maize,Groundnut,Groundnut,3,False
936,Maize,Bajra,Maize,Groundnut,Bajra,Bajra,Bajra,3,False
937,Cotton,Cotton,Rice,Cotton,Groundnut,Groundnut,Cotton,3,True
938,Bajra,Cotton,Rice,Cotton,Bajra,Rice,Bajra,2,True
939,Cotton,Cotton,Rice,Cotton,Groundnut,Rice,Cotton,3,True
940,Groundnut,Groundnut,Rice,Groundnut,Maize,Groundnut,Groundnut,4,True
941,Cotton,Cotton,Rice,Cotton,Groundnut,Bajra,Cotton,3,True
942,Groundnut,Cotton,Rice,Cotton,Maize,Rice,Cotton,2,False
943,Groundnut,Cotton,Rice,Groundnut,Maize,Bajra,Groundnut,2,True
944,Cotton,Bajra,Maize,Rice,Maize,Rice,Maize,2,False
945,Cotton,Cotton,Rice,Bajra,Groundnut,Rice,Cotton,2,True
946,Cotton,Cotton,Rice,Cotton,Cotton,Bajra,Cotton,4,True
947,Groundnut,Groundnut,Rice,Rice,Maize,Groundnut,Groundnut,3,True
948,Bajra,Bajra,Groundnut,Groundnut,Bajra,Groundnut,Bajra,3,True
949,Cotton,Groundnut,Rice,Rice,Groundnut,Rice,Rice,3,False
950,Groundnut,Groundnut,Cotton,Groundnut,Rice,Bajra,Groundnut,3,True
951,Bajra,Groundnut,Groundnut,Groundnut,Bajra,Rice,Groundnut,3,False
952,Bajra,Cotton,Rice,Rice,Groundnut,Bajra,Bajra,2,True
953,Bajra,Cotton,Groundnut,Cotton,Maize,Rice,Cotton,2,False
954,Groundnut,Cotton,Rice,Cotton,Maize,Bajra,Cotton,2,False
955,Groundnut,Cotton,Rice,Cotton,Maize,Maize,Cotton,2,False
956,Groundnut,Cotton,Cotton,Cotton,Maize,Cotton,Cotton,4,False
957,Cotton,Cotton,Cotton,Cotton,Groundnut,Bajra,Cotton,4,True
958,Bajra,Bajra,Groundnut,Groundnut,Bajra,Groundnut,Bajra,3,True
959,Cotton,Groundnut,Maize,Groundnut,Bajra,Cotton,Cotton,2,True
960,Groundnut,Rice,Cotton,Groundnut,Maize,Cotton,Cotton,2,False
961,Cotton,Rice,Cotton,Cotton,Maize,Cotton,Cotton,4,True
962,Cotton,Bajra,Cotton,Cotton,Bajra,Bajra,Bajra,3,False
963,Cotton,Groundnut,Cotton,Cotton,Maize,Groundnut,Cotton,3,True
964,Cotton,Groundnut,Cotton,Cotton,Maize,Bajra,Cotton,3,True
965,Cotton,Cotton,Cotton,Cotton,Maize,Bajra,Cotton,4,True
966,Rice,Cotton,Groundnut,Cotton,Maize,Maize,Cotton,2,False
