farm_id,crop_type,health_index,pred_se,health_sd_pts
1,Rice,24.86,0.054283791984698626,5.893787828934645
2,Rice,37.96,0.061453196654975895,6.6721960506428495
3,Rice,53.54,0.03608568057550752,3.917952987416568
5,Groundnut,5.79,0.036955151090916794,4.0123545491715245
6,Cotton,30.19,0.032299010534802344,3.506820511549914
7,Bajra,43.96,0.06864705710154913,7.453259524525055
8,Groundnut,21.34,0.027904911708988633,3.0297372933028006
9,Cotton,50.62,0.055443362971177,6.019686649135312
10,Cotton,30.52,0.04911304183642473,5.3323807647607016
11,Cotton,14.8,0.04604468415052456,4.999238061887732
12,Cotton,36.1,0.0381676942075116,4.144004745323248
13,Rice,68.88,0.04401460113338732,4.778824598850681
14,Cotton,74.98,0.06819160425409071,7.4038093599204755
20,Rice,77.43,0.046349438246826954,5.032326317478118
21,Rice,90.77,0.03458165172260321,3.7546551295566637
22,Cotton,7.76,0.05210649018957597,5.657390290169691
24,Rice,24.84,0.06878405150768233,7.46813350318387
25,Cotton,50.0,0.08922432879153484,9.687408411421252
26,Rice,94.16,0.03914248304675475,4.249841098799292
27,Rice,70.67,0.03458415263910738,3.754926663116029
28,Cotton,41.89,0.048688674298378136,5.286305644742575
29,Rice,79.4,0.0335338345700265,3.640889827704753
30,Cotton,96.39,0.058621967239899146,6.364799222650349
31,Maize,77.0,0.03446677803086942,3.7421828769477035
32,Rice,25.51,0.08250619078348409,8.957995845031016
33,Cotton,14.39,0.033615823937952705,3.6497917102210247
34,Rice,85.36,0.035098193158093975,3.8107379033336697
35,Rice,55.59,0.02700516321851272,2.932048342174183
36,Maize,15.61,0.026728491044732645,2.902009042581967
37,Rice,69.59,0.03520076993274166,3.8218750351339
38,Rice,46.15,0.03750774130277439,4.0723512691124
39,Cotton,9.64,0.046443693004187284,5.042559897731799
40,Cotton,41.51,0.03355382240609123,3.643059979431777
41,Cotton,97.01,0.029502940904813934,3.203241108719605
42,Cotton,99.12,0.023432687653171344,2.5441717359836935
43,Cotton,31.73,0.037155300450258895,4.034085489751211
44,Cotton,40.55,0.045125245032781286,4.899411228067258
45,Cotton,54.51,0.04452721044533756,4.834480447738734
47,Cotton,72.99,0.027869592495005473,3.025902558368289
48,Cotton,23.02,0.03684909044013094,4.000839160325683
49,Rice,86.31,0.02158968411805968,2.344070169626898
53,Cotton,62.8,0.07258550502188713,7.880871074291587
54,Maize,75.68,0.0688402721275502,7.474237579428319
55,Maize,99.29,0.06352434120641949,6.897067713121835
56,Rice,51.79,0.046975730537463546,5.100325138948623
58,Cotton,81.62,0.12101831234474782,13.139396315142038
59,Cotton,48.56,0.032409749929608336,3.5188438885733
60,Groundnut,82.86,0.04463333416178033,4.846002683851274
61,Cotton,21.59,0.04910865588433417,5.331904566062995
62,Cotton,16.19,0.04360271155074232,4.734104255626642
63,Rice,91.23,0.030064869229708538,3.264251701401321
64,Cotton,30.89,0.030648494272240256,3.3276179852693404
65,Rice,92.2,0.027216829538873208,2.9550297209085143
66,Rice,82.3,0.03396004219496201,3.6871647326183985
67,Cotton,97.57,0.032275953700856515,3.5043171476117054
68,Cotton,17.92,0.04136672220671005,4.491334797199721
69,Cotton,94.71,0.026761185361731082,2.9055587829474714
70,Cotton,58.94,0.026827516234935983,2.9127605660006495
71,Groundnut,77.16,0.03801022479505395,4.126907721098521
72,Maize,59.89,0.043703725557715976,4.745071712082541
73,Maize,6.21,0.04897950794241036,5.317882506431328
74,Cotton,95.87,0.03436944524001074,3.7316151034531613
75,Cotton,11.01,0.027255892633040433,2.959270942469238
76,Cotton,11.82,0.024499752846420888,2.660026867298519
77,Cotton,10.74,0.028592156557013425,3.1043539546062022
78,Rice,26.67,0.04305966309814895,4.675143519034792
79,Rice,32.18,0.03661413263272738,3.97532894051682
80,Rice,30.49,0.020407403357106117,2.2157056669912705
81,Maize,88.03,0.020680132355590956,2.245316841765512
82,Maize,34.86,0.025288916058364325,2.7457091743655395
83,Cotton,8.67,0.03651724674284325,3.964809688679079
84,Cotton,78.77,0.08370389968686677,9.08803543694739
85,Cotton,98.47,0.022941501291853964,2.4908418544071242
86,Cotton,98.03,0.016577294420116365,1.7998568728855258
87,Cotton,27.35,0.03068326374856792,3.3313930331962824
88,Rice,76.6,0.04819103118076704,5.232274729758668
89,Rice,55.26,0.032545452801738456,3.5335776407094337
90,Cotton,47.34,0.05469471212227269,5.9384029159974805
91,Cotton,48.28,0.06378725281645553,6.925612978488573
92,Cotton,48.21,0.05881972301337605,6.386270282946731
93,Cotton,39.19,0.1289495968306333,14.00052458679827
94,Cotton,44.29,0.0561314701685314,6.094396938827544
95,Cotton,77.19,0.056905411964562454,6.178426601660188
96,Cotton,62.32,0.021495695590869023,2.3338654949466187
97,Cotton,8.59,0.033338321340498286,3.619662248523956
98,Cotton,71.32,0.05137389557120496,5.577849840112054
99,Cotton,74.7,0.13113931328660297,14.238270030238365
100,Maize,53.94,0.02292539657995955,2.489093307530028
101,Cotton,47.26,0.029608182979498982,3.2146676217945465
102,Cotton,42.37,0.03459916427841964,3.7565565311454385
103,Cotton,99.98,0.027813295634573604,3.0197902044097793
104,Groundnut,75.36,0.02440503307640236,2.649742798936971
105,Cotton,98.34,0.0278501908073315,3.0237960468941845
106,Cotton,98.77,0.0206283386814495,2.2396934150462298
107,Cotton,11.48,0.05219677915131582,5.667193289634789
108,Cotton,98.72,0.0222665458174299,2.417559494888934
109,Cotton,7.81,0.04437246914936396,4.817679624997761
110,Cotton,97.54,0.03394368280832696,3.685388534782667
111,Groundnut,44.88,0.019812573953209775,2.1511228850447752
112,Maize,67.67,0.037526829970119344,4.0744237948361
113,Rice,84.76,0.049984055283570396,5.426949848200425
114,Groundnut,0.53,0.017191195844104036,1.866510373103124
115,Cotton,61.1,0.022077842597548098,2.3970713031109234
116,Groundnut,42.09,0.02002547330029572,2.174238137954833
117,Cotton,95.19,0.030651251972485864,3.327917398769193
118,Rice,63.75,0.02584698341773894,2.8063005680422184
119,Cotton,93.27,0.03679303412845116,3.994752923616089
120,Cotton,78.41,0.02533231533653262,2.750421191122308
121,Cotton,93.43,0.024568075244375303,2.6674448774040194
122,Groundnut,64.46,0.035566987881177126,3.8616366436787635
123,Cotton,37.56,0.031243624895442693,3.3922334716864557
124,Groundnut,0.74,0.03288673415962581,3.570631793336166
125,Groundnut,43.71,0.028038786182655966,3.0442725295981568
126,Groundnut,44.21,0.02919210901519234,3.1694929651040504
127,Groundnut,85.6,0.03386124529530949,3.676437995531339
128,Groundnut,71.95,0.06317055838056143,6.858656230856261
129,Groundnut,96.68,0.05368844451292804,5.8291487984833905
130,Cotton,49.24,0.025768835906084548,2.7978158097707246
131,Groundnut,80.56,0.03986751206829867,4.3285601246183525
132,Bajra,72.45,0.05768319501055225,6.262873322908007
133,Groundnut,93.17,0.056220624697785625,6.104076768850492
134,Groundnut,37.96,0.03311193193834378,3.5950823314946865
135,Cotton,4.12,0.06971887927001298,7.569631137861411
136,Cotton,53.87,0.04280386044301168,4.647370098639213
137,Cotton,99.14,0.020144786635568904,2.187192418736487
138,Cotton,99.69,0.02679130164723144,2.908828617099528
139,Groundnut,66.58,0.03529467343440321,3.8320704782846513
140,Cotton,52.91,0.04716172198785425,5.12051890409509
141,Maize,63.76,0.03596063856935834,3.9043767240973937
142,Groundnut,78.73,0.019253104620177517,2.090379274012274
143,Cotton,43.63,0.028828550017950788,3.1300200485169793
144,Groundnut,93.1,0.01693048049195194,1.8382035634063445
145,Groundnut,82.68,0.023018787897144902,2.499233140957847
146,Cotton,25.85,0.038649781467713286,4.196346704548611
147,Cotton,99.0,0.03934751383625859,4.272102033924739
148,Cotton,39.26,0.05145616449978927,5.5867820755411195
149,Maize,35.87,0.05186819047110555,5.6315172269769915
150,Cotton,14.45,0.0319925976138479,3.4735521513613206
151,Cotton,90.9,0.03459407098747288,3.7560035341072116
152,Groundnut,54.3,0.04500331704222441,4.886173064695157
153,Cotton,28.41,0.059897449005263205,6.503282895766807
154,Cotton,99.87,0.0337396001687448,3.663230543726972
155,Bajra,40.1,0.04045914674343174,4.392796043296581
156,Groundnut,90.12,0.027216226783582396,2.95496427758433
157,Groundnut,72.65,0.03977647799027828,4.318676225181001
158,Maize,26.01,0.03521664440362409,3.823598583910744
159,Cotton,42.42,0.0442188057196795,4.800995830102188
160,Cotton,4.61,0.0385740643299689,4.188125820771636
161,Cotton,17.66,0.040604600156488944,4.408588446962765
162,Cotton,28.26,0.05645784042185712,6.129832138846726
163,Cotton,97.9,0.027257021210265023,2.959393476184498
164,Cotton,12.71,0.06017038230142667,6.532916251879671
165,Groundnut,58.09,0.033679395578341154,3.6566939133775853
166,Groundnut,59.18,0.023373562214660575,2.5377522730623587
167,Groundnut,32.05,0.030235543770173453,3.282782454182643
168,Groundnut,57.13,0.03356011334866184,3.643743009842874
169,Maize,93.79,0.02397280154619077,2.6028138568180985
170,Groundnut,32.23,0.03600843037506555,3.9095656534721015
171,Cotton,27.88,0.05733150017997777,6.224688541849908
172,Groundnut,46.87,0.10160437227865829,11.031554554466254
173,Cotton,90.55,0.03515371613605538,3.816766234070538
174,Cotton,47.23,0.04633668234838444,5.030941363401793
175,Cotton,63.38,0.06925028116564268,7.518753745121824
176,Cotton,6.6,0.07207424154967368,7.825361348096338
177,Cotton,23.39,0.046652735870782065,5.065256438592637
178,Cotton,54.97,0.10475312672980712,11.373426225216814
179,Cotton,8.81,0.0661393699121439,7.180990847350515
180,Bajra,49.84,0.04114066427470884,4.466790869085074
181,Rice,38.38,0.06706801535112858,7.281817244799431
182,Rice,27.82,0.05176614105701448,5.620437352621687
183,Rice,38.74,0.043431705507471684,4.715537510385505
184,Rice,82.46,0.029159055097597655,3.1659041815998865
185,Cotton,47.18,0.0433768138958746,4.7095777293806576
186,Cotton,2.68,0.055329592683944766,6.0073341971479355
187,Cotton,65.58,0.05465502150479612,5.934093561959129
188,Cotton,12.13,0.033551569059634745,3.6428153254488107
189,Cotton,65.28,0.03394064480287614,3.6850586875318467
190,Groundnut,72.49,0.03538449383965837,3.841822604875808
191,Cotton,63.11,0.06418137309000647,6.968404043490917
192,Bajra,38.29,0.03501813635984563,3.802045846904145
193,Groundnut,81.94,0.025132468653571473,2.7287231132131344
194,Rice,83.66,0.03310052652716319,3.593844004709795
195,Groundnut,75.29,0.04609974487921331,5.005216204547507
196,Groundnut,84.17,0.0694670333043489,7.542287309567036
197,Bajra,88.02,0.04665432797149281,5.065429298730964
198,Groundnut,53.59,0.08809558395953415,9.564856498417575
199,Cotton,45.95,0.016959804391363048,1.841387365331877
200,Cotton,94.25,0.03224437993767807,3.5008890698313753
201,Groundnut,57.97,0.02769752130473644,3.0072201662611975
202,Rice,0.33,0.03604265168381007,3.9132811848599154
203,Rice,13.45,0.04234269626591906,4.597299834298518
204,Groundnut,76.91,0.025519030439451793,2.770693525843757
205,Cotton,98.27,0.03615353211633467,3.9253198748590354
206,Cotton,73.91,0.03266472236147583,3.546527168622677
207,Cotton,10.47,0.03880182311040775,4.212854416159038
208,Groundnut,53.26,0.047818879309791784,5.191868853760037
209,Cotton,84.3,0.06711591867686321,7.2870182823072716
210,Cotton,3.6,0.05855999184763208,6.358070329931505
211,Cotton,79.44,0.06817115066489186,7.401588639689432
212,Rice,74.9,0.03772041561462831,4.095442089132582
213,Cotton,98.76,0.055086113027862246,5.98089872937485
214,Groundnut,9.25,0.034359977837335305,3.7305871932681876
215,Groundnut,60.35,0.04917972012989399,5.339620268489807
216,Cotton,97.84,0.019203830872456966,2.085029444827842
217,Cotton,18.99,0.022682365214982247,2.462706512345264
218,Cotton,97.32,0.04054164584107785,4.401753269014006
219,Cotton,98.64,0.04246074082028138,4.610116358943088
220,Rice,81.4,0.03353368249765044,3.6408733166563096
221,Rice,79.04,0.04127207022760987,4.4810580891436125
222,Rice,8.87,0.05761866374331338,6.25586692958999
223,Rice,63.92,0.027194759971687084,2.9526335480967827
224,Rice,45.17,0.04307917531816844,4.677262031405828
225,Rice,7.3,0.0420668833438209,4.567353826772307
226,Rice,49.26,0.025555452530766125,2.7746480041630543
227,Rice,56.36,0.019525632266513306,2.1199685872547027
228,Maize,17.22,0.04784595655251327,5.194808728034811
229,Groundnut,54.28,0.029743015700958938,3.2293068985220605
230,Cotton,98.05,0.024224884804915147,2.6301834488791447
231,Groundnut,55.25,0.02761360117438911,2.9981086538785857
232,Cotton,19.92,0.06872453898949266,7.461672013620384
233,Rice,9.37,0.02265101564971366,2.4593027765437108
234,Groundnut,46.62,0.03314201058438388,3.598348078994271
235,Cotton,96.19,0.030857632479942335,3.3503248776593777
236,Groundnut,37.51,0.025220880324812203,2.7383222884520575
237,Cotton,7.41,0.03989504147138704,4.331549091581195
238,Cotton,24.44,0.08125955015795785,8.822643558885401
239,Groundnut,45.26,0.030419124783911528,3.302714509494806
240,Cotton,52.35,0.04014344524657717,4.358519188793446
241,Groundnut,22.32,0.022935782687597904,2.4902209648389757
242,Bajra,31.33,0.05255577953265414,5.706171260788888
243,Maize,8.59,0.05256867853817601,5.707571752518935
244,Cotton,25.63,0.02749407901154986,2.9851316999320288
245,Rice,50.74,0.04073444272882957,4.422685925133679
246,Cotton,95.12,0.08085819427556305,8.779066897634532
247,Cotton,13.39,0.05265856275971392,5.717330807874956
248,Cotton,99.28,0.03976943485211645,4.317911526171259
249,Groundnut,26.79,0.054103017941028224,5.874160536525297
250,Cotton,56.54,0.03809198050299676,4.135784234304436
251,Groundnut,42.02,0.03825086541495032,4.153034944434215
252,Groundnut,23.65,0.024350040004148976,2.643772001981333
253,Cotton,99.32,0.03156990814774721,3.4276592256897804
254,Groundnut,15.42,0.016833382381626738,1.8276612700269776
255,Bajra,43.2,0.07561514299216103,8.209809837455218
256,Cotton,20.23,0.07225969855118224,7.84549708619271
257,Cotton,20.02,0.047944571181545326,5.2055156753407
258,Groundnut,13.79,0.044827284718430296,4.86706059798006
259,Rice,38.27,0.03347438855903765,3.6344355590688484
260,Groundnut,18.68,0.019200860106946757,2.0847068980608143
261,Groundnut,94.99,0.027265486235314905,2.960312554601582
262,Groundnut,65.37,0.024107519494035404,2.617440672158662
263,Maize,58.64,0.03241901833482255,3.5198501928834447
264,Cotton,14.39,0.03563454869213618,3.8689719655268697
265,Cotton,27.82,0.06492481084233627,7.049121771859763
266,Groundnut,53.92,0.03949522957059175,4.288140066002533
267,Cotton,92.89,0.01801287168352968,1.955722693847069
268,Cotton,98.6,0.04072606856171628,4.42177671149172
269,Cotton,23.08,0.031879989023467566,3.4613258290070497
270,Maize,21.88,0.02473081443312909,2.6851140603203145
271,Groundnut,74.55,0.03758408003798193,4.080639641976427
272,Groundnut,21.57,0.02892751165656269,3.140764671909292
273,Rice,70.98,0.023601395627945387,2.5624889716080532
274,Maize,57.41,0.022926511541701975,2.489214362963095
275,Cotton,45.51,0.04859839590860831,5.276503793114539
276,Bajra,15.7,0.018689575191161954,2.0291948436593867
277,Groundnut,60.61,0.04324052422482277,4.694780266361103
278,Cotton,31.4,0.03553738298643778,3.858422333073107
279,Groundnut,37.2,0.022199134221309265,2.4102403738360634
280,Groundnut,18.16,0.028052323493815236,3.045742324482226
281,Groundnut,35.78,0.027918734256118793,3.0312380572889195
282,Groundnut,64.07,0.03324804511045875,3.6098606313856565
283,Groundnut,93.4,0.05205982158872728,5.652323311213009
284,Groundnut,13.39,0.0468489358756661,5.086558583460269
285,Groundnut,18.11,0.0328100801449918,3.5623091894433454
286,Cotton,15.19,0.022800899469821036,2.4755762055435135
287,Cotton,98.61,0.01836381146193285,1.993825496157281
288,Cotton,30.83,0.0531879086897211,5.774803811979972
289,Cotton,62.86,0.05560180439081464,6.036889207698699
290,Cotton,98.64,0.026399820020082423,2.866324039490197
291,Cotton,35.37,0.023690868450677728,2.572203359906294
292,Cotton,99.33,0.023778670798941453,2.581736378743565
293,Groundnut,87.75,0.03290940995882121,3.5730937869519925
294,Cotton,97.27,0.03663006896809799,3.977059206145124
295,Groundnut,77.13,0.020881044767779935,2.267130629755398
296,Cotton,34.77,0.03179977284561808,3.452616468157199
297,Groundnut,60.81,0.026312576245391236,2.856851667007999
298,Rice,65.44,0.039769790855774305,4.317950178777295
299,Cotton,1.9,0.036802034781715315,3.9957301571276256
300,Cotton,20.71,0.08540176494983938,9.272378815628445
301,Rice,43.87,0.03944562368705191,4.2827541756297105
302,Bajra,44.32,0.03672324998941254,3.987176206988878
303,Cotton,57.21,0.07624746030777517,8.278462817700992
304,Cotton,8.21,0.03154684890584043,3.425155600310534
305,Rice,7.95,0.04467682066309015,4.850724170740308
306,Cotton,50.23,0.035998423874991255,3.908479211530744
307,Groundnut,2.23,0.036962632894055096,4.013166875625937
308,Groundnut,52.77,0.033623777536949694,3.6506552612599408
309,Groundnut,43.65,0.033719538231117854,3.6610523465250546
310,Rice,50.91,0.03632885422060282,3.9443552304688656
311,Cotton,63.2,0.057724483242743985,6.267356135760109
312,Bajra,80.43,0.028395232912859305,3.0829732416030984
313,Cotton,10.63,0.032268694538884,3.503528994114729
314,Cotton,23.83,0.05867670729684664,6.370742548818191
315,Groundnut,18.25,0.036342939539274,3.945884524512551
316,Cotton,73.04,0.05400892685718329,5.863944726897759
317,Groundnut,61.51,0.032083751037718156,3.4834490086096808
318,Maize,62.35,0.028298866994628816,3.072510444970338
319,Cotton,12.83,0.03234267972506184,3.511561833639634
320,Cotton,98.88,0.028507160372787894,3.095125611158207
321,Cotton,48.53,0.05191083124902786,5.636146890615922
322,Cotton,6.06,0.04930710651034803,5.353451069015012
323,Bajra,42.77,0.01912971586896065,2.0769825105666695
324,Maize,83.69,0.03501779092621896,3.8020083419246635
325,Cotton,66.93,0.030667660049060644,3.329698883047961
326,Maize,76.5,0.031033473875968172,3.3694166146554236
327,Groundnut,28.67,0.0228697701909148,2.4830537490774436
328,Rice,73.38,0.028855417468632873,3.1329371449104886
329,Bajra,42.9,0.029089454705121125,3.1583474150021718
330,Groundnut,53.25,0.016028069713668953,1.7402255580517647
331,Groundnut,51.78,0.025234731915428223,2.739826205794588
332,Bajra,42.4,0.048331684308485535,5.247545949066312
333,Bajra,45.87,0.026250588995911563,2.8501214869086535
334,Cotton,14.63,0.03640160075877119,3.9522535854948875
335,Rice,52.74,0.030182204026335292,3.276991165078881
336,Groundnut,0.06,0.052804747825898314,5.733202649770091
337,Groundnut,41.89,0.044552131949299106,4.837186265651542
338,Groundnut,33.32,0.030390704769922686,3.2996288456820637
339,Groundnut,0.58,0.01957275763253282,2.1250851588596893
340,Rice,69.99,0.026433666013112075,2.869998821492026
341,Groundnut,20.78,0.026786729748951313,2.908332229550808
342,Cotton,14.65,0.06168147718428757,6.696981294194354
343,Groundnut,21.38,0.039233550844531284,4.25972865931265
344,Cotton,97.41,0.034590696298215526,3.7556371318765605
345,Bajra,2.28,0.02597563783223427,2.820269043614172
346,Bajra,39.53,0.028280880553011794,3.0705575918845014
347,Groundnut,6.0,0.025256415388963286,2.7421804590207812
348,Bajra,9.09,0.05284852062919181,5.737955221502043
349,Rice,39.42,0.023084218367266162,2.5063371639883463
350,Groundnut,79.86,0.041004464512122314,4.452003167753108
351,Cotton,4.59,0.024338857299675252,2.64255785526991
352,Groundnut,19.42,0.03375310880661418,3.6646972254481476
353,Groundnut,45.36,0.030661511299115936,3.3290312910050632
354,Bajra,9.69,0.08177735835865875,8.878863869947564
355,Groundnut,31.08,0.03712516566531332,4.03081364704741
356,Groundnut,73.53,0.02215815033616625,2.405790605044921
357,Groundnut,59.26,0.018464725408680802,2.004782088712209
358,Groundnut,65.96,0.029119715002384635,3.1616328850327453
359,Groundnut,73.15,0.02166773583458122,2.3525445270739933
360,Cotton,2.74,0.04800934752611947,5.212548677592304
361,Groundnut,32.34,0.022765411217097988,2.471723117461012
362,Groundnut,23.21,0.03148262144738201,3.418182192611743
363,Cotton,32.95,0.0363931594667951,3.9513370838635495
364,Groundnut,91.04,0.04441385044748857,4.822172542355139
365,Bajra,31.63,0.04657220120845042,5.056512498729492
366,Groundnut,24.66,0.03569341612841241,3.8753634162115094
367,Bajra,40.03,0.07433984287842775,8.07134588691398
368,Groundnut,38.93,0.027713436178813115,3.0089481017591186
369,Cotton,21.63,0.09827389321628661,10.66995238474567
370,Cotton,16.29,0.05608415199057857,6.089259432932886
371,Cotton,34.34,0.03519613491432492,3.8213717944034227
372,Cotton,7.61,0.04930857854171458,5.353610892789932
373,Groundnut,39.68,0.020142493000823426,2.1869433905081213
374,Groundnut,44.03,0.01653766645800451,1.7955543215669632
375,Rice,22.79,0.04094595558720415,4.445650641944596
376,Cotton,3.1,0.045464403703070234,4.936234912816292
377,Rice,5.41,0.038076313398070875,4.1340832000002585
378,Cotton,80.38,0.023968922430375798,2.6023926871698215
379,Cotton,34.22,0.06396867340052066,6.94531046812936
380,Cotton,78.94,0.04731140137134304,5.136770136671055
381,Groundnut,19.37,0.042023111325337946,4.562601340250079
382,Cotton,12.19,0.06823526005062311,7.408549227804754
386,Rice,0.73,0.10089128688875919,10.954132291976503
387,Rice,0.03,0.14557721255589443,15.80584502597043
388,Cotton,51.92,0.14766129632929204,16.032121546623106
410,Cotton,8.81,0.27183401338208724,29.514003001363793
418,Rice,96.3,0.2325939636658186,25.253568736017613
419,Cotton,51.92,0.06826635386363289,7.4119251956576235
420,Maize,23.54,0.08874775490371001,9.635665058995876
421,Groundnut,17.4,0.07940693981854743,8.621498947004687
422,Bajra,75.0,0.05092831606040892,5.529471659415087
423,Maize,40.23,0.07357360665901447,7.98815284643258
424,Groundnut,53.27,0.07972186139002059,8.65569112218546
425,Cotton,85.47,0.07367011941740231,7.998631586032856
426,Groundnut,94.74,0.14288155890326307,15.513168149355394
427,Groundnut,64.22,0.06231084132815929,6.765313637892166
428,Groundnut,50.18,0.07428005880971791,8.064854914127379
429,Cotton,83.62,0.09030585373196492,9.804833489838636
430,Cotton,76.49,0.10028375261210015,10.888170095996475
431,Cotton,21.8,0.12047654415525234,13.080574581349888
432,Bajra,98.05,0.11357483141181231,12.331230641310547
433,Groundnut,18.48,0.08230037474803577,8.935649652910413
434,Cotton,77.19,0.1037831642501453,11.268113887074234
435,Bajra,99.92,0.14062832082712182,15.268525933634786
436,Cotton,25.3,0.1153264742297036,12.52141284382946
437,Cotton,56.73,0.07778935941207338,8.445872385863062
438,Cotton,69.53,0.08015937752615025,8.703193833101647
439,Maize,73.33,0.09738643375171964,10.573597697652108
440,Cotton,18.16,0.06919783355193011,7.513059317815735
441,Groundnut,99.85,0.07986762932976807,8.671517675153144
442,Groundnut,32.79,0.08604924612712302,9.34267819123607
443,Bajra,79.08,0.05537337584264698,6.012087893204102
444,Rice,0.81,0.1520261348028518,16.50602786248961
445,Rice,33.32,0.05055400031268197,5.488830843483261
446,Cotton,8.81,0.14454913739726885,15.694223183877206
452,Rice,0.65,0.16095472239577677,17.475436943188896
453,Cotton,5.9,0.3036463665823907,32.96798536417606
454,Bajra,54.77,0.051117276702853084,5.549987800492685
455,Bajra,43.65,0.08298546516247773,9.010032399559654
456,Cotton,43.37,0.0746525059983526,8.105292853833484
457,Cotton,22.24,0.12274040923457939,13.326370609281188
458,Cotton,31.79,0.10302017000585532,11.185272839569462
459,Rice,70.72,0.07947637848607836,8.629038154539536
460,Groundnut,97.36,0.07213260427288345,7.831698000256051
461,Rice,75.1,0.09152953183642279,9.937692651936606
463,Rice,0.45,0.18595809338888783,20.190143456010887
466,Bajra,87.98,0.050163098444969245,5.446389212454933
467,Groundnut,36.29,0.04991136902719131,5.419058038186514
468,Rice,79.62,0.162952627130711,17.692356693626472
469,Cotton,73.08,0.07589046128426624,8.239702141212298
470,Cotton,58.31,0.07666371342842154,8.323656926043926
471,Cotton,72.73,0.06107999279437113,6.631675956321439
472,Cotton,36.38,0.07572624416275411,8.221872493785611
473,Bajra,94.07,0.08324340631401866,9.038038004252153
474,Cotton,14.9,0.14797477701351813,16.066157279458764
475,Rice,0.94,0.11845963660024865,12.861591625938114
476,Groundnut,40.54,0.10544863085423427,11.44893962606173
477,Bajra,0.03,0.10370406581081089,11.259525883141709
478,Bajra,40.79,0.16727413589680767,18.161558546279554
479,Bajra,83.16,0.12272143300844823,13.324310291707162
480,Groundnut,78.36,0.11813079521307461,12.82588812597034
481,Bajra,50.0,0.05316130809590884,5.771915689202968
484,Cotton,25.98,0.0844549929505624,9.169584351901818
485,Cotton,26.49,0.07156636313399607,7.7702191497447
486,Rice,90.81,0.06165348426577843,6.693942001684132
487,Bajra,11.66,0.09838657691923089,10.682186862342952
488,Groundnut,26.67,0.07404042178867597,8.038836655152815
489,Bajra,76.95,0.1405791470988015,15.263186963918754
490,Groundnut,91.99,0.09215948845920104,10.006089323214356
491,Bajra,92.35,0.071029550014931,7.711935405888891
492,Cotton,39.12,0.10862410837597632,11.793712717336826
493,Cotton,64.59,0.09006851603346142,9.779064876636712
494,Cotton,45.06,0.0877942308468037,9.532137499926774
495,Bajra,14.42,0.07789194848082011,8.457010852478136
496,Cotton,25.84,0.09163287115377598,9.94891257575914
497,Cotton,60.04,0.06009987247790085,6.525260745060361
498,Bajra,96.71,0.06388781139076657,6.936530986971409
499,Bajra,0.75,0.06750679066806935,7.329456669535111
500,Groundnut,98.73,0.07297477641891391,7.923135679214462
501,Cotton,48.48,0.07164619842183363,7.778887155986952
502,Cotton,16.59,0.08148493258318401,8.847114144783824
503,Bajra,26.2,0.07327195622235706,7.955401566406575
504,Cotton,29.27,0.08710703200574582,9.457525833766338
505,Bajra,94.51,0.07063974526734397,7.6696128931647065
506,Bajra,27.45,0.13966612273681678,15.164056603355453
507,Bajra,28.16,0.0634475659656708,6.8887319472708475
508,Bajra,62.78,0.060977521213942364,6.620550245838411
509,Bajra,45.96,0.07463357964344687,8.10323795095896
510,Cotton,70.65,0.08982399754507354,9.752516619079168
511,Maize,70.3,0.0471516382002851,5.119424070770597
512,Cotton,24.09,0.0700043439801003,7.600625074953671
513,Bajra,4.28,0.09063859157138703,9.840960041733993
514,Groundnut,17.09,0.0684236109446073,7.428999166284473
515,Cotton,16.81,0.10462913346105773,11.359963827114063
516,Bajra,55.47,0.05352415683798583,5.811311490815362
517,Cotton,95.47,0.0968853729664832,10.519195714120533
518,Bajra,93.38,0.16728479808502458,18.162716178656456
519,Cotton,42.32,0.035278093222953756,3.83027030469933
520,Cotton,52.18,0.025448692787953968,2.7630567123648717
521,Cotton,38.58,0.05253442636275641,5.703852869824456
522,Cotton,21.75,0.05374023449137035,5.834771823947237
523,Cotton,68.33,0.10928161660060938,11.86510076577786
524,Groundnut,37.28,0.02932509190042502,3.1839313984150825
525,Bajra,69.79,0.05404113194732897,5.8674413501326255
526,Groundnut,79.89,0.05087818178940034,5.524028400101769
527,Groundnut,49.32,0.016740621436843406,1.8175898784130944
528,Groundnut,9.33,0.02657491740634417,2.885334996652487
529,Cotton,44.26,0.035522059609363325,3.8567586185462175
530,Groundnut,0.04,0.04680629910378626,5.081929354771873
531,Groundnut,89.97,0.12477710237599925,13.547501757443397
532,Maize,47.96,0.06962301268247419,7.559222555369663
533,Cotton,86.28,0.051702277882798915,5.613503496582027
534,Bajra,34.08,0.07065752867743773,7.671543702382992
535,Cotton,38.64,0.10330664780473121,11.21637677137936
540,Cotton,74.99,0.14313922974005794,15.541144404997247
541,Cotton,31.93,0.12755473675585552,13.849079578422485
542,Cotton,53.09,0.0805721818567754,8.748013493825713
543,Cotton,52.74,0.08260069386457035,8.96825638669067
544,Groundnut,86.84,0.024476503350532777,2.6575025853557097
545,Maize,35.44,0.02346979445745098,2.5482005560686205
546,Cotton,99.15,0.022445648683885523,2.437005341537617
547,Groundnut,70.37,0.030498273206865857,3.311307940329908
548,Groundnut,30.51,0.026757190142380094,2.9051250075179396
549,Cotton,41.84,0.06435976185131492,6.98777235715837
550,Rice,51.61,0.040127957308481205,4.356837607280662
551,Bajra,76.11,0.08082814216431788,8.775804031113703
552,Bajra,37.52,0.0503598090712887,5.467746797340501
553,Bajra,81.26,0.06748296810584935,7.326870167705876
554,Bajra,42.79,0.04250417731584467,4.614832416527177
555,Groundnut,20.54,0.020873295260758082,2.266289237721133
556,Cotton,95.04,0.04803407324675689,5.215233238600782
557,Cotton,97.86,0.05878177291401319,6.382149903261489
558,Bajra,73.45,0.023566129244331182,2.55865997265797
559,Maize,84.14,0.04197648256497378,4.557538686919042
560,Bajra,49.99,0.03229593214231463,3.506486279332277
561,Cotton,31.9,0.043775391557360266,4.752852749128939
562,Cotton,82.15,0.07335807059281631,7.9647513153823315
563,Cotton,31.28,0.06920527950709211,7.513867752125574
564,Cotton,32.26,0.05581802261451486,6.06036480305868
565,Cotton,49.77,0.10645019830537499,11.55768343038281
566,Cotton,19.72,0.05962620175991226,6.473832600294964
567,Cotton,9.7,0.051781363092286266,5.6220900641021565
568,Cotton,76.3,0.12166700874779228,13.20982763221021
569,Groundnut,20.76,0.035374217224911096,3.8407068356064618
570,Cotton,99.17,0.019609809856140796,2.129108052923487
571,Groundnut,93.62,0.02917650152480335,3.167798403365976
572,Cotton,58.87,0.036118560515501934,3.92152288154279
573,Groundnut,72.45,0.022916575060202376,2.488135523191893
574,Cotton,56.76,0.033390645079790844,3.6253432263357817
575,Groundnut,41.41,0.03437810351149621,3.7325551633354013
576,Groundnut,8.14,0.09136425213470299,9.919747636329724
577,Cotton,59.41,0.09652576375451222,10.48015164002039
578,Cotton,55.98,0.04582337482525958,4.975209707198655
579,Cotton,77.83,0.03572523640628439,3.8788182589846163
580,Cotton,68.35,0.07933025050221315,8.61317251027846
581,Cotton,59.65,0.05212075362343933,5.658938922824654
582,Cotton,78.79,0.042135617002614874,4.5748164889561185
583,Groundnut,62.35,0.031187570814227194,3.3861474771464435
584,Maize,86.09,0.032042915315634767,3.479015326418343
585,Cotton,91.3,0.052058312275370486,5.652159439597429
586,Bajra,98.34,0.096843093447492,10.514605273671684
587,Cotton,41.94,0.11079231003853897,12.029122221762929
588,Bajra,94.67,0.085211579979871,9.251729744878894
590,Cotton,34.43,0.10254747219108466,11.133950326428806
591,Cotton,15.86,0.10557296088350122,11.462438587473107
592,Cotton,49.54,0.030928946161026094,3.3580676622040984
593,Groundnut,91.82,0.02950408286720265,3.2033650957105952
594,Cotton,97.98,0.021703101992048814,2.356384358832568
595,Cotton,98.6,0.029143348681139967,3.1641988791003746
596,Groundnut,30.34,0.04459361282895958,4.8416899949368
597,Cotton,3.52,0.09733947419500805,10.56849912856399
598,Cotton,28.42,0.07172867272322314,7.787841689485026
599,Cotton,16.49,0.043262238592792435,4.697137873907913
600,Cotton,19.59,0.057654246850841306,6.259730316402077
601,Bajra,53.26,0.08651040042377589,9.39274738282165
602,Cotton,71.84,0.13672877081383297,14.84513767046551
603,Cotton,4.86,0.07995113247117121,8.680583913536386
604,Cotton,25.89,0.061139911648260645,6.638181563222986
605,Cotton,7.75,0.07949292583267933,8.630834759869273
606,Bajra,15.35,0.04804364952086394,5.2162729693512535
607,Groundnut,30.69,0.09312290769001083,10.110691237139397
608,Cotton,91.42,0.07255219349319576,7.877254321017982
609,Groundnut,39.24,0.13139959180424068,14.266529411230369
610,Cotton,32.41,0.13583266539777764,14.747844261116397
612,Cotton,18.17,0.09730406307502905,10.564654415062767
613,Cotton,18.23,0.05512779958882188,5.985424790223423
614,Cotton,28.38,0.05635353262478417,6.118507063674659
615,Cotton,97.26,0.026801617802827395,2.909948679461973
616,Groundnut,9.66,0.01752091072025076,1.9023087109311083
617,Cotton,42.09,0.04225458327636352,4.587733088011525
618,Groundnut,51.66,0.0370384548323812,4.021399137981495
619,Cotton,36.41,0.06058861978535535,6.5783258097285024
620,Bajra,12.21,0.052267255501846605,5.67484516216984
621,Cotton,54.96,0.053466112737314525,5.805009432658215
622,Groundnut,58.96,0.041793946023206414,4.537720033710225
623,Bajra,82.13,0.04044481346351772,4.391239827203022
624,Groundnut,73.15,0.02150002908293676,2.3343359978697165
625,Cotton,55.63,0.0783517161860767,8.506929496815701
626,Cotton,44.06,0.06984059302453441,7.582846040851507
627,Groundnut,4.24,0.039013446792756805,4.235831165530099
628,Cotton,46.38,0.07933525718250045,8.613716103683815
629,Maize,43.18,0.04210313781252758,4.5712901056982185
630,Cotton,36.64,0.07058226840546655,7.663372422177088
631,Cotton,26.91,0.033322928531179685,3.6179909954869416
632,Bajra,65.38,0.04538964367972506,4.92811794641485
633,Bajra,19.36,0.038933602715980856,4.227162205040985
634,Bajra,8.39,0.05498987498382662,5.970449816506392
636,Cotton,52.81,0.18466566168118378,20.049819466287722
637,Bajra,30.15,0.11445665648553496,12.426973582190968
638,Bajra,13.58,0.0637857469360335,6.925449479599149
639,Groundnut,1.08,0.07292898248179194,7.918163665665288
640,Bajra,14.15,0.06229660602316315,6.763768059290158
641,Groundnut,68.12,0.05263717663872215,5.715008839290945
643,Rice,37.03,0.06212917598972067,6.745589574382921
644,Bajra,43.79,0.06828057981682474,7.413469758900382
645,Cotton,97.02,0.029954097602971408,3.252224824840476
646,Bajra,12.99,0.06681960642665778,7.254846588511134
647,Cotton,29.46,0.1511361585802657,16.409399921866047
648,Cotton,79.57,0.10935758678576775,11.873349123828723
649,Cotton,61.35,0.06930887596441894,7.525115594566015
650,Groundnut,59.27,0.06719253810609649,7.295337131137919
651,Bajra,17.11,0.06047138997481692,6.565597744770652
652,Cotton,22.27,0.0976158635243011,10.59850771870622
653,Cotton,15.05,0.04646952276662432,5.045364328555618
654,Bajra,91.66,0.04788166322698953,5.19868553095785
655,Groundnut,71.73,0.02989242623900801,3.245528941575288
656,Bajra,84.6,0.04519744443303394,4.907250178348871
657,Bajra,55.16,0.04506014534412161,4.892343119177629
658,Bajra,62.21,0.04114192495645676,4.4669277458667125
659,Cotton,26.27,0.04238677352589288,4.602085461994529
660,Maize,16.59,0.06356229040849155,6.901187995384967
661,Cotton,87.34,0.04666995256539924,5.06712571745985
662,Cotton,98.62,0.03240369040569615,3.5181859841237944
663,Cotton,42.86,0.04237253540868764,4.600539578060797
664,Groundnut,3.58,0.03245222898983346,3.523455993936352
665,Cotton,57.34,0.034710488742262194,3.7686434312323533
666,Cotton,99.17,0.02309020062104262,2.5069866789394615
667,Cotton,79.24,0.05343568303733921,5.801705569961903
668,Groundnut,44.04,0.09955547179574112,10.809098011041296
669,Bajra,54.46,0.06120869443498755,6.645649559404341
670,Bajra,44.6,0.050805277961009296,5.516112967506807
671,Cotton,51.6,0.46022974229903596,49.968809372056725
672,Groundnut,8.13,0.07683801614115585,8.342581602624243
673,Cotton,8.03,0.09939451356306667,10.791622192974442
674,Bajra,64.87,0.03961458457251378,4.301098870683105
675,Groundnut,76.86,0.07863826674291285,8.538041328220762
676,Groundnut,81.1,0.15034688341856606,16.323705460008682
677,Groundnut,28.01,0.14606271691571723,15.858557992073186
678,Maize,40.98,0.04002718810153926,4.345896729650499
679,Cotton,94.57,0.05768041005441507,6.262570950137326
680,Cotton,63.92,0.05001474705110069,5.430282164519991
681,Cotton,79.97,0.07535846343974265,8.181941209147043
682,Cotton,21.84,0.0579599422657616,6.2929207743628295
683,Cotton,37.53,0.06310696145846946,6.851751282773617
684,Cotton,74.84,0.10090359835941949,10.955468992919473
685,Groundnut,10.98,0.06967084551994068,7.564415939711032
686,Groundnut,16.45,0.06972072981677666,7.569832058423404
687,Cotton,22.25,0.07330022242889797,7.95847053078784
688,Groundnut,34.96,0.023687064779417937,2.571790381546519
689,Rice,30.81,0.030075992859683622,3.2654594341805496
690,Rice,38.21,0.03298437055598983,3.581232530379619
691,Rice,10.76,0.022456318126052952,2.438163761502192
692,Bajra,8.67,0.07605089473545164,8.257120981852927
693,Cotton,36.27,0.0739033752269191,8.02395701376911
694,Cotton,96.66,0.026254830787879622,2.850582033619931
695,Groundnut,99.8,0.10978054263777501,11.919270971982582
696,Cotton,61.11,0.08233544605319572,8.939457471486442
697,Cotton,43.9,0.1080397612022052,11.730268029065687
698,Cotton,33.41,0.06872632139856438,7.461865536226471
699,Groundnut,12.39,0.0612515154195319,6.65029878872866
700,Bajra,27.75,0.055334287554549916,6.007843936247202
701,Bajra,23.0,0.052813496503327895,5.734152525352997
702,Groundnut,34.41,0.05999645635158845,6.514032481811041
703,Cotton,38.6,0.055201483412908106,5.9934249097749674
704,Bajra,7.44,0.018280582961897135,1.984789076581632
705,Cotton,96.25,0.07343244060343843,7.9728259366904
706,Bajra,61.58,0.057324847155534854,6.223966198899026
707,Cotton,42.26,0.02146745486745476,2.3307992973606764
708,Groundnut,23.09,0.028328414565222743,3.075718531685985
709,Groundnut,43.45,0.030880541031289066,3.3528121420189483
710,Cotton,88.16,0.06357548882758347,6.902620995530334
711,Cotton,63.4,0.05571856239741556,6.049566047194899
712,Cotton,27.42,0.07263589211864732,7.886341783812107
713,Cotton,76.18,0.0730983555876348,7.936553116977882
714,Rice,41.21,0.07474529952827598,8.115367783333996
715,Cotton,90.52,0.07136599456632871,7.7484644089235015
716,Groundnut,15.27,0.06369310925826584,6.915391471531443
717,Cotton,37.84,0.04456633393008424,4.838728226123311
718,Bajra,55.77,0.06582263367053105,7.146601646862704
719,Cotton,68.03,0.030702709182687183,3.333504294380335
720,Maize,87.08,0.09598069918225807,10.420972006017658
721,Cotton,62.74,0.0401153878587322,4.355472896614024
722,Cotton,93.61,0.028112742634608768,3.052302249344218
723,Cotton,94.58,0.02988816215915829,3.245065974988006
724,Cotton,22.7,0.03673433873391663,3.988380152126218
725,Groundnut,40.07,0.022608332738183256,2.4546685383064055
726,Cotton,29.95,0.048435927274019276,5.258863985243446
727,Groundnut,78.3,0.023906291417763438,2.5955926113764316
728,Bajra,7.06,0.026200503239815102,2.844683495034992
729,Cotton,16.87,0.02814728986221782,3.056053166923135
730,Cotton,71.96,0.021001996096163947,2.280262753379409
731,Groundnut,96.32,0.06656893950936353,7.227630773766985
732,Cotton,84.28,0.05526812257674677,6.000660165058413
733,Cotton,89.5,0.019683891239291144,2.137151336901976
734,Maize,80.98,0.062332434661688,6.76765810429152
735,Cotton,83.98,0.09476383662560174,10.288852832620025
736,Cotton,83.05,0.08373054111211502,9.090927992941229
737,Cotton,75.0,0.06369700593124464,6.915814547424561
738,Cotton,25.52,0.039417021207431346,4.2796487008627215
739,Cotton,60.71,0.023601700889965188,2.562522115010737
740,Cotton,26.15,0.06250399944433982,6.786285513890173
741,Rice,90.93,0.04635170690081497,5.032572633455204
742,Cotton,8.81,0.16685581232483085,18.116139641539654
743,Groundnut,88.83,0.06295007196978838,6.834717222972913
744,Bajra,59.07,0.13349700180093982,14.494252808194155
745,Rice,1.54,0.19233839926491766,20.882876364714548
746,Rice,3.69,0.228727710506118,24.833795632792867
747,Rice,79.67,0.06438803720794416,6.990842314997852
748,Groundnut,95.89,0.07391669055448039,8.025402707090262
749,Groundnut,28.27,0.07294128065990271,7.919498923388031
750,Groundnut,88.51,0.06723833323152066,7.3003092737053645
751,Groundnut,98.58,0.07429765106273514,8.066764968729785
752,Cotton,69.8,0.06384051225594796,6.931395548658778
753,Cotton,74.41,0.07934012324479221,8.614244429684295
754,Cotton,86.93,0.06901401617124217,7.493101599288064
755,Cotton,79.51,0.07059708270752642,7.66498086458655
756,Cotton,78.23,0.05464225434542612,5.932707385243136
757,Groundnut,81.97,0.05670759430033333,6.156948821660763
758,Cotton,89.23,0.12648629193027533,13.733074655430594
759,Groundnut,94.72,0.06523636393133975,7.082948218703295
760,Bajra,94.78,0.08611339517714356,9.349643085846884
761,Groundnut,96.79,0.08471237079039937,9.197528795803162
762,Bajra,34.52,0.048878887458096335,5.306957776155325
763,Maize,69.88,0.0413653280133692,4.4911834245810605
764,Groundnut,37.94,0.05655230252562173,6.140088231450211
765,Groundnut,63.51,0.05653564858435122,6.138280052751281
766,Cotton,43.58,0.09267339457464967,10.061885970753275
767,Groundnut,8.1,0.06663179491112349,7.234455212302526
768,Bajra,80.38,0.06303338947824617,6.843763306515201
769,Cotton,29.05,0.10515612809241048,11.417181542211347
770,Cotton,32.63,0.08824314171239743,9.580877377875217
771,Cotton,7.49,0.0915101668029521,9.935590120142058
772,Cotton,26.1,0.09593841978705503,10.416381579008934
773,Cotton,14.65,0.07382341917679097,8.015275895927754
774,Maize,25.0,0.067654913922579,7.345538947553884
775,Groundnut,45.02,0.07818454532590226,8.488779151288506
776,Bajra,26.27,0.06604816608855821,7.171088518022577
777,Bajra,17.1,0.07163209376553636,7.777355762387192
778,Bajra,52.45,0.046135382414340745,5.009085500761127
779,Bajra,3.48,0.04811068651364483,5.223551418363286
780,Bajra,10.61,0.060845386728322556,6.606203926344959
781,Groundnut,4.86,0.05385452455468156,5.847180709905344
782,Groundnut,42.46,0.0477784784425014,5.187482385327957
783,Cotton,54.94,0.05850525284441213,6.352127118170678
784,Maize,17.78,0.03317347103632414,3.60176385416323
785,Groundnut,7.91,0.0321430588040945,3.489888267527494
786,Groundnut,12.18,0.037141053664199064,4.032538664608551
787,Bajra,49.91,0.05742002698810861,6.23430021791784
788,Bajra,51.95,0.09720812696426095,10.554238284182308
789,Cotton,25.37,0.08003638653573933,8.689840255986827
790,Groundnut,34.27,0.06771154698532726,7.351687804215097
791,Groundnut,99.7,0.07697682894935062,8.357653011778366
792,Bajra,92.96,0.1203448496056515,13.066276027302791
793,Bajra,43.8,0.04859793761468134,5.2764540344836455
794,Bajra,51.32,0.07920485903974833,8.599558305221896
795,Maize,83.98,0.06207347899515916,6.739542350033758
796,Cotton,77.42,0.07553513867090152,8.201123478642362
797,Cotton,81.95,0.0785513396385156,8.528603337778874
798,Cotton,79.74,0.11104767903188045,12.056848557927278
799,Cotton,9.16,0.11696509607764988,12.699323950451754
800,Maize,23.76,0.0899956951552921,9.771158450247642
801,Groundnut,26.95,0.1130470985487948,12.27393277372867
802,Maize,66.15,0.08130188232864707,8.82723971591973
803,Bajra,90.71,0.08137595802861432,8.835282382854453
805,Bajra,98.71,0.18454403945791423,20.036614501177027
807,Groundnut,99.99,0.13623098410391943,14.791091165145453
808,Groundnut,99.02,0.07592770842446643,8.243746198076202
809,Maize,9.0,0.08723618398793681,9.47154833206444
810,Cotton,59.43,0.07878279320264951,8.553733089208922
811,Bajra,76.88,0.05255459470114246,5.706042619342011
812,Cotton,67.61,0.06881978541491197,7.472013262865539
813,Cotton,57.36,0.061640379673522434,6.692519188658038
814,Cotton,95.06,0.11327622387829246,12.298809740294944
815,Bajra,83.51,0.08757321120726463,9.508140597465758
816,Bajra,42.77,0.10419367212856098,11.31268421366767
817,Cotton,10.2,0.08701399080337169,9.447424013571155
818,Groundnut,25.0,0.1082063455848743,11.748354698606798
819,Bajra,79.95,0.08633840547707564,9.37407326875486
820,Groundnut,33.46,0.11134272163424781,12.088882401460909
821,Bajra,48.98,0.08782016821091955,9.534953613454432
822,Bajra,38.02,0.13102530351645264,14.225891576723527
829,Groundnut,95.83,0.09900320452746199,10.749136354253944
830,Cotton,43.67,0.060546652981370346,6.573769321880052
831,Bajra,85.08,0.07608252329131837,8.2605550086738
832,Cotton,13.83,0.05350955506653651,5.809726123623749
833,Cotton,31.49,0.08409785845414561,9.130808966629042
834,Cotton,27.89,0.05905609685326829,6.411934246529602
835,Maize,30.65,0.07084051968595406,7.691411698692131
836,Groundnut,45.81,0.07953517553421148,8.635421962928639
837,Bajra,94.51,0.15749210246912757,17.0994877614209
838,Bajra,13.95,0.07966548147056354,8.649569750207874
839,Cotton,36.86,0.05811975055323481,6.310271738715835
840,Cotton,27.55,0.05086298306473549,5.522378219538291
841,Cotton,79.22,0.08906080142099178,9.669653652754503
842,Cotton,53.67,0.11251853595559821,12.216544819337233
843,Bajra,59.79,0.0919113753359195,9.979150783132118
844,Groundnut,21.11,0.024210196584591677,2.6285886956202793
845,Cotton,74.43,0.024159064034540934,2.6230370495371096
846,Bajra,11.83,0.02389648811584478,2.594528231394505
847,Cotton,11.26,0.048831674292361064,5.301831671817322
848,Rice,37.28,0.020457492254170522,2.221143999891193
849,Groundnut,37.99,0.018551189721805625,2.014169832230126
850,Cotton,72.91,0.05767169453650878,6.261624674803919
851,Bajra,66.61,0.07673002833816676,8.33085697588649
852,Rice,20.37,0.07981369818639993,8.665662175661264
853,Rice,64.08,0.07202759629245568,7.820296903642154
854,Groundnut,89.67,0.0687409448402118,7.463453256229948
855,Bajra,91.04,0.1874780786314864,20.355173756869622
856,Bajra,55.88,0.07831004350618274,8.502404943084684
857,Cotton,28.05,0.09393063660627078,10.198389289940746
858,Bajra,55.52,0.0788914820480625,8.565533830660748
859,Bajra,81.84,0.056265408499858054,6.108939108380167
860,Bajra,26.58,0.07306631478780932,7.933074331337889
861,Cotton,72.47,0.05507176609010587,5.979341030399899
864,Bajra,36.36,0.05263636639909575,5.714920868641254
865,Bajra,62.39,0.07241320287410137,7.8621636062907285
866,Cotton,73.13,0.0687322264404338,7.462506668001294
867,Cotton,53.52,0.05772206116846455,6.267093162386529
868,Bajra,99.8,0.05769511954184671,6.264168012443124
869,Bajra,82.79,0.06830862306121918,7.416514515474175
870,Cotton,78.14,0.047500669546839895,5.1573196677256
871,Maize,36.87,0.11395913757677538,12.372956153011764
872,Groundnut,95.6,0.12181431209022604,13.225820889406434
873,Cotton,65.45,0.20803823359524823,22.587464218829
874,Maize,50.0,0.021133168253015783,2.2945045893544345
875,Cotton,79.92,0.07271493499447719,7.894923755013776
876,Groundnut,90.35,0.06988750819345782,7.5879397905967565
877,Groundnut,55.83,0.07164887800152604,7.779178087655511
878,Cotton,48.19,0.04335490326660377,4.70719881303382
879,Bajra,65.08,0.05477750470655225,5.9473920066212616
880,Bajra,64.14,0.05867812647432661,6.370896634055288
881,Groundnut,93.75,0.07476704092967305,8.117728325997895
882,Groundnut,30.86,0.08192236992735549,8.894608300971846
883,Groundnut,62.44,0.04926912340696453,5.349327105963759
884,Cotton,23.86,0.08161257659969741,8.860972917788757
885,Groundnut,65.2,0.10203509460221623,11.078319636554694
886,Groundnut,50.0,0.10374506748239265,11.2639775830709
887,Bajra,59.14,0.0921873546826728,10.009114859985674
888,Bajra,83.38,0.05336361890156594,5.793881305834538
889,Groundnut,24.74,0.10764939121936758,11.687884146703926
890,Bajra,24.04,0.06867691815730131,7.456501647459299
891,Bajra,13.43,0.06150409252198042,6.677721999190787
892,Groundnut,61.42,0.08093065747337803,8.78693448937256
893,Cotton,77.84,0.08943958220467173,9.7107792538053
894,Bajra,0.52,0.10538443608635095,11.441969767697033
895,Cotton,46.57,0.16560879633590753,17.980746600831026
896,Bajra,73.27,0.0583800583051494,6.338534293779122
897,Cotton,65.37,0.08351272615511694,9.067279034466164
898,Cotton,44.58,0.07488280153169416,8.130296873667787
899,Cotton,58.01,0.09647319255102332,10.474443794124829
900,Maize,10.79,0.07843607484079011,8.516088621376404
901,Cotton,30.79,0.16436319293910676,17.845506930363396
902,Cotton,43.74,0.09075789332244424,9.853913064775378
903,Groundnut,88.19,0.11542443123633614,12.532048390690528
904,Rice,37.15,0.16785949733117514,18.225113356495743
905,Cotton,62.88,0.0805573830031615,8.74640672870996
906,Cotton,70.02,0.08774817759179412,9.52713733129569
907,Bajra,18.73,0.06209079322154503,6.741422218278209
908,Cotton,52.31,0.06574952551692295,7.138664029939171
909,Cotton,53.82,0.05506821311180935,5.978955270682775
910,Cotton,56.58,0.09164191711570871,9.949894728596863
911,Cotton,48.36,0.0867192279562213,9.41542054407428
912,Cotton,89.49,0.16121981693350748,17.50421921691868
913,Bajra,26.75,0.05452555029982764,5.920036404488335
914,Groundnut,11.34,0.027704824482662954,3.0080130987296583
915,Bajra,58.23,0.09661323110563542,10.489648287005265
916,Cotton,29.35,0.05919660237730026,6.427189439970604
917,Groundnut,86.88,0.05371357591060131,5.831877405316395
918,Groundnut,68.97,0.12066316138314949,13.10083628942584
921,Bajra,26.61,0.06012037630323639,6.527486919610645
925,Maize,46.45,0.08676224815068831,9.420091402341136
926,Cotton,88.26,0.06969590890120762,7.567137161756548
927,Groundnut,71.32,0.06264683056548999,6.801793205830068
928,Bajra,84.86,0.06068611112688104,6.588910797642991
929,Cotton,70.83,0.10205280604365745,11.080242631875812
930,Groundnut,32.28,0.07827830468844114,8.498958944732857
931,Rice,97.77,0.06167907593989089,6.696720582396558
932,Cotton,50.67,0.08286179202928921,8.996604759733788
933,Cotton,57.88,0.11384118683733775,12.360149814193221
934,Cotton,56.45,0.06616220162083225,7.183469768624456
935,Rice,46.32,0.08748032392056536,9.498055488452643
936,Maize,54.42,0.1045096972105326,11.346996200978493
937,Cotton,45.62,0.03960380961661065,4.2999289947102355
938,Bajra,26.79,0.12369189717523497,13.429677099837239
939,Cotton,82.93,0.06597185980453121,7.162803668500711
940,Groundnut,33.03,0.058048956622781776,6.302585385378837
941,Cotton,88.58,0.10040431265139727,10.90125973594767
942,Groundnut,50.99,0.1590226085316646,17.265660345790725
943,Groundnut,43.33,0.09536746816743971,10.354391294550771
944,Cotton,58.27,0.11539653938230952,12.529020071117076
945,Cotton,40.85,0.06455812445153421,7.0093093028311735
946,Cotton,28.96,0.06187807995777366,6.718327169107324
947,Groundnut,59.97,0.049948424240253655,5.423081256826196
948,Bajra,39.95,0.061919085043511596,6.722779239723812
949,Cotton,75.17,0.07494801049405159,8.137376846798402
950,Groundnut,74.3,0.07954765385333376,8.636776779213198
951,Bajra,81.92,0.10874238566841621,11.8065545111971
952,Bajra,56.72,0.07247771560849196,7.86916798743031
953,Bajra,84.05,0.10579983948054168,11.487071618162263
954,Groundnut,79.12,0.1255085654971288,13.626919356748973
955,Groundnut,52.26,0.060846548058834826,6.606330016203245
956,Groundnut,21.3,0.0614673455846444,6.673732251162817
957,Cotton,73.72,0.07784282364611249,8.451677191318655
958,Bajra,27.06,0.062282641502738746,6.762251880749472
959,Cotton,31.27,0.08516876186923152,9.247080827584831
960,Groundnut,0.0,0.19647567656116247,21.33207553968023
966,Rice,1.37,0.10230145982171089,11.107239872804065
