farm_id,n,cv,pred_se,obs_half_sd,pred_half_sd,ratio
1,66,0.44100361083296136,0.054283791984698626,0.09454465000436074,0.10856758396939725,0.8708368239180007
2,55,0.4557491040598245,0.061453196654975895,0.11355788282715097,0.12290639330995179,0.9239379642422242
3,148,0.43900125137001483,0.03608568057550752,0.0683152300292765,0.07217136115101504,0.9465697880677383
5,165,0.47469751074253663,0.036955151090916794,0.058735047463726715,0.07391030218183359,0.7946801153542463
6,259,0.5198033812082831,0.032299010534802344,0.06720026082186567,0.06459802106960469,1.0402835831372768
7,46,0.465586993633149,0.06864705710154913,0.13344469447821503,0.13729411420309826,0.9719622378043912
8,283,0.4694332749056735,0.027904911708988633,0.06459863148993271,0.055809823417977265,1.1574777975220116
9,117,0.5997116642302205,0.055443362971177,0.09231742932876379,0.110886725942354,0.8325381468721177
10,92,0.4710757484898042,0.04911304183642473,0.07095439831260585,0.09822608367284946,0.7223580098024234
11,130,0.5249901732487988,0.04604468415052456,0.09079277516956444,0.09208936830104912,0.9859202733669972
12,127,0.4301280691863768,0.0381676942075116,0.05985165838999492,0.0763353884150232,0.7840617521272192
13,125,0.4920982006839667,0.04401460113338732,0.043776050288452655,0.08802920226677464,0.49729009420974035
14,67,0.5581723368996506,0.06819160425409071,0.13750699900475177,0.13638320850818142,1.008239947636244
20,79,0.411962818271161,0.046349438246826954,0.0970695352881953,0.09269887649365391,1.047148994247418
21,162,0.4401525678783153,0.03458165172260321,0.07086231980124205,0.06916330344520642,1.0245652863788042
22,108,0.5415065304746091,0.05210649018957597,0.10679647838385467,0.10421298037915194,1.024790558674201
24,58,0.5238437295845649,0.06878405150768233,0.13542188214579393,0.13756810301536465,0.984398848115751
25,16,0.3568973151661394,0.08922432879153484,0.1741040226724348,0.1784486575830697,0.9756533057212133
26,133,0.4514131358475396,0.03914248304675475,0.057044494864756184,0.0782849660935095,0.7286775189583389
27,154,0.42917804757445593,0.03458415263910738,0.07875551655396788,0.06916830527821476,1.1386069997983992
28,61,0.38027070265923246,0.048688674298378136,0.10578931487089906,0.09737734859675627,1.0863852466242134
29,162,0.4268160328257649,0.0335338345700265,0.05360834507036729,0.067067669140053,0.799317253122671
30,82,0.5308444909125613,0.058621967239899146,0.10873024498251886,0.11724393447979829,0.9273848192228112
31,172,0.45202755613637796,0.03446677803086942,0.06892108327027913,0.06893355606173884,0.9998190606698348
32,21,0.37809086456778374,0.08250619078348409,0.13277260969254864,0.16501238156696818,0.804622104303516
33,194,0.46821424806526574,0.033615823937952705,0.06926804338911266,0.06723164787590541,1.0302892399270949
34,135,0.4078041527498072,0.035098193158093975,0.08545543666661733,0.07019638631618795,1.2173765794965217
35,313,0.4777701090100911,0.02700516321851272,0.05509836523759192,0.05401032643702544,1.0201450143397135
36,289,0.45438434776045494,0.026728491044732645,0.05224784486932113,0.05345698208946529,0.977381117061181
37,151,0.4325543026979725,0.03520076993274166,0.06371692258931434,0.07040153986548332,0.9050501269014666
38,137,0.4390168562778783,0.03750774130277439,0.0744087593168782,0.07501548260554879,0.9919120257899172
39,188,0.6368038352075407,0.046443693004187284,0.08972110696538549,0.09288738600837457,0.965912712381597
40,158,0.42176500766825425,0.03355382240609123,0.04863536973583629,0.06710764481218245,0.7247366506745178
41,302,0.5127064497877405,0.029502940904813934,0.06218687119880931,0.05900588180962787,1.053909700043876
42,438,0.4904098210529402,0.023432687653171344,0.04387637135108512,0.04686537530634269,0.9362214868499508
43,194,0.5175134512266398,0.037155300450258895,0.060449859112269036,0.07431060090051779,0.8134755792541011
44,92,0.4328261452508464,0.045125245032781286,0.0742942743612253,0.09025049006556257,0.8232007860262491
45,116,0.47957273330020744,0.04452721044533756,0.0811747212473138,0.08905442089067513,0.9115181530062995
47,326,0.503198593582175,0.027869592495005473,0.0692756957246628,0.055739184990010945,1.242854479072088
48,161,0.46756254134463854,0.03684909044013094,0.0810649843142371,0.07369818088026188,1.0999590945934492
49,464,0.4650560284389029,0.02158968411805968,0.041596578713044355,0.04317936823611936,0.9633438471257898
53,47,0.49762115142573354,0.07258550502188713,0.15953127296675473,0.14517101004377425,1.0989196322230612
54,40,0.4353841093377279,0.0688402721275502,0.12762059926177904,0.1376805442551004,0.9269327046334023
55,52,0.45808053891963085,0.06352434120641949,0.14397069563807216,0.12704868241283898,1.1331931422180819
56,100,0.46975730537463545,0.046975730537463546,0.09378000338984191,0.09395146107492709,0.9981750397160035
58,13,0.4363377304291049,0.12101831234474782,0.29159585807934435,0.24203662468949563,1.2047592320105578
59,255,0.5175422031848568,0.032409749929608336,0.05679709896637515,0.06481949985921667,0.8762347609860366
60,71,0.37608715852339,0.04463333416178033,0.09455519320566465,0.08926666832356066,1.059244116324975
61,103,0.49839842347753543,0.04910865588433417,0.0799444266627319,0.09821731176866834,0.8139545383916162
62,136,0.5084906270743881,0.04360271155074232,0.08529485144658977,0.08720542310148464,0.9780911371455482
63,230,0.45595631722115587,0.030064869229708538,0.04702233431249357,0.060129738459417076,0.7820146156835525
64,305,0.5352529414701435,0.030648494272240256,0.05393862794297255,0.06129698854448051,0.8799555936395093
65,246,0.42687929124803886,0.027216829538873208,0.032216408498880966,0.054433659077746416,0.5918471961046559
66,136,0.39603874477148016,0.03396004219496201,0.05253548219965287,0.06792008438992402,0.7734896484823353
67,287,0.5467893312374082,0.032275953700856515,0.0659957545425514,0.06455190740171303,1.022367226608087
68,150,0.5066368086894869,0.04136672220671005,0.07697871665170779,0.0827334444134201,0.9304425459073616
69,309,0.4704187092018805,0.026761185361731082,0.033847947452617676,0.053522370723462165,0.6324074773799215
70,361,0.5097228084637837,0.026827516234935983,0.04047526449662171,0.053655032469871966,0.7543610102062491
71,147,0.46084948386503427,0.03801022479505395,0.052006795588755796,0.0760204495901079,0.6841158644702772
72,90,0.41460994499188525,0.043703725557715976,0.07751416346359381,0.08740745111543195,0.8868141385478353
73,85,0.4515687509713823,0.04897950794241036,0.0822058079166391,0.09795901588482071,0.8391857265419644
74,295,0.5903146076468873,0.03436944524001074,0.07329771548144222,0.06873889048002148,1.0663208988330375
75,389,0.5375702305504547,0.027255892633040433,0.046585805076180056,0.054511785266080866,0.854600612487505
76,434,0.5103951842038652,0.024499752846420888,0.04317761684854942,0.048999505692841776,0.8811847433566485
77,310,0.5034168641792182,0.028592156557013425,0.04984238410678983,0.05718431311402685,0.8716093871303998
78,108,0.44748914545675605,0.04305966309814895,0.07212522044659643,0.0861193261962979,0.8375033065423234
79,169,0.47598372422545593,0.03661413263272738,0.08179886475215474,0.07322826526545476,1.1170394991009454
80,446,0.4309780758387985,0.020407403357106117,0.030892202371401854,0.04081480671421223,0.7568871411718532
81,492,0.4587075256941202,0.020680132355590956,0.03135266888241525,0.04136026471118191,0.7580383999316845
82,347,0.471080310102458,0.025288916058364325,0.0512413831729212,0.05057783211672865,1.0131194048543073
83,134,0.42271769243410107,0.03651724674284325,0.0516630532027227,0.0730344934856865,0.707378811531674
84,37,0.509150944655114,0.08370389968686677,0.18668336119530618,0.16740779937373354,1.1151413607590674
85,410,0.46452999625954855,0.022941501291853964,0.05202169282775361,0.04588300258370793,1.1337900725404009
86,944,0.5093304581849712,0.016577294420116365,0.029989003816893206,0.03315458884023273,0.904520456019104
87,235,0.4703655264282054,0.03068326374856792,0.05416475923613261,0.06136652749713584,0.8826433797913797
88,68,0.3973934235314734,0.04819103118076704,0.09538445948150052,0.09638206236153408,0.9896494964354311
89,226,0.48926543773688114,0.032545452801738456,0.06012605933037105,0.06509090560347691,0.9237244246784507
90,101,0.5496750539618536,0.05469471212227269,0.0926329927861783,0.10938942424454538,0.8468185423400048
91,50,0.4510439901977641,0.06378725281645553,0.11292943380735615,0.12757450563291106,0.8852037736466302
92,54,0.43223492458383683,0.05881972301337605,0.0957949872190323,0.1176394460267521,0.8143100843678557
93,28,0.682337129751797,0.1289495968306333,0.24764955069475764,0.2578991936612666,0.96025717327379
94,68,0.4628719608521234,0.0561314701685314,0.11432976555827665,0.1122629403370628,1.018410574451447
95,69,0.4726918529540182,0.056905411964562454,0.13489099593242282,0.11381082392912491,1.1852211527475232
96,381,0.4195792391484016,0.021495695590869023,0.05420133056596415,0.042991391181738045,1.2607484679162437
97,178,0.44478868378682207,0.033338321340498286,0.07291535572098576,0.06667664268099657,1.0935666942595967
98,57,0.38786440585748666,0.05137389557120496,0.13051203284219867,0.10274779114240992,1.270217407022474
99,12,0.4542799069641773,0.13113931328660297,0.20660612713140666,0.26227862657320594,0.7877352791983595
100,329,0.4158290309088947,0.02292539657995955,0.041870436462379416,0.0458507931599191,0.9131889238282763
101,270,0.48651209113836336,0.029608182979498982,0.06289115839257096,0.059216365958997964,1.0620570407194097
102,274,0.5727180757070874,0.03459916427841964,0.06729598224577696,0.06919832855683929,0.9725087823544791
103,253,0.44239754944644116,0.027813295634573604,0.058988561843936714,0.05562659126914721,1.060438191485125
104,401,0.4887104065022328,0.02440503307640236,0.053575081366152355,0.04881006615280472,1.097623617194664
105,274,0.4610026866226568,0.0278501908073315,0.07239673122309091,0.055700381614663,1.2997528764512565
106,410,0.4176920232302745,0.0206283386814495,0.042373853402773436,0.041256677362899,1.0270786721394844
107,92,0.5006539177385451,0.05219677915131582,0.09867442298102198,0.10439355830263164,0.9452156300197166
108,492,0.49389587851968847,0.0222665458174299,0.0457439781578618,0.0445330916348598,1.027190713210087
109,105,0.4546825067375937,0.04437246914936396,0.0720243218752897,0.08874493829872793,0.8115879424339191
110,283,0.5710211287978966,0.03394368280832696,0.06352689709811002,0.06788736561665391,0.935769071624217
111,592,0.4820607298853875,0.019812573953209775,0.04370152454166283,0.03962514790641955,1.1028734743115718
112,120,0.4110858257259057,0.037526829970119344,0.04874295534030744,0.07505365994023869,0.6494414180350286
113,122,0.5520919357100814,0.049984055283570396,0.10627678449017648,0.09996811056714079,1.0631068636512706
114,925,0.5228498096576726,0.017191195844104036,0.03387793353508958,0.03438239168820807,0.9853280086594005
115,372,0.4258220071338548,0.022077842597548098,0.05345908550558952,0.044155685195096196,1.2106954125926808
116,468,0.43321722479790786,0.02002547330029572,0.04212908328156228,0.04005094660059144,1.0518873299474063
117,164,0.3925275488253713,0.030651251972485864,0.07428384906257922,0.06130250394497173,1.211758807262754
118,310,0.4550831034624668,0.02584698341773894,0.05272091335499497,0.05169396683547788,1.0198658873052917
119,150,0.45062079851756265,0.03679303412845116,0.05343520850753644,0.07358606825690232,0.726159309408738
120,351,0.4746007757143297,0.02533231533653262,0.04634954069818049,0.05066463067306524,0.9148303280304227
121,416,0.501092380329942,0.024568075244375303,0.04730597372508769,0.049136150488750606,0.9627529477694449
122,267,0.581169370659644,0.035566987881177126,0.0897405197370212,0.07113397576235425,1.2615704208187104
123,196,0.4374107485361977,0.031243624895442693,0.05775105136458844,0.06248724979088539,0.9242053628196678
124,240,0.5094790948455254,0.03288673415962581,0.052427414659427754,0.06577346831925163,0.7970906202627978
125,333,0.5116598339607095,0.028038786182655966,0.0577947483301589,0.05607757236531193,1.030621439060532
126,217,0.430026618524723,0.02919210901519234,0.05734625106567557,0.05838421803038468,0.9822217887003483
127,136,0.3948865848330128,0.03386124529530949,0.06226945122538886,0.06772249059061898,0.9194796393683506
128,61,0.4933778331186223,0.06317055838056143,0.12246477114859397,0.12634111676112286,0.9693184157944558
129,67,0.4394588581114158,0.05368844451292804,0.11033108054143355,0.10737688902585608,1.0275123589664261
130,375,0.4990113615770858,0.025768835906084548,0.05235179989644936,0.051537671812169096,1.0157967571225837
131,95,0.3885804411688966,0.03986751206829867,0.07330176396219627,0.07973502413659735,0.9193170097574688
132,56,0.4316615054079092,0.05768319501055225,0.10445950421496408,0.1153663900211045,0.9054587232542756
133,68,0.4636071479343582,0.056220624697785625,0.1154376149342704,0.11244124939557125,1.0266482768094995
134,162,0.42144608901222563,0.03311193193834378,0.06600666100470724,0.06622386387668756,0.9967201721665657
135,803,1.9756416344350807,0.06971887927001298,0.13457824746575092,0.13943775854002596,0.965149245619291
136,173,0.5629968837451003,0.04280386044301168,0.09005454905529292,0.08560772088602336,1.051944241982449
137,601,0.49385551488684415,0.020144786635568904,0.04367986890798601,0.04028957327113781,1.0841482140809098
138,273,0.44266495162724845,0.02679130164723144,0.05904897318783353,0.05358260329446288,1.1020176243272513
139,327,0.6382385675584498,0.03529467343440321,0.07097560961135087,0.07058934686880643,1.0054719693505922
140,65,0.38022995851968,0.04716172198785425,0.08737055309542453,0.0943234439757085,0.9262867152934473
141,134,0.4162744869990798,0.03596063856935834,0.05739261417673508,0.07192127713871668,0.7979921444670713
142,652,0.49161436966397404,0.019253104620177517,0.04476290084140153,0.038506209240355034,1.1624852647008785
143,199,0.406676743779824,0.028828550017950788,0.05009610442438876,0.057657100035901576,0.8688627141010425
144,859,0.4962104037223582,0.01693048049195194,0.027433266616692785,0.03386096098390388,0.8101738940526065
145,415,0.4689283606749585,0.023018787897144902,0.041911432724937955,0.046037575794289805,0.9103744496063664
146,210,0.5600885444065238,0.038649781467713286,0.08286059433227362,0.07729956293542657,1.0719413045257777
147,183,0.5322833011210334,0.03934751383625859,0.07210459070805132,0.07869502767251718,0.9162534513375938
148,71,0.4335773488284248,0.05145616449978927,0.10964449013011068,0.10291232899957854,1.0654164685220535
149,371,0.9990519039564933,0.05186819047110555,0.10261328483267257,0.1037363809422111,0.9891735560915299
150,240,0.49562719104139225,0.0319925976138479,0.07223018278022489,0.0639851952276958,1.1288577384688554
151,139,0.407858081813512,0.03459407098747288,0.0642258863909188,0.06918814197494576,0.928278814224786
152,85,0.4149100821964346,0.04500331704222441,0.08712119775889098,0.09000663408444882,0.9679419594465605
153,71,0.5047048763495411,0.059897449005263205,0.14219566549395657,0.11979489801052641,1.1869926670955704
154,213,0.492413253237015,0.0337396001687448,0.0965842791410042,0.0674792003374896,1.4313192607195824
155,129,0.459527572210465,0.04045914674343174,0.07422064104174876,0.08091829348686348,0.9172294402599823
156,268,0.4455488346858108,0.027216226783582396,0.04218548377494493,0.05443245356716479,0.7750061040862655
157,120,0.4357294850676634,0.03977647799027828,0.07923984317828336,0.07955295598055656,0.9960640959419569
158,125,0.3937340541297051,0.03521664440362409,0.0643725914137373,0.07043328880724818,0.9139512367497571
159,211,0.6423152547051755,0.0442188057196795,0.11311755354291766,0.088437611439359,1.279066131500866
160,209,0.5576587789472242,0.0385740643299689,0.061545231646052107,0.0771481286599378,0.7977540442664282
161,139,0.47872117562073596,0.040604600156488944,0.07699156696531587,0.08120920031297789,0.9480645871230429
162,71,0.47572221926465846,0.05645784042185712,0.09543331446535858,0.11291568084371424,0.8451732633791326
163,297,0.4697389977011497,0.027257021210265023,0.05419269778939841,0.05451404242053005,0.9941052870625016
164,290,1.0246646879964947,0.06017038230142667,0.11296587989265318,0.12034076460285334,0.9387166540403941
165,238,0.5195804089766355,0.033679395578341154,0.06888136152685512,0.06735879115668231,1.0226038850167483
166,403,0.4692209868205505,0.023373562214660575,0.04890217464920271,0.04674712442932115,1.0461001665062815
167,244,0.4722942918637173,0.030235543770173453,0.06264595017780189,0.060471087540346906,1.0359653303077094
168,234,0.5133710185296373,0.03356011334866184,0.06880193781236876,0.06712022669732368,1.025055206124805
169,402,0.48065317643511396,0.02397280154619077,0.05083966114329083,0.04794560309238154,1.0603612816243655
170,164,0.46113290657299083,0.03600843037506555,0.07401211479427941,0.0720168607501311,1.0277053737606117
171,76,0.4998044311322141,0.05733150017997777,0.10128720139556814,0.11466300035995554,0.8833468606054485
172,221,1.5104575833226768,0.10160437227865829,0.19825575118728578,0.20320874455731658,0.9756260815408277
173,341,0.649155036595617,0.03515371613605538,0.06813625077845067,0.07030743227211075,0.9691187485661977
174,304,0.807907662942211,0.04633668234838444,0.08129959527583068,0.09267336469676889,0.8772703520784677
175,38,0.4268874029270264,0.06925028116564268,0.12640011948027355,0.13850056233128535,0.9126325363064719
176,38,0.4442954638621768,0.07207424154967368,0.15933413696594104,0.14414848309934736,1.1053473025874834
177,114,0.4981149115636882,0.046652735870782065,0.09097236057441867,0.09330547174156413,0.974994915907958
178,68,0.8638164122414149,0.10475312672980712,0.17287376280355254,0.20950625345961424,0.825148461913939
179,76,0.5765896592729798,0.0661393699121439,0.12831344809672163,0.1322787398242878,0.9700232120986829
180,152,0.5072161738929213,0.04114066427470884,0.07010420444603647,0.08228132854941768,0.8520062288971465
181,86,0.6219631876164158,0.06706801535112858,0.13383229447696574,0.13413603070225716,0.9977356104567785
182,140,0.6125052411129727,0.05176614105701448,0.08212842812876713,0.10353228211402896,0.7932639603009239
183,98,0.4299519487596249,0.043431705507471684,0.07641486696357842,0.08686341101494337,0.8797129432371997
184,271,0.4800186287260771,0.029159055097597655,0.07592798288685612,0.05831811019519531,1.3019623343883946
185,119,0.473185175240226,0.0433768138958746,0.06936156197983666,0.0867536277917492,0.7995234752180977
186,230,0.8391148193849182,0.055329592683944766,0.11368495860761306,0.11065918536788953,1.027343172911171
187,65,0.44064287061046636,0.05465502150479612,0.10757761011799172,0.10931004300959224,0.9841512010799548
188,232,0.5110422746078038,0.033551569059634745,0.06698827834023845,0.06710313811926949,0.9982883098726785
189,143,0.4058710803417822,0.03394064480287614,0.07297994871445433,0.06788128960575228,1.0751114060783842
190,182,0.4773629201986319,0.03538449383965837,0.06449955297132325,0.07076898767931673,0.9114098574307313
191,41,0.41096130562434086,0.06418137309000647,0.13513270145589942,0.12836274618001295,1.0527408105338636
192,147,0.4245723395313938,0.03501813635984563,0.0741276412792023,0.07003627271969126,1.0584178512166984
193,363,0.4788378389037976,0.025132468653571473,0.04397131008915418,0.050264937307142946,0.8747909068396589
194,178,0.44161610527111367,0.03310052652716319,0.0632465549619035,0.06620105305432639,0.9553708293733886
195,70,0.3856981377385672,0.04609974487921331,0.06813170573725114,0.09219948975842662,0.7389596831366868
196,59,0.5335864074827465,0.0694670333043489,0.14867750830465895,0.1389340666086978,1.0701299683640813
197,53,0.33964863444300153,0.04665432797149281,0.09889110983172063,0.09330865594298562,1.0598278244640673
198,27,0.45775808202108886,0.08809558395953415,0.19174592789824785,0.1761911679190683,1.088283426251675
199,760,0.4675495411129242,0.016959804391363048,0.028851144701871025,0.033919608782726096,0.850574217606064
200,278,0.5376212518522342,0.03224437993767807,0.057695448242690954,0.06448875987535614,0.8946589817233995
201,322,0.49701425032817514,0.02769752130473644,0.05608466207965319,0.05539504260947288,1.0124491188686688
202,232,0.5489853147151625,0.03604265168381007,0.066884998148277,0.07208530336762015,0.9278590090295845
203,184,0.5743642769014183,0.04234269626591906,0.06824195421193682,0.08468539253183811,0.8058291066700877
204,313,0.4514777361734527,0.025519030439451793,0.04625737599882378,0.051038060878903585,0.9063309851950921
205,192,0.5009580359885185,0.03615353211633467,0.05971375176186568,0.07230706423266935,0.8258356551404028
206,247,0.5133664085983985,0.03266472236147583,0.06724489740411334,0.06532944472295166,1.0293198983901473
207,215,0.5689464100323027,0.03880182311040775,0.07916371123331815,0.0776036462208155,1.0201029859868131
208,119,0.5216423880350287,0.047818879309791784,0.11897221373099294,0.09563775861958357,1.243987891897659
209,38,0.41373030891378265,0.06711591867686321,0.15100745041142075,0.13423183735372643,1.1249749194260628
210,76,0.5105141731967879,0.05855999184763208,0.07568253441313487,0.11711998369526416,0.6461965928039585
211,37,0.41466892091171875,0.06817115066489186,0.12489762307423019,0.13634230132978373,0.916059226344792
212,122,0.41663560818191714,0.03772041561462831,0.07213332601214704,0.07544083122925661,0.9561576249463846
213,91,0.5254880267096251,0.055086113027862246,0.10739913333938271,0.11017222605572449,0.9748294754892293
214,165,0.44136190671835124,0.034359977837335305,0.055639112444979176,0.06871995567467061,0.8096500048454938
215,94,0.47681507733411893,0.04917972012989399,0.09474865577055792,0.09835944025978798,0.9632899040529997
216,747,0.5248656768859197,0.019203830872456966,0.04984118543648777,0.03840766174491393,1.2976886165971273
217,542,0.5280657278466796,0.022682365214982247,0.039791128974912965,0.045364730429964494,0.877138001213162
218,157,0.5079853663817802,0.04054164584107785,0.08366207447261945,0.0810832916821557,1.031804120638966
219,139,0.5006047513058463,0.04246074082028138,0.06552288160866149,0.08492148164056276,0.7715701650848785
220,207,0.48246567484497593,0.03353368249765044,0.07838472101855748,0.06706736499530087,1.1687460961683758
221,120,0.45211287717198606,0.04127207022760987,0.07809447525261091,0.08254414045521974,0.9460935061160063
222,75,0.49899226533822766,0.05761866374331338,0.1155158570409576,0.11523732748662675,1.0024170081032395
223,230,0.41242895519236406,0.027194759971687084,0.0662169402216919,0.05438951994337417,1.217457706753644
224,133,0.49681328588357476,0.04307917531816844,0.07688563514063813,0.08615835063633688,0.8923758936050474
225,124,0.46843698787410765,0.0420668833438209,0.06038031570446598,0.0841337666876418,0.7176704203513937
226,311,0.45067531428984087,0.025555452530766125,0.05181380584519435,0.05111090506153225,1.013752462078609
227,569,0.46575898216421235,0.019525632266513306,0.04331907495341976,0.03905126453302661,1.1092873808678783
228,137,0.5600225633884972,0.04784595655251327,0.09823359507981037,0.09569191310502655,1.0265610947917219
229,247,0.4674481840780965,0.029743015700958938,0.058427385742502926,0.059486031401917876,0.982203457946922
230,548,0.5670900140265671,0.024224884804915147,0.04707196436811996,0.048449769609830294,0.9715621920845877
231,281,0.46288830458213226,0.02761360117438911,0.04052150398678815,0.05522720234877822,0.7337236409492794
232,66,0.5583207940915398,0.06872453898949266,0.15966322203448713,0.1374490779789853,1.1616172649691994
233,478,0.4952239369846615,0.02265101564971366,0.04106227753998766,0.04530203129942732,0.9064113983892537
234,235,0.5080574016882562,0.03314201058438388,0.058815038927605146,0.06628402116876776,0.8873185104122513
235,320,0.5519981107988519,0.030857632479942335,0.060467100351444335,0.06171526495988467,0.9797754314228149
236,300,0.43683846134188986,0.025220880324812203,0.0463748650660491,0.050441760649624405,0.91937443239096
237,157,0.4998834368516121,0.03989504147138704,0.0876566464544855,0.07979008294277408,1.0985907423777634
238,55,0.6026369529435212,0.08125955015795785,0.15592089392787187,0.1625191003159157,0.9594004250871572
239,189,0.4181938256897454,0.030419124783911528,0.06681170888315974,0.060838249567823056,1.098185916882395
240,199,0.5662929834076376,0.04014344524657717,0.0691898740953623,0.08028689049315434,0.8617829594641204
241,400,0.4587156537519581,0.022935782687597904,0.06161683188720514,0.04587156537519581,1.3432467669944241
242,73,0.4490367771650794,0.05255577953265414,0.12863528306878816,0.10511155906530828,1.2237976889759958
243,79,0.4672406351086738,0.05256867853817601,0.10619138796117975,0.10513735707635202,1.010025274689588
244,263,0.4458790330598089,0.02749407901154986,0.05236571883162364,0.05498815802309972,0.9523090191460053
245,100,0.4073444272882957,0.04073444272882957,0.08442037882341807,0.08146888545765914,1.0362284735967437
246,436,1.6883686639878295,0.08085819427556305,0.15731046245470262,0.1617163885511261,0.9727552282369293
247,103,0.5344260434219399,0.05265856275971392,0.08513696167430429,0.10531712551942785,0.8083866821697396
248,163,0.5077421546399784,0.03976943485211645,0.06900137671511054,0.0795388697042329,0.8675176925658327
249,84,0.4958623500806314,0.054103017941028224,0.13178492384775153,0.10820603588205645,1.2179073262733315
250,139,0.44909782679395727,0.03809198050299676,0.07400829863342293,0.07618396100599352,0.9714419893132173
251,157,0.4792819699131659,0.03825086541495032,0.08187418677060498,0.07650173082990064,1.0702265933387813
252,341,0.44965235108631035,0.024350040004148976,0.04423171280441584,0.04870008000829795,0.9082472307412892
253,225,0.47354862221620814,0.03156990814774721,0.053503488427781,0.06313981629549442,0.847381122830396
254,757,0.46314750473406263,0.016833382381626738,0.035242674185151535,0.033666764763253476,1.0468090543590969
255,109,0.7894452695532609,0.07561514299216103,0.13655906203393933,0.15123028598432206,0.9029875275650561
256,90,0.685515691376715,0.07225969855118224,0.1239023791376295,0.14451939710236447,0.8573408249819107
257,69,0.39825751907399864,0.047944571181545326,0.09655508150042619,0.09588914236309065,1.0069448857391372
258,211,0.651153922704104,0.044827284718430296,0.07337818785086962,0.08965456943686059,0.8184545228622881
259,233,0.5109643653235844,0.03347438855903765,0.06305047225847045,0.0669487771180753,0.9417718287411054
260,625,0.48002150267366894,0.019200860106946757,0.04181848977319357,0.038401720213893514,1.0889743881333704
261,257,0.4370989957544786,0.027265486235314905,0.056836043241446976,0.05453097247062981,1.042270853908917
262,424,0.4964042086544452,0.024107519494035404,0.04605918610153444,0.04821503898807081,0.9552867127812599
263,266,0.528738187995805,0.03241901833482255,0.0509976380508799,0.0648380366696451,0.7865389001631384
264,184,0.483370536059625,0.03563454869213618,0.0641109869617406,0.07126909738427235,0.899562213003256
265,51,0.4636558898672273,0.06492481084233627,0.16789151651906306,0.12984962168467254,1.2929688538236304
266,182,0.532819777136455,0.03949522957059175,0.07650341425007826,0.0789904591411835,0.9685146165986955
267,744,0.49132563380893857,0.01801287168352968,0.037466251257494296,0.03602574336705936,1.0399855146848151
268,175,0.5387552464583363,0.04072606856171628,0.07811539286629554,0.08145213712343256,0.9590342945565624
269,216,0.4685382366781447,0.031879989023467566,0.059195749938998336,0.06375997804693513,0.9284154692685596
270,492,0.5485560006077101,0.02473081443312909,0.058009942523047225,0.04946162886625818,1.1728271763937106
271,141,0.4462862233976105,0.03758408003798193,0.07435022658013357,0.07516816007596386,0.989118617576861
272,304,0.5043683999962065,0.02892751165656269,0.06381378664694404,0.05785502331312538,1.1029947443209622
273,366,0.4515212846198601,0.023601395627945387,0.04227342495570905,0.047202791255890775,0.8955704489283448
274,365,0.4380103879900621,0.022926511541701975,0.04739677941840269,0.04585302308340395,1.0336674930285563
275,84,0.4454116558092595,0.04859839590860831,0.09584324696484581,0.09719679181721662,0.9860741818010185
276,550,0.43830939010515513,0.018689575191161954,0.040912921563854066,0.03737915038232391,1.094538563487554
277,136,0.5042668333256689,0.04324052422482277,0.10344769999511585,0.08648104844964553,1.1961892443446651
278,137,0.41595440346856744,0.03553738298643778,0.04845151182093111,0.07107476597287556,0.6816978031193488
279,457,0.47456328661233027,0.022199134221309265,0.0492887474786107,0.04439826844261853,1.1101502199869067
280,465,0.6049163387045939,0.028052323493815236,0.06807861923565989,0.05610464698763047,1.2134221119093638
281,216,0.410319919151114,0.027918734256118793,0.04966151715646825,0.05583746851223759,0.8893941376583756
282,171,0.43477460612031393,0.03324804511045875,0.06291191644286599,0.0664960902209175,0.9460994809447603
283,80,0.46563719987562124,0.05205982158872728,0.1352584862209121,0.10411964317745456,1.2990679000924599
284,116,0.5045784814586763,0.0468489358756661,0.0797600998466428,0.0936978717513322,0.8512477215952214
285,249,0.5177343318933713,0.0328100801449918,0.052955511592846186,0.0656201602899836,0.807000643686776
286,553,0.5361848582326673,0.022800899469821036,0.04672084922169925,0.04560179893964207,1.0245396082627867
287,538,0.4259454300943561,0.01836381146193285,0.03521728572970152,0.0367276229238657,0.9588773496914019
288,112,0.5628879165944534,0.0531879086897211,0.1040980626739272,0.1063758173794422,0.978587664361814
289,121,0.6116198482989611,0.05560180439081464,0.11687549773738326,0.11120360878162928,1.0510045403912374
290,436,0.5512444255794672,0.026399820020082423,0.036069303007076246,0.052799640040164846,0.6831353959920602
291,379,0.4612119870211888,0.023690868450677728,0.04606326358816716,0.047381736901355456,0.9721733857934918
292,410,0.4814813868005872,0.023778670798941453,0.04433155544552387,0.047557341597882906,0.9321705956646106
293,152,0.40573445515920825,0.03290940995882121,0.05490860203117974,0.06581881991764242,0.8342386280988571
294,209,0.5295547640187855,0.03663006896809799,0.06623790063111648,0.07326013793619598,0.9041465454078814
295,508,0.4706348473517097,0.020881044767779935,0.030456828892048624,0.04176208953555987,0.7292937022730875
296,256,0.5087963655298893,0.03179977284561808,0.06063110040164659,0.06359954569123616,0.9533259985220521
297,315,0.46700190109987894,0.026312576245391236,0.03379108934886081,0.05262515249078247,0.6421091008672986
298,141,0.47224010135141653,0.039769790855774305,0.08321405138034081,0.07953958171154861,1.0461967436806208
299,263,0.596828709054462,0.036802034781715315,0.07835793594608541,0.07360406956343063,1.0645870046432417
300,267,1.3954763376346488,0.08540176494983938,0.15471838689063072,0.17080352989967876,0.9058266359103022
301,177,0.5247898906864635,0.03944562368705191,0.07758227868683165,0.07889124737410382,0.983407935216628
302,169,0.477402249862363,0.03672324998941254,0.08312394883475964,0.07344649997882507,1.1317618791736108
303,38,0.47002091201207047,0.07624746030777517,0.13792916495872776,0.15249492061555034,0.9044836667475384
304,266,0.5145135350855099,0.03154684890584043,0.0585850932386053,0.06309369781168087,0.9285411264603219
305,162,0.5686430913490736,0.04467682066309015,0.09016996102212595,0.0893536413261803,1.0091358302116162
306,129,0.40886349955868734,0.035998423874991255,0.06437325757369391,0.07199684774998251,0.8941121672053975
307,129,0.41981480884960237,0.036962632894055096,0.09369703002568354,0.07392526578811019,1.2674561129647417
308,154,0.417260105978944,0.033623777536949694,0.05513883718888145,0.06724755507389939,0.819938169176389
309,186,0.45987318913444636,0.033719538231117854,0.061562555174915996,0.06743907646223571,0.9128617769460348
310,198,0.5111922911179302,0.03632885422060282,0.06697162365262177,0.07265770844120564,0.9217414791826936
311,101,0.5801238768830541,0.057724483242743985,0.10998272470000889,0.11544896648548797,0.9526523107838631
312,255,0.45343550732685206,0.028395232912859305,0.07680122334360956,0.05679046582571861,1.3523612146324164
313,209,0.46650310532080563,0.032268694538884,0.0650223057186028,0.064537389077768,1.007513731927557
314,445,1.2377864964297833,0.05867670729684664,0.12650375748185907,0.11735341459369328,1.0779725321146092
315,189,0.49963281424777983,0.036342939539274,0.07853249856434998,0.072685879078548,1.0804367995533743
316,87,0.5037617330474974,0.05400892685718329,0.10215061401037932,0.10801785371436658,0.9456826857576518
317,172,0.4207744501176946,0.032083751037718156,0.05441692375017351,0.06416750207543631,0.8480449135482964
318,234,0.4328894250545374,0.028298866994628816,0.0636393179440233,0.05659773398925763,1.1244145915117765
319,186,0.44109534265781397,0.03234267972506184,0.06321323711576958,0.06468535945012369,0.9772418002022668
320,319,0.509154164682792,0.028507160372787894,0.04095095756369781,0.05701432074557579,0.718257396180161
321,96,0.5086201947353688,0.05191083124902786,0.08575977177180603,0.10382166249805572,0.8260296522742744
322,88,0.4625416588948577,0.04930710651034803,0.09795444970491443,0.09861421302069606,0.9933096528829656
323,510,0.43200980880745526,0.01912971586896065,0.032411785847902025,0.0382594317379213,0.8471580568661895
324,579,0.8426127518041903,0.03501779092621896,0.062440701221807074,0.07003558185243793,0.8915568282614835
325,269,0.5029870229995977,0.030667660049060644,0.05743827878355174,0.06133532009812129,0.9364633410515304
326,276,0.5155667892947238,0.031033473875968172,0.048886347422684114,0.062066947751936344,0.7876389800585767
327,401,0.4579667911788881,0.0228697701909148,0.04922680125166929,0.0457395403818296,1.076241712110099
328,236,0.4432853343843259,0.028855417468632873,0.052998467719148526,0.05771083493726575,0.9183451907559512
329,260,0.46905336318028495,0.029089454705121125,0.05256321748957043,0.05817890941024225,0.9034754694167025
330,749,0.4386540379854353,0.016028069713668953,0.03480892312366099,0.032056139427337906,1.0858738371338463
331,320,0.45141260765504787,0.025234731915428223,0.05110723602125149,0.050469463830856445,1.012636793458565
332,204,0.690314528639954,0.048331684308485535,0.0863159490898658,0.09666336861697107,0.8929540768633156
333,267,0.4289381585296614,0.026250588995911563,0.05117725343312047,0.05250117799182313,0.9747829551765704
334,154,0.4517319856080036,0.03640160075877119,0.06471258523610467,0.07280320151754238,0.888870048118856
335,281,0.5059459344715993,0.030182204026335292,0.06164568400983964,0.060364408052670585,1.0212256857725017
336,159,0.6658425350487286,0.052804747825898314,0.09667492951032566,0.10560949565179663,0.915399973398898
337,112,0.471495446062323,0.044552131949299106,0.08533642308603359,0.08910426389859821,0.9577142479191291
338,261,0.490976861373007,0.030390704769922686,0.051418234160230475,0.06078140953984537,0.84595330298359
339,528,0.4497477295423606,0.01957275763253282,0.044118681886548314,0.03914551526506564,1.1270430747381384
340,262,0.4278662631125551,0.026433666013112075,0.047805334014132575,0.05286733202622415,0.904250927404836
341,473,0.582572884087739,0.026786729748951313,0.04886770100208858,0.053573459497902626,0.91216250471937
342,91,0.5884037908739683,0.06168147718428757,0.11391285455599888,0.12336295436857514,0.9233959671203892
343,125,0.4386444334353312,0.039233550844531284,0.0666198367640599,0.07846710168906257,0.8490161523749252
344,233,0.528004063433345,0.034590696298215526,0.07075410515781652,0.06918139259643105,1.0227331729293145
345,343,0.4810755449526096,0.02597563783223427,0.043787838712641705,0.05195127566446854,0.842863590019405
346,321,0.5066936290876809,0.028280880553011794,0.07793631786567676,0.05656176110602359,1.3778976527903208
347,396,0.5025963203672955,0.025256415388963286,0.04362370902552736,0.05051283077792657,0.8636163991147836
348,155,0.6579587757356744,0.05284852062919181,0.113123929152711,0.10569704125838363,1.0702658069318312
349,385,0.45294507171028686,0.023084218367266162,0.038240189052265595,0.046168436734532324,0.8282755873270302
350,134,0.4746609934785777,0.041004464512122314,0.08598231360177228,0.08200892902424463,1.0484506336664021
351,461,0.5225774280577696,0.024338857299675252,0.04146658813103437,0.048677714599350504,0.8518597981094956
352,106,0.34750952438139077,0.03375310880661418,0.07302315610266503,0.06750621761322836,1.0817248941578321
353,207,0.44114232732212805,0.030661511299115936,0.060682043141251106,0.06132302259823187,0.9895474908146611
354,45,0.5485791969309648,0.08177735835865875,0.17386540929618946,0.1635547167173175,1.0630412426239753
355,186,0.5063197548742439,0.03712516566531332,0.07759109237762556,0.07425033133062664,1.0449932139982374
356,1223,0.7749019131409707,0.02215815033616625,0.05376448167105527,0.0443163006723325,1.2131987746130048
357,610,0.4560450761656892,0.018464725408680802,0.031539847903639846,0.036929450817361605,0.8540567813917246
358,316,0.5176433766360322,0.029119715002384635,0.0663722547830661,0.05823943000476927,1.1396446492974062
359,371,0.4173500664540014,0.02166773583458122,0.04198078405410856,0.04333547166916244,0.9687395207003624
360,96,0.47039361729177026,0.04800934752611947,0.10517864656314911,0.09601869505223894,1.095397583834343
361,351,0.42650984245048007,0.022765411217097988,0.06049636440205061,0.045530822434195976,1.3286903501355325
362,276,0.5230285891640796,0.03148262144738201,0.06355080228921517,0.06296524289476402,1.0092997242213426
363,150,0.4457233541069355,0.0363931594667951,0.06811862069472137,0.0727863189335902,0.9358712144362239
364,111,0.4679289501457233,0.04441385044748857,0.11021931870241117,0.08882770089497714,1.2408214733906688
365,134,0.5391122053929519,0.04657220120845042,0.09554811744944522,0.09314440241690083,1.0258063283479528
366,180,0.4788774288739051,0.03569341612841241,0.05988024043944712,0.07138683225682482,0.8388135254975173
367,47,0.509648285822584,0.07433984287842775,0.1324872408606277,0.1486796857568555,0.8910917465704881
368,298,0.4784080835034772,0.027713436178813115,0.04920169864138906,0.05542687235762623,0.8876867221359526
369,62,0.7738094089948367,0.09827389321628661,0.16407694984572765,0.19654778643257323,0.8347941883436837
370,60,0.4344259732913527,0.05608415199057857,0.1019004622930844,0.11216830398115714,0.9084603999201272
371,229,0.5326141680952412,0.03519613491432492,0.06054144367277881,0.07039226982864984,0.8600581259867015
372,120,0.5401484149162453,0.04930857854171458,0.09181029317619155,0.09861715708342916,0.9309768795963255
373,584,0.4867653379035127,0.020142493000823426,0.03827495144937699,0.04028498600164685,0.9501046232909777
374,974,0.5161235871062531,0.01653766645800451,0.027876801241431794,0.03307533291600902,0.8428275328995692
375,236,0.6290237053021401,0.04094595558720415,0.07272588943745527,0.0818919111744083,0.8880717081149588
376,111,0.4789972154954638,0.045464403703070234,0.07889596233386352,0.09092880740614047,0.867667404692428
377,168,0.49352542776842084,0.038076313398070875,0.07255933570514693,0.07615262679614175,0.9528146139907432
378,323,0.43077428581439164,0.023968922430375798,0.03877382371454655,0.047937844860751595,0.808835353929147
379,36,0.38381204040312394,0.06396867340052066,0.11723296901974009,0.12793734680104132,0.9163310944852726
380,56,0.35404610883942494,0.04731140137134304,0.0922422960724842,0.09462280274268609,0.9748421458548914
381,122,0.46416043565380827,0.042023111325337946,0.06584452914765002,0.08404622265067589,0.783432343191934
382,47,0.46779737447561587,0.06823526005062311,0.12854790450156187,0.13647052010124622,0.9419463222254401
386,30,0.5526043368469862,0.10089128688875919,0.196465949473727,0.20178257377751838,0.973651717270425
387,16,0.5823088502235777,0.14557721255589443,0.3169387329597553,0.29115442511178885,1.0885588733129044
388,8,0.41764921581295467,0.14766129632929204,0.29604537115257595,0.29532259265858407,1.002447420251479
410,21,1.2456999427870534,0.27183401338208724,0.527927977879846,0.5436680267641745,0.9710484190545272
418,12,0.8057291252060544,0.2325939636658186,0.44548465540647897,0.4651879273316372,0.9576444899630605
419,44,0.452827763142598,0.06826635386363289,0.13942256879671985,0.13653270772726578,1.0211660716143327
420,24,0.4347734306633463,0.08874775490371001,0.13516790342766863,0.17749550980742002,0.7615285793670149
421,28,0.42018203026509787,0.07940693981854743,0.16491332547221796,0.15881387963709487,1.0384062517020611
422,66,0.4137435955582005,0.05092831606040892,0.07706342100737917,0.10185663212081784,0.7565871696598995
423,22,0.3450908041804915,0.07357360665901447,0.12141495176521652,0.14714721331802894,0.8251257297194114
424,21,0.36533146436254677,0.07972186139002059,0.10444334559507443,0.15944372278004118,0.6550483378963629
425,43,0.48308727915760274,0.07367011941740231,0.13455240389342701,0.14734023883480463,0.91320880811307
426,18,0.6061951152420146,0.14288155890326307,0.2942365109224558,0.28576311780652613,1.0296518080463641
427,43,0.40859951140694095,0.06231084132815929,0.14009388208474008,0.12462168265631858,1.1241533503530898
428,40,0.4697883411399288,0.07428005880971791,0.1103937115606758,0.14856011761943583,0.7430911696197608
429,18,0.3831352893282773,0.09030585373196492,0.22965460071401927,0.18061170746392985,1.2715377310736284
430,13,0.36157821213887287,0.10028375261210015,0.18058068263353202,0.2005675052242003,0.9003486503542714
431,27,0.626014486791637,0.12047654415525234,0.22530051097489318,0.2409530883105047,0.9350389013672206
432,21,0.5204652619864781,0.11357483141181231,0.3238814516325639,0.22714966282362462,1.425850461790246
433,28,0.4354926487814455,0.08230037474803577,0.15260682491221797,0.16460074949607154,0.9271332322570025
434,25,0.5189158212507265,0.1037831642501453,0.209729917203572,0.2075663285002906,1.0104236015490267
435,10,0.44470579733859894,0.14062832082712182,0.24365034232547567,0.28125664165424363,0.8662918709845139
436,21,0.5284922977899907,0.1153264742297036,0.22098849489833572,0.2306529484594072,0.9580995880363856
437,25,0.3889467970603669,0.07778935941207338,0.13246338445980507,0.15557871882414676,0.8514235459769447
438,28,0.42416355636786707,0.08015937752615025,0.16791233568316827,0.1603187550523005,1.047365516457451
439,18,0.4131756462084925,0.09738643375171964,0.20487659243434644,0.19477286750343928,1.0518743963695496
440,32,0.39144205878390226,0.06919783355193011,0.1482357213010295,0.13839566710386023,1.0711008834531266
441,11,0.2648909593820248,0.07986762932976807,0.1723491005443319,0.15973525865953614,1.0789671735010065
442,30,0.4713111316013933,0.08604924612712302,0.16006101013278504,0.17209849225424603,0.930054691567677
443,67,0.45325061544154543,0.05537337584264698,0.09983613063815659,0.11074675168529396,0.9014813447698964
444,44,1.0084272949381001,0.1520261348028518,0.30353203260408074,0.3040522696057036,0.9982889882640985
445,87,0.4715363235663553,0.05055400031268197,0.09100352827276818,0.10110800062536394,0.9000625836719299
446,71,1.2179926812928352,0.14454913739726885,0.2933819118380566,0.2890982747945377,1.0148172348885973
452,13,0.5803305046260452,0.16095472239577677,0.2916429167771416,0.32190944479155353,0.9059781298619229
453,21,1.3914824593621147,0.3036463665823907,0.6835043932859606,0.6072927331647814,1.125494108457412
454,80,0.4572068221289833,0.051117276702853084,0.08582657814929784,0.10223455340570617,0.8395065590858
455,21,0.38028717568817505,0.08298546516247773,0.1579370087970981,0.16597093032495547,0.9515944056460508
456,25,0.373262529991763,0.0746525059983526,0.170728091239676,0.1493050119967052,1.143485332183246
457,16,0.49096163693831757,0.12274040923457939,0.22149457053459867,0.24548081846915878,0.9022887079970623
458,19,0.4490545102019034,0.10302017000585532,0.22970854160561013,0.20604034001171065,1.1148716877119997
459,31,0.4425057478215777,0.07947637848607836,0.15361061473211246,0.15895275697215672,0.9663916352141031
460,10,0.22810332306190553,0.07213260427288345,0.13775312686713456,0.1442652085457669,0.9548603454410393
461,38,0.5642259277376394,0.09152953183642279,0.1450756955298363,0.18305906367284558,0.7925075798984127
463,16,0.7438323735555513,0.18595809338888783,0.2952829851497359,0.37191618677777566,0.7939503459314907
466,66,0.4075269382624646,0.050163098444969245,0.11152887547092147,0.10032619688993849,1.1116625460573646
467,80,0.44642085597950926,0.04991136902719131,0.09311386892480582,0.09982273805438262,0.9327921748056854
468,15,0.6311128110979906,0.162952627130711,0.3567499383357934,0.325905254261422,1.0946431015488618
469,63,0.6023618623204319,0.07589046128426624,0.1626597755272026,0.15178092256853248,1.071674705717763
470,35,0.4535486451112272,0.07666371342842154,0.13380719728384746,0.15332742685684309,0.8726892508851594
471,42,0.39584359516093987,0.06107999279437113,0.10082174809358806,0.12215998558874226,0.8253254746853814
472,45,0.5079870888859945,0.07572624416275411,0.20689312450875774,0.15145248832550823,1.3660595926565042
473,23,0.39922135210869975,0.08324340631401866,0.130871985642918,0.16648681262803733,0.7860801920408584
474,16,0.5918991080540725,0.14797477701351813,0.2796234675680565,0.29594955402703627,0.9448349009592077
475,16,0.4738385464009946,0.11845963660024865,0.2059805990695398,0.2369192732004973,0.8694125905714092
476,13,0.3802004454724157,0.10544863085423427,0.2027309266898186,0.21089726170846854,0.961278136318628
477,12,0.359241421871582,0.10370406581081089,0.20836246211386897,0.20740813162162178,1.0046012202356087
478,12,0.5794546043309037,0.16727413589680767,0.29121640435000024,0.33454827179361535,0.870476486961658
479,26,0.6257589816461472,0.12272143300844823,0.2769570368205596,0.24544286601689647,1.1283971757463658
480,18,0.5011865181727464,0.11813079521307461,0.20874193607460398,0.23626159042614922,0.883520405064964
481,60,0.41178572183611295,0.05316130809590884,0.10302141185961589,0.10632261619181768,0.968951061867721
484,45,0.5665413158301692,0.0844549929505624,0.1809316103543976,0.1689099859011248,1.0711717805737662
485,63,0.5680403972696841,0.07156636313399607,0.15150172484496943,0.14313272626799214,1.0584701961262706
486,38,0.380057601739792,0.06165348426577843,0.1530559273251274,0.12330696853155686,1.241259347690128
487,31,0.5477932767517285,0.09838657691923089,0.22315255125617547,0.19677315383846178,1.1340599411206749
488,16,0.29616168715470387,0.07404042178867597,0.15212275482522997,0.14808084357735193,1.0272953013383308
489,14,0.5259990041686111,0.1405791470988015,0.27780926865777944,0.281158294197603,0.9880884697021607
490,16,0.36863795383680414,0.09215948845920104,0.17610308437512853,0.18431897691840207,0.9554256827992773
491,38,0.43785555273662585,0.071029550014931,0.1270332205434901,0.142059100029862,0.894227969322533
492,21,0.49777819892999814,0.10862410837597632,0.2178819559797258,0.21724821675195263,1.0029171205050522
493,24,0.4412438123433319,0.09006851603346142,0.18050358445434084,0.18013703206692283,1.0020348530405554
494,35,0.519397674185556,0.0877942308468037,0.22121302559805683,0.1755884616936074,1.2598380523662307
495,21,0.3569457499409587,0.07789194848082011,0.11524594145559607,0.15578389696164022,0.739780835524829
496,36,0.5497972269226559,0.09163287115377598,0.21575934876119998,0.18326574230755197,1.1773032212377044
497,41,0.38482695012987034,0.06009987247790085,0.09236236323121302,0.1201997449558017,0.7684073145510859
498,36,0.38332686834459945,0.06388781139076657,0.11066670433911832,0.12777562278153315,0.8661018583202906
499,27,0.350775573879038,0.06750679066806935,0.14070304768818845,0.1350135813361387,1.0421399558158886
500,29,0.392981197779644,0.07297477641891391,0.1439676485582102,0.14594955283782782,0.9864206210907696
501,31,0.3989091503053338,0.07164619842183363,0.15782232657818962,0.14329239684366726,1.10140056314624
502,29,0.43880979125869013,0.08148493258318401,0.15800583719898562,0.16296986516636802,0.9695402093981309
503,48,0.5076430037883398,0.07327195622235706,0.12263968575453528,0.14654391244471413,0.8368801112827047
504,33,0.500391802311,0.08710703200574582,0.1670654344341495,0.17421406401149164,0.9589664036718035
505,18,0.29969905739897545,0.07063974526734397,0.1419884045588629,0.14127949053468794,1.0050178127164249
506,20,0.6246058891867026,0.13966612273681678,0.2880293807883647,0.27933224547363356,1.0311354505455836
507,26,0.32352037694892083,0.0634475659656708,0.15170138102033678,0.1268951319313416,1.195486215361019
508,52,0.4397151587751247,0.060977521213942364,0.10039411771023847,0.12195504242788473,0.8232059594387349
509,37,0.4539783417571866,0.07463357964344687,0.22526466729757785,0.14926715928689374,1.509137497985178
510,24,0.440045921284878,0.08982399754507354,0.2337878258406353,0.1796479950901471,1.301366184038519
511,92,0.45226262571352693,0.0471516382002851,0.08487800335762086,0.0943032764005702,0.9000535993795826
512,67,0.5730102510406265,0.0700043439801003,0.14571765150958849,0.1400086879602006,1.0407757806502032
513,46,0.6147408372428634,0.09063859157138703,0.2143306147518984,0.18127718314277405,1.1823364145232302
514,42,0.44343568018074203,0.0684236109446073,0.12152752719295046,0.1368472218892146,0.8880525707078928
515,17,0.4313969687767881,0.10462913346105773,0.231789185152294,0.20925826692211547,1.1076703853165542
516,73,0.4573105964887138,0.05352415683798583,0.09597752092341694,0.10704831367597166,0.896581343765346
517,14,0.36251187143039015,0.0968853729664832,0.1468479061438435,0.1937707459329664,0.7578435301820249
518,10,0.5290009798700513,0.16728479808502458,0.3643518859725064,0.33456959617004917,1.08901672519974
519,159,0.44483982956805823,0.035278093222953756,0.06316541117970029,0.07055618644590751,0.8952497911451971
520,273,0.4204814125976025,0.025448692787953968,0.04925700687078271,0.050897385575907936,0.9677708651129284
521,63,0.4169790822758669,0.05253442636275641,0.07859285954732403,0.10506885272551282,0.7480129220849493
522,65,0.43326762192343155,0.05374023449137035,0.11811008098115115,0.1074804689827407,1.0988980798001295
523,24,0.5353683978759131,0.10928161660060938,0.2324477525301189,0.21856323320121876,1.0635263265716675
524,254,0.4673650583879445,0.02932509190042502,0.05060548725573864,0.05865018380085004,0.8628359533803405
525,67,0.44234572918019405,0.05404113194732897,0.09116619660621987,0.10808226389465794,0.8434889622137702
526,61,0.39737130283138383,0.05087818178940034,0.1069022066621098,0.10175636357880068,1.0505702336672453
527,879,0.49632484216952627,0.016740621436843406,0.02953815954019477,0.03348124287368681,0.8822300788424152
528,316,0.47240606506338223,0.02657491740634417,0.053275092313601446,0.05314983481268834,1.002356686551417
529,147,0.4306820842303528,0.035522059609363325,0.07847720419455596,0.07104411921872665,1.104626323157653
530,104,0.4773324649785332,0.04680629910378626,0.07830627000030915,0.09361259820757252,0.8364928599319102
531,18,0.5293844113612628,0.12477710237599925,0.23662337349659934,0.2495542047519985,0.9481842781681458
532,25,0.3481150634123709,0.06962301268247419,0.15121919504907588,0.13924602536494837,1.085985719540268
533,60,0.40048412240213654,0.051702277882798915,0.07293440760028436,0.10340455576559783,0.7053306990227336
534,45,0.4739851117346748,0.07065752867743773,0.14955419305386067,0.14131505735487546,1.0583033107243116
535,35,0.6111703705373627,0.10330664780473121,0.27905160359376424,0.20661329560946243,1.3505984828838107
540,15,0.5543758529722018,0.14313922974005794,0.24921914736175801,0.2862784594801159,0.8705480245155088
541,15,0.4940173711852995,0.12755473675585552,0.2723259280974024,0.25510947351171104,1.0674865356770102
542,17,0.3322076162819598,0.0805721818567754,0.17320962419678956,0.1611443637135508,1.0748723703714882
543,19,0.3600480772220023,0.08260069386457035,0.20001966813195762,0.1652013877291407,1.2107626387491608
544,346,0.45528928038001315,0.024476503350532777,0.04193959031710282,0.04895300670106555,0.8567316523213666
545,408,0.47406661005073814,0.02346979445745098,0.045143988089568925,0.04693958891490196,0.9617465583563519
546,402,0.45003385675507307,0.022445648683885523,0.044875368873754214,0.044891297367771046,0.9996451763492968
547,208,0.4398523514418576,0.030498273206865857,0.057245039404401885,0.060996546413731714,0.9384964029949525
548,230,0.40579288016494447,0.026757190142380094,0.05497400581118058,0.05351438028476019,1.027275388758189
549,73,0.549890046305379,0.06435976185131492,0.12526956529071864,0.12871952370262985,0.9731978621993556
550,124,0.4468460213106523,0.040127957308481205,0.0932771709230616,0.08025591461696241,1.16224668758989
551,36,0.4849688529859073,0.08082814216431788,0.15001081345477088,0.16165628432863577,0.9279615331861119
552,62,0.39653353316105866,0.0503598090712887,0.12233697181852017,0.1007196181425774,1.2146290273394555
553,26,0.3440969712068853,0.06748296810584935,0.1308426333598508,0.1349659362116987,0.9694493072283042
554,128,0.4808798721406271,0.04250417731584467,0.0634727048867569,0.08500835463168933,0.7466643150753984
555,379,0.40635969098966473,0.020873295260758082,0.03610042998829728,0.041746590521516164,0.8647515770106099
556,124,0.5348848024497199,0.04803407324675689,0.1293187890443171,0.09606814649351378,1.3461151668315814
557,82,0.5322915928389236,0.05878177291401319,0.1299945334999384,0.11756354582802638,1.1057384547595752
558,307,0.41291194146098514,0.023566129244331182,0.04929840910810802,0.047132258488662364,1.0459589819988515
559,110,0.44025306329204594,0.04197648256497378,0.09396290077029763,0.08395296512994756,1.119232663490278
560,208,0.4657785573120839,0.03229593214231463,0.05198690929371648,0.06459186428462926,0.8048522808481261
561,130,0.4991162567779446,0.043775391557360266,0.07568526764757684,0.08755078311472053,0.8644727660334467
562,57,0.553841287466667,0.07335807059281631,0.14417336719755103,0.14671614118563261,0.9826687509122507
563,56,0.517884890542933,0.06920527950709211,0.13275977933334662,0.13841055901418423,0.9591737818192143
564,139,0.658084781129783,0.05581802261451486,0.08927657778973463,0.11163604522902972,0.7997110396250336
565,24,0.5214973377325025,0.10645019830537499,0.16460233756288023,0.21290039661074997,0.7731424656001273
566,72,0.5059450992099745,0.05962620175991226,0.09971084757853778,0.11925240351982452,0.836132812719048
567,112,0.548002437160512,0.051781363092286266,0.1183131176050294,0.10356272618457253,1.1424295396991413
568,28,0.6438012958155569,0.12166700874779228,0.208103904937812,0.24333401749558456,0.8552191225856376
569,161,0.4488484981909895,0.035374217224911096,0.08002475406853012,0.07074843444982219,1.1311169595602442
570,535,0.4535762160737578,0.019609809856140796,0.04134009611874729,0.03921961971228159,1.0540667253283353
571,201,0.4136483004758962,0.02917650152480335,0.06267673189676548,0.0583530030496067,1.0740960811131368
572,185,0.491265535669576,0.036118560515501934,0.0893370340451815,0.07223712103100387,1.2367191932640618
573,414,0.46628332242405396,0.022916575060202376,0.04041391782305301,0.04583315012040475,0.8817617317789571
574,223,0.49862866432079195,0.033390645079790844,0.06315881927519533,0.06678129015958169,0.9457562009399633
575,252,0.5457354746247318,0.03437810351149621,0.0723401891655172,0.06875620702299241,1.0521259432086805
576,35,0.5405182049521323,0.09136425213470299,0.18134233064005426,0.18272850426940598,0.992414026290567
577,28,0.5107663320100233,0.09652576375451222,0.17430940873581507,0.19305152750902443,0.9029164958441821
578,80,0.40985672427093195,0.04582337482525958,0.10564894684930975,0.09164674965051917,1.1527844386427868
579,133,0.4120035250648867,0.03572523640628439,0.0707234016003435,0.07145047281256878,0.9898241231498558
580,26,0.40450649532898864,0.07933025050221315,0.14431426089982452,0.1586605010044263,0.9095790066602554
581,91,0.4972003008879309,0.05212075362343933,0.13380653588679636,0.10424150724687865,1.2836205022429104
582,87,0.3930148714191629,0.042135617002614874,0.10233744420613088,0.08427123400522975,1.21438169755269
583,211,0.45302563389360645,0.031187570814227194,0.06989238941098427,0.06237514162845439,1.120516724872664
584,265,0.5216208697992339,0.032042915315634767,0.06908373314451688,0.06408583063126953,1.0779876372673356
585,88,0.4883502566524145,0.052058312275370486,0.1296350749533064,0.10411662455074097,1.2450948684965202
586,27,0.5032114746395904,0.096843093447492,0.17256892934462834,0.193686186894984,0.8909717936581333
587,36,0.6647538602312338,0.11079231003853897,0.2144531467584512,0.22158462007707794,0.9678160275016107
588,39,0.5321461464146594,0.085211579979871,0.21722181622697234,0.170423159959742,1.274602678874663
590,29,0.5522350383040333,0.10254747219108466,0.21714577355151365,0.20509494438216933,1.0587573194729223
591,36,0.6334377653010074,0.10557296088350122,0.21067405213302023,0.21114592176700245,0.9977651965520654
592,214,0.4524514759343517,0.030928946161026094,0.05981181294248972,0.06185789232205219,0.9669229050205926
593,340,0.5440284073316565,0.02950408286720265,0.06732749954572087,0.0590081657344053,1.1409861450152634
594,468,0.4695098824137399,0.021703101992048814,0.04747853828851917,0.04340620398409763,1.093819176307458
595,359,0.552187634118902,0.029143348681139967,0.052465856471016606,0.058286697362279934,0.9001343161530667
596,149,0.544334415103191,0.04459361282895958,0.10244920995328,0.08918722565791916,1.148698249076921
597,150,1.1921602180429003,0.09733947419500805,0.1841421989627622,0.1946789483900161,0.9458762772534359
598,42,0.46485492856016997,0.07172867272322314,0.14958501584296727,0.14345734544644628,1.0427142324253342
599,124,0.48174790058639866,0.043262238592792435,0.07584911659203075,0.08652447718558487,0.8766203398067726
600,66,0.4683853156065967,0.057654246850841306,0.12025295419439437,0.11530849370168261,1.042880279968826
601,30,0.4738369777090654,0.08651040042377589,0.13499373411094587,0.17302080084755178,0.7802167915630476
602,9,0.41018631244149895,0.13672877081383297,0.23934759069633255,0.27345754162766595,0.87526417911788
603,10,0.25282768011874746,0.07995113247117121,0.13599558424623764,0.15990226494234241,0.8504919195189321
604,63,0.48528300420527654,0.061139911648260645,0.12435428167141967,0.12227982329652129,1.0169648460307956
605,57,0.6001584288119862,0.07949292583267933,0.13103035111099612,0.15898585166535867,0.8241635953040357
606,78,0.42431002371393683,0.04804364952086394,0.05832103011245971,0.09608729904172789,0.6069587832532644
607,37,0.5664445336092178,0.09312290769001083,0.22614839165382009,0.18624581538002166,1.2142468339080799
608,44,0.4812568070683896,0.07255219349319576,0.12591534553738998,0.14510438698639153,0.8677569862115804
609,15,0.5089084307562768,0.13139959180424068,0.2671258044557145,0.26279918360848137,1.0164636007913896
610,13,0.48975163997463045,0.13583266539777764,0.22223596087989406,0.27166533079555527,0.8180505043801124
612,24,0.4766906088668221,0.09730406307502905,0.17850951272622953,0.1946081261500581,0.9172767666884821
613,95,0.537319325274091,0.05512779958882188,0.12254265413890769,0.11025559917764376,1.111441550841033
614,84,0.5164886578624738,0.05635353262478417,0.10287757676000393,0.11270706524956833,0.9127872909493396
615,306,0.4688368323369478,0.026801617802827395,0.0508598009202112,0.05360323560565479,0.9488196066068413
616,675,0.4552066134352879,0.01752091072025076,0.03568160998318567,0.03504182144050152,1.0182578563665836
617,118,0.4590022628782765,0.04225458327636352,0.07994423500861329,0.08450916655272704,0.9459830012491534
618,177,0.4927645920087507,0.0370384548323812,0.06833600762271874,0.0740769096647624,0.9225007891389597
619,66,0.49222427402011304,0.06058861978535535,0.1039268760005541,0.1211772395707107,0.8576435341218475
620,55,0.38762434117743727,0.052267255501846605,0.08225100475964771,0.10453451100369321,0.7868311045788675
621,81,0.48119501463583075,0.053466112737314525,0.08687537109321129,0.10693222547462905,0.8124339571874291
622,112,0.4423055499418444,0.041793946023206414,0.07920957691468869,0.08358789204641283,0.9476202231623087
623,111,0.42611255075033944,0.04044481346351772,0.06242245916215228,0.08088962692703544,0.7716991848467661
624,408,0.43427929979609614,0.02150002908293676,0.04372178270980997,0.04300005816587352,1.01678426901546
625,43,0.513786562163756,0.0783517161860767,0.14235748629156544,0.1567034323721534,0.9084516154916256
626,49,0.48888415117174083,0.06984059302453441,0.1561924582691536,0.13968118604906882,1.1182068443654574
627,103,0.39594324108018364,0.039013446792756805,0.07824411077292547,0.07802689358551361,1.002783875884714
628,67,0.6493870672859938,0.07933525718250045,0.17660899405240224,0.1586705143650009,1.1130549034846902
629,96,0.4125248168430915,0.04210313781252758,0.07148417788261824,0.08420627562505516,0.8489174631225286
630,50,0.4990920062103441,0.07058226840546655,0.1333107683003691,0.1411645368109331,0.9443644367913532
631,241,0.5173109639090209,0.033322928531179685,0.07611905355999737,0.06664585706235937,1.142142316344947
632,82,0.4110207048027353,0.04538964367972506,0.10462581295636932,0.09077928735945012,1.15252956924075
633,126,0.4370286065879153,0.038933602715980856,0.07943482491757556,0.07786720543196171,1.020131960263857
634,69,0.4567802077595359,0.05498987498382662,0.09322521413647873,0.10997974996765324,0.8476579930750682
636,9,0.5539969850435513,0.18466566168118378,0.3977902545131154,0.36933132336236757,1.0770552870838563
637,14,0.42825759420454945,0.11445665648553496,0.15848546036048855,0.22891331297106993,0.6923383280050556
638,24,0.31248506571115514,0.0637857469360335,0.13844106103637166,0.127571493872067,1.0852037303506457
639,37,0.44360968201301926,0.07292898248179194,0.12622890282927668,0.14585796496358389,0.865423447124002
640,70,0.5212108004832253,0.06229660602316315,0.13045840151773033,0.1245932120463263,1.0470747111746603
641,85,0.4852907901270775,0.05263717663872215,0.09966170248549715,0.1052743532774443,0.9466854878019972
643,48,0.4304435577863383,0.06212917598972067,0.13370175115801125,0.12425835197944134,1.0759981041767908
644,39,0.42641208428555255,0.06828057981682474,0.12592851255888096,0.13656115963364948,0.9221400352538558
645,265,0.4876173809968318,0.029954097602971408,0.06418857210534867,0.059908195205942816,1.071448937573423
646,35,0.3953101226954233,0.06681960642665778,0.13918960159184157,0.13363921285331556,1.0415326356689798
647,30,0.8278068330908948,0.1511361585802657,0.3073807322426158,0.3022723171605314,1.016900042749768
648,22,0.5129325485162235,0.10935758678576775,0.2069495831356728,0.2187151735715355,0.9462058793464803
649,33,0.3981491799387384,0.06930887596441894,0.14399694351508233,0.13861775192883788,1.0388059358299646
650,45,0.4507412483579302,0.06719253810609649,0.0870851289462705,0.13438507621219298,0.6480267854204568
651,66,0.4912718945371307,0.06047138997481692,0.12238329574632935,0.12094277994963384,1.011910721725558
652,21,0.4473320836285885,0.0976158635243011,0.1763518666708389,0.1952317270486022,0.9032951218371222
653,124,0.5174627056354585,0.04646952276662432,0.09714380069121407,0.09293904553324864,1.045242073811283
654,92,0.4592647797852796,0.04788166322698953,0.09160740579937708,0.09576332645397906,0.9566021690297153
655,257,0.4792120476770335,0.02989242623900801,0.05850447911535327,0.05978485247801602,0.9785836493761765
656,51,0.32277431457155437,0.04519744443303394,0.08230619038126545,0.09039488886606788,0.9105181876290935
657,70,0.3770002239924209,0.04506014534412161,0.09235194692856509,0.09012029068824322,1.0247630830224674
658,137,0.481553885364673,0.04114192495645676,0.06905018856463244,0.08228384991291351,0.8391706104869042
659,155,0.5277110746800532,0.04238677352589288,0.06905447655506992,0.08477354705178576,0.8145757604419513
660,55,0.4713905619637902,0.06356229040849155,0.1251789987792198,0.1271245808169831,0.9846954693949844
661,97,0.4596457264331864,0.04666995256539924,0.10281419691708492,0.09333990513079848,1.1015031220892069
662,257,0.5194706748608708,0.03240369040569615,0.06566550589130078,0.0648073808113923,1.0132411627991242
663,102,0.4279416306109628,0.04237253540868764,0.07051283746714435,0.08474507081737528,0.8320582753314202
664,246,0.5089933230765532,0.03245222898983346,0.06600747921039546,0.06490445797966692,1.0169945372793052
665,173,0.4565451992625932,0.034710488742262194,0.044414499002638795,0.06942097748452439,0.63978498448167
666,447,0.48818166908420335,0.02309020062104262,0.04923417359618059,0.04618040124208524,1.066127020813158
667,74,0.4596711263537842,0.05343568303733921,0.10056705271629617,0.10687136607467843,0.941010266922414
668,23,0.47745126995628556,0.09955547179574112,0.12985097036447232,0.19911094359148224,0.6521538596637297
669,27,0.3180497058790705,0.06120869443498755,0.11797775460958962,0.1224173888699751,0.9637336304803805
670,72,0.43109707879556547,0.050805277961009296,0.10417255671495375,0.10161055592201859,1.0252139235898028
671,21,2.109037631155352,0.46022974229903596,0.893137002914758,0.9204594845980719,0.9703164754771965
672,17,0.31681125661290027,0.07683801614115585,0.1462711496144605,0.1536760322823117,0.9518149801379047
673,14,0.3719002158780511,0.09939451356306667,0.23132458776183898,0.19878902712613333,1.1636687955369969
674,100,0.3961458457251378,0.03961458457251378,0.07220299548144803,0.07922916914502756,0.9113183472779041
675,39,0.4910958184070101,0.07863826674291285,0.17375903604693937,0.1572765334858257,1.1047995031159503
676,13,0.5420833972718465,0.15034688341856606,0.25642130837975713,0.3006937668371321,0.8527656262281129
677,11,0.48443522786933074,0.14606271691571723,0.3332645077509529,0.29212543383143447,1.1408267447991434
678,144,0.4803262572184711,0.04002718810153926,0.08103916519160509,0.08005437620307852,1.0123015009951286
679,33,0.3313487290355894,0.05768041005441507,0.1140120629047763,0.11536082010883014,0.9883083597812374
680,74,0.43024312228242917,0.05001474705110069,0.11735935688320087,0.10002949410220138,1.1732475300064333
681,64,0.6028677075179412,0.07535846343974265,0.1624794238461248,0.1507169268794853,1.0780436359085592
682,41,0.37112471112210665,0.0579599422657616,0.13965606783297713,0.1159198845315232,1.2047636900034966
683,54,0.46373956437220293,0.06310696145846946,0.08745194686750399,0.12621392291693892,0.6928866867172483
684,26,0.5145094170264088,0.10090359835941949,0.13596360222803586,0.20180719671883898,0.6737301961409361
685,56,0.5213688675649444,0.06967084551994068,0.12790614332994737,0.13934169103988137,0.9179316138293385
686,48,0.483039385533758,0.06972072981677666,0.15026313643599193,0.1394414596335533,1.0776073115619813
687,47,0.5025210071050942,0.07330022242889797,0.15022429320012645,0.14660044485779594,1.0247192179112805
688,356,0.44692664440566265,0.023687064779417937,0.049137285912301217,0.047374129558835874,1.0372177044704454
689,217,0.44304704060582056,0.030075992859683622,0.06666570427132237,0.060151985719367244,1.1082876728682607
690,247,0.5183900743077433,0.03298437055598983,0.05113086128023635,0.06596874111197966,0.7750771110432967
691,572,0.5370770149627507,0.022456318126052952,0.0438412631925578,0.044912636252105904,0.9761453980671672
692,41,0.48696332735902464,0.07605089473545164,0.17020990774111586,0.15210178947090328,1.119052631354325
693,38,0.45557100111549065,0.0739033752269191,0.13732636089442274,0.1478067504538382,0.9290939721816791
694,466,0.5667639024322997,0.026254830787879622,0.0456529965512733,0.052509661575759245,0.8694208871524839
695,24,0.5378126262968024,0.10978054263777501,0.20972642222075116,0.21956108527555002,0.955207622323162
696,28,0.43567822868466094,0.08233544605319572,0.13957226128759798,0.16467089210639144,0.8475830761724568
697,22,0.5067513986303832,0.1080397612022052,0.22957847992805844,0.2160795224044104,1.0624721740100094
698,33,0.3948026587401602,0.06872632139856438,0.11177381748202447,0.13745264279712877,0.8131805631921928
699,65,0.4938255047861491,0.0612515154195319,0.14414887342079916,0.1225030308390638,1.176696384028018
700,54,0.4066223093672547,0.055334287554549916,0.12408169677790731,0.11066857510909983,1.1212008165424059
701,55,0.3916753728662124,0.052813496503327895,0.12002448211275907,0.10562699300665579,1.1363050172714475
702,75,0.5195845533751984,0.05999645635158845,0.0944589082157978,0.1199929127031769,0.7872040613720092
703,95,0.5380375063539985,0.055201483412908106,0.08892551110377092,0.11040296682581621,0.8054630564780884
704,642,0.4631882727574264,0.018280582961897135,0.02488847914540397,0.03656116592379427,0.6807353790981368
705,55,0.5445895549069621,0.07343244060343843,0.15477797052200803,0.14686488120687685,1.0538800647922402
706,60,0.4440363567145442,0.057324847155534854,0.109570767340454,0.11464969431106971,0.95570047525085
707,472,0.4663924998598174,0.02146745486745476,0.042313320290520914,0.04293490973490952,0.9855225165669044
708,312,0.5003795663244921,0.028328414565222743,0.05342340790121838,0.05665682913044549,0.9429297177612508
709,269,0.5064785307094462,0.030880541031289066,0.05341508525612721,0.06176108206257813,0.8648664089467456
710,99,0.6325681269135783,0.06357548882758347,0.11717111243642626,0.12715097765516695,0.9215116910401897
711,62,0.4387283990458685,0.05571856239741556,0.09448463701400978,0.11143712479483112,0.8478739664897773
712,45,0.4872563771509099,0.07263589211864732,0.12334014452113883,0.14527178423729464,0.8490302860166464
713,43,0.47933797299348285,0.0730983555876348,0.1630990350095377,0.1461967111752696,1.1156135709099813
714,33,0.42937905567443074,0.07474529952827598,0.10533252618656762,0.14949059905655196,0.7046097002174736
715,37,0.4341023976855306,0.07136599456632871,0.14645679881359028,0.14273198913265742,1.026096530312283
716,45,0.42726636599941087,0.06369310925826584,0.14423757280415606,0.12738621851653167,1.1322855367234053
717,110,0.46741565356377995,0.04456633393008424,0.08249836273163809,0.08913266786016848,0.9255681975217178
718,50,0.4654363062399048,0.06582263367053105,0.11255021715285367,0.1316452673410621,0.8549507280141136
719,172,0.40266225598998745,0.030702709182687183,0.054987003986833954,0.061405418365374366,0.8954747879030873
720,17,0.39573856074908464,0.09598069918225807,0.15728137478837892,0.19196139836451614,0.8193385551907514
721,129,0.4556232218119385,0.0401153878587322,0.07547639282818966,0.0802307757174644,0.9407411576572876
722,347,0.5236823708686336,0.028112742634608768,0.045047769447078785,0.056225485269217536,0.8011984108519851
723,368,0.5733543610270947,0.02988816215915829,0.04798249966855043,0.05977632431831658,0.8027007383899598
724,220,0.5448582946858642,0.03673433873391663,0.060552207542268345,0.07346867746783325,0.8241907929917465
725,353,0.4247720074907765,0.022608332738183256,0.03460669476585924,0.04521666547636651,0.76535265042813
726,96,0.47457322815960873,0.048435927274019276,0.0957628536340567,0.09687185454803855,0.9885518769186782
727,402,0.4793196525066691,0.023906291417763438,0.0424696872645083,0.047812582835526876,0.8882533581296393
728,289,0.4454085550768567,0.026200503239815102,0.052224129459837676,0.052401006479630204,0.9966245491895029
729,339,0.5182465678740513,0.02814728986221782,0.054333603980164756,0.05629457972443564,0.9651658160719923
730,483,0.46156634921888207,0.021001996096163947,0.03860279954551229,0.042003992192327894,0.9190269193641827
731,45,0.4465580217990251,0.06656893950936353,0.136575140910432,0.13313787901872706,1.0258173099724794
732,66,0.4490003503656186,0.05526812257674677,0.11582567345952312,0.11053624515349354,1.0478524333686614
733,686,0.5155526393916401,0.019683891239291144,0.04856845631533329,0.03936778247858229,1.233710746643059
734,29,0.33567043348313313,0.062332434661688,0.12704356487703045,0.124664869323376,1.0190807207079662
735,33,0.5443767961220641,0.09476383662560174,0.19953743412123326,0.18952767325120348,1.052814244475859
736,25,0.4186527055605751,0.08373054111211502,0.19026193798446045,0.16746108222423003,1.13615614719186
737,37,0.3874537609707583,0.06369700593124464,0.12228331545390021,0.12739401186248928,0.9598827579579987
738,124,0.4389293719353029,0.039417021207431346,0.06956252910651291,0.07883404241486269,0.8823920095387394
739,357,0.44594100698307615,0.023601700889965188,0.04401719049927893,0.047203401779930376,0.9325003885205972
740,52,0.45072274983627986,0.06250399944433982,0.1016575416652804,0.12500799888867964,0.8132082952212286
741,71,0.39056642458863916,0.04635170690081497,0.09207260164900835,0.09270341380162994,0.9931953729991926
742,71,1.4059520651740305,0.16685581232483085,0.41713556729643236,0.3337116246496617,1.2499881229320406
743,64,0.5036005757583071,0.06295007196978838,0.13543979770182316,0.12590014393957677,1.0757715874163316
744,221,1.984575606333674,0.13349700180093982,0.28992346808776803,0.26699400360187964,1.085880072872644
745,33,1.1048999839121634,0.19233839926491766,0.2991998724615925,0.38467679852983533,0.7777954729920805
746,102,2.3100366417967906,0.228727710506118,0.4527831322633522,0.457455421012236,0.9897863517749004
747,47,0.4414221434954359,0.06438803720794416,0.11072943642652422,0.12877607441588831,0.8598603189977538
748,41,0.4732977528402171,0.07391669055448039,0.14459388294511066,0.14783338110896077,0.9780868289722574
749,45,0.4893049857642996,0.07294128065990271,0.11630290329918094,0.14588256131980543,0.7972365048089634
750,40,0.4252525581699899,0.06723833323152066,0.12208405955407757,0.13447666646304132,0.9078456714096965
751,49,0.520083557439146,0.07429765106273514,0.15002524537420678,0.14859530212547029,1.009623071714132
752,32,0.3611364730448296,0.06384051225594796,0.15181872659430706,0.12768102451189592,1.1890469016416942
753,38,0.4890853667274815,0.07934012324479221,0.1411057118485791,0.15868024648958443,0.8892456053617304
754,61,0.5390166974344608,0.06901401617124217,0.1433431803459287,0.13802803234248434,1.0385077430521943
755,92,0.6771434294053409,0.07059708270752642,0.1269391096178531,0.14119416541505284,0.8990393423460825
756,96,0.5353825661666832,0.05464225434542612,0.11564238908472525,0.10928450869085224,1.0581773251308508
757,70,0.4744497735200047,0.05670759430033333,0.1095732633590277,0.11341518860066666,0.9661251258403641
758,24,0.6196537493717762,0.12648629193027533,0.24682733759056158,0.25297258386055066,0.975707856653049
759,53,0.47492789819724934,0.06523636393133975,0.12351160344922171,0.1304727278626795,0.9466469006397701
760,25,0.4305669758857178,0.08611339517714356,0.132583831539875,0.17222679035428712,0.7698211832615429
761,33,0.48663552094220736,0.08471237079039937,0.14222298533045344,0.16942474158079873,0.8394463760337343
762,72,0.41475111334168807,0.048878887458096335,0.09114543066176257,0.09775777491619267,0.9323599144917237
763,98,0.4094958552196291,0.0413653280133692,0.07160532655315517,0.0827306560267384,0.8655234950634557
764,43,0.37083824721949327,0.05655230252562173,0.08901002200144312,0.11310460505124346,0.7869708042490048
765,53,0.41158573435582346,0.05653564858435122,0.14462286170385846,0.11307129716870244,1.2790413245908117
766,50,0.6552998573931138,0.09267339457464967,0.1930614649950594,0.18534678914929933,1.0416229268452328
767,75,0.5770482709278763,0.06663179491112349,0.1154496760538913,0.13326358982224698,0.8663257248876705
768,59,0.48416865156457645,0.06303338947824617,0.1115110330346322,0.12606677895649235,0.884539400131072
769,36,0.6309367685544629,0.10515612809241048,0.21621332877378535,0.21031225618482097,1.0280586243332321
770,52,0.6363303443041682,0.08824314171239743,0.17878247655028104,0.17648628342479486,1.0130106038890248
771,38,0.5641065536541446,0.0915101668029521,0.175136809509278,0.1830203336059042,0.9569254194804294
772,34,0.5594123106457924,0.09593841978705503,0.1883445054390282,0.19187683957411006,0.9815906174871223
773,30,0.40434751955287873,0.07382341917679097,0.11933631068906429,0.14764683835358194,0.8082551040021587
774,30,0.3705612248146684,0.067654913922579,0.14046809648954958,0.135309827845158,1.0381219067863605
775,25,0.3909227266295113,0.07818454532590226,0.16208490489831975,0.15636909065180452,1.0365533509384086
776,56,0.4942592170562519,0.06604816608855821,0.09822523124319855,0.13209633217711642,0.7435878773037917
777,56,0.5360455055358054,0.07163209376553636,0.14822513781722335,0.14326418753107273,1.034627986042043
778,90,0.43767866745658457,0.046135382414340745,0.08104745349501494,0.09227076482868149,0.8783654676049906
779,96,0.47138653253371987,0.04811068651364483,0.055691237930626226,0.09622137302728966,0.5787824074681563
780,69,0.5054197413459629,0.060845386728322556,0.1260110903078034,0.12169077345664511,1.0355024191928361
781,108,0.5596726364770448,0.05385452455468156,0.09824719823590392,0.10770904910936312,0.9121536124244115
782,125,0.5341796282947071,0.0477784784425014,0.09086614420036511,0.0955569568850028,0.9509108197084717
783,47,0.4010918058104203,0.05850525284441213,0.09588010705816627,0.11701050568882426,0.819414517472031
784,196,0.464428594508538,0.03317347103632414,0.06886572557512065,0.06634694207264828,1.037963822050975
785,220,0.47675860814710513,0.0321430588040945,0.06430719030210486,0.064286117608189,1.000327795404356
786,201,0.526565315345276,0.037141053664199064,0.0786389608706026,0.07428210732839813,1.058652799427768
787,74,0.49394574899407623,0.05742002698810861,0.11039579302227587,0.11484005397621722,0.9613004278554089
788,27,0.5051082444321184,0.09720812696426095,0.17327902029330292,0.1944162539285219,0.8912784645928308
789,25,0.4001819326786967,0.08003638653573933,0.17912042461054486,0.16007277307147866,1.1189937000126855
790,43,0.4440143067416699,0.06771154698532726,0.10590733084730167,0.13542309397065452,0.7820477862531425
791,18,0.32658502646593657,0.07697682894935062,0.17347438140942162,0.15395365789870125,1.1267961007043084
792,18,0.5105799554221883,0.1203448496056515,0.21074736157318355,0.240689699211303,0.8755977603684947
793,85,0.4480508463713009,0.04859793761468134,0.07809513746534823,0.09719587522936268,0.8034820128020808
794,18,0.33603775757958393,0.07920485903974833,0.16767477486558005,0.15840971807949666,1.058487931791115
795,58,0.47273753191874135,0.06207347899515916,0.1476093188561062,0.12414695799031832,1.1889886087069295
796,21,0.3461454905883922,0.07553513867090152,0.14998601393830055,0.15107027734180303,0.992822788025673
797,21,0.35996745983368283,0.0785513396385156,0.10726080537845264,0.1571026792770312,0.6827433234878919
798,21,0.5088843949127526,0.11104767903188045,0.19723803892802308,0.2220953580637609,0.8880781689791032
799,21,0.5360014064436129,0.11696509607764988,0.22318851553885324,0.23393019215529975,0.9540817005386145
800,28,0.47621245689456665,0.0899956951552921,0.20608150529745153,0.1799913903105842,1.1449520165483889
801,19,0.49276087843468014,0.1130470985487948,0.25744506976500603,0.2260941970975896,1.1386628806483006
802,13,0.2931381055276766,0.08130188232864707,0.18844954537235972,0.16260376465729415,1.1589494607922424
803,29,0.4382229453225483,0.08137595802861432,0.16246647178210333,0.16275191605722863,0.9982461387734143
805,9,0.5536321183737427,0.18454403945791423,0.41153859927308206,0.36908807891582845,1.1150146070335005
807,10,0.43080019765457805,0.13623098410391943,0.24539520448970312,0.27246196820783886,0.9006585620144654
808,28,0.40177166822032406,0.07592770842446643,0.16395271625222121,0.15185541684893286,1.0796632721723904
809,20,0.3901320749894108,0.08723618398793681,0.15648553180995983,0.17447236797587362,0.8969072502735732
810,25,0.3939139660132476,0.07878279320264951,0.15667575040127074,0.15756558640529902,0.9943525992932276
811,78,0.46414961282727085,0.05255459470114246,0.12263658141086026,0.10510918940228492,1.1667541354685238
812,56,0.5150001169078059,0.06881978541491197,0.16058225840844872,0.13763957082982395,1.1666867125515152
813,56,0.46127436385797105,0.061640379673522434,0.09407495379743701,0.12328075934704487,0.7630951844854292
814,21,0.5190968703610394,0.11327622387829246,0.25894425213293004,0.22655244775658492,1.1429770664457701
815,15,0.33916958857964064,0.08757321120726463,0.16145239553564036,0.17514642241452927,0.921813836160019
816,23,0.49969529732386264,0.10419367212856098,0.19534540573462644,0.20838734425712196,0.9374149204262446
817,18,0.369169097731008,0.08701399080337169,0.14690710639198754,0.17402798160674338,0.8441579626198173
818,20,0.48391348864922634,0.1082063455848743,0.23420960398829127,0.2164126911697486,1.08223599421248
819,30,0.4728949225882191,0.08633840547707564,0.18708398185364253,0.17267681095415127,1.0834343118794139
820,20,0.4979397887480292,0.11134272163424781,0.16709754219899553,0.22268544326849563,0.7503747876214935
821,20,0.3927437318301644,0.08782016821091955,0.15114217701763333,0.1756403364218391,0.8605208808905488
822,15,0.5074588184509932,0.13102530351645264,0.23229645612591143,0.2620506070329053,0.8864564702066969
829,25,0.4950160226373099,0.09900320452746199,0.18959496799103243,0.19800640905492398,0.9575193494794487
830,62,0.4767448223203708,0.060546652981370346,0.11634940242840851,0.12109330596274069,0.960824394902623
831,35,0.4501102778909743,0.07608252329131837,0.14704843568738377,0.15216504658263674,0.9663745977794297
832,42,0.3467815512733997,0.05350955506653651,0.09828080686341416,0.10701911013307303,0.9183481972631503
833,43,0.5514665368385111,0.08409785845414561,0.17711268635924454,0.16819571690829122,1.0530154371042355
834,58,0.4497578341524149,0.05905609685326829,0.1309788856464753,0.11811219370653658,1.1089361863171174
835,51,0.5059025011780218,0.07084051968595406,0.13176280698611703,0.14168103937190812,0.9299960500730373
836,58,0.605721850803613,0.07953517553421148,0.16277950610122432,0.15907035106842296,1.0233177019343216
837,13,0.5678458509330682,0.15749210246912757,0.28643605847336184,0.31498420493825513,0.9093664189590414
838,40,0.5038487446818422,0.07966548147056354,0.17660679499743043,0.15933096294112709,1.1084273372695725
839,65,0.4685764092269962,0.05811975055323481,0.11614720466736668,0.11623950110646962,0.9992059804264094
840,105,0.5211904832741814,0.05086298306473549,0.09681136654247564,0.10172596612947098,0.9516878553825646
841,28,0.47126546424810434,0.08906080142099178,0.15281017462562707,0.17812160284198356,0.8578980437380695
842,19,0.4904569275056004,0.11251853595559821,0.16942289689220053,0.22503707191119643,0.7528666075030418
843,18,0.389946940609264,0.0919113753359195,0.17333789822597798,0.183822750671839,0.942962161062541
844,397,0.48238474956183686,0.024210196584591677,0.05715684843651207,0.048420393169183354,1.1804292508902827
845,308,0.4239898530716451,0.024159064034540934,0.04091518916889121,0.04831812806908187,0.8467875475306814
846,359,0.4527738174775405,0.02389648811584478,0.04543098051979967,0.04779297623168956,0.950578601750193
847,121,0.5371484172159717,0.048831674292361064,0.07748770086232087,0.09766334858472213,0.7934163837839427
848,509,0.4615420626212615,0.020457492254170522,0.0457758474746908,0.040914984508341044,1.1188039791475128
849,681,0.4841114147634866,0.018551189721805625,0.03757427822237714,0.03710237944361125,1.0127188278984396
850,53,0.4198562737268028,0.05767169453650878,0.11911451511729314,0.11534338907301755,1.0326947740532255
851,38,0.47299566113600156,0.07673002833816676,0.14332797813480597,0.15346005667633353,0.9339757930436753
852,48,0.5529655215952505,0.07981369818639993,0.17361143550404934,0.15962739637279985,1.0876042549650478
853,41,0.46120164758425136,0.07202759629245568,0.14210000918400148,0.14405519258491137,0.9864275395712832
854,33,0.3948866640168117,0.0687409448402118,0.16833298272774447,0.1374818896804236,1.224401141990659
855,11,0.6217944432373868,0.1874780786314864,0.33780004800842867,0.3749561572629728,0.9009054564518459
856,16,0.313240174024731,0.07831004350618274,0.1558688605697314,0.1566200870123655,0.99520351152292
857,28,0.4970342099003451,0.09393063660627078,0.1974336646506888,0.18786127321254156,1.050954575546378
858,29,0.42484363270790965,0.0788914820480625,0.1790902782367753,0.157782964096125,1.1350419182622873
859,95,0.5484073653747826,0.056265408499858054,0.11758392509356182,0.11253081699971611,1.0449042158279047
860,38,0.45041101402331096,0.07306631478780932,0.1264744624292383,0.14613262957561865,0.865477222961981
861,74,0.473745244937579,0.05507176609010587,0.10996723807899082,0.11014353218021174,0.9983994148568572
864,48,0.36467544371618044,0.05263636639909575,0.10202138030404817,0.1052727327981915,0.9691149606577023
865,41,0.4636707344333005,0.07241320287410137,0.13642896851819933,0.14482640574820274,0.9420172227114211
866,40,0.43470076841243643,0.0687322264404338,0.12932060802058154,0.1374644528808676,0.940756721540631
867,81,0.519498550516181,0.05772206116846455,0.10391131693362939,0.1154441223369291,0.9001005406785398
868,43,0.3783321995479148,0.05769511954184671,0.10795090130847797,0.11539023908369342,0.9355288815216022
869,52,0.4925804860071354,0.06830862306121918,0.11406491566137625,0.13661724612243836,0.834923253826604
870,80,0.42485890433395257,0.047500669546839895,0.09623532092839775,0.09500133909367979,1.012989099379969
871,15,0.4413618419830109,0.11395913757677538,0.22034934370448092,0.22791827515355076,0.9667910287405844
872,16,0.48725724836090417,0.12181431209022604,0.24858652606393822,0.24362862418045209,1.0203502437374268
873,11,0.6899847628837479,0.20803823359524823,0.4114561609355429,0.41607646719049646,0.9888955357505518
874,506,0.47537886470435214,0.021133168253015783,0.03905969045657702,0.042266336506031565,0.9241323872723877
875,28,0.384771269191229,0.07271493499447719,0.14867011575687977,0.14542986998895438,1.0222804693985597
876,32,0.39534344771059543,0.06988750819345782,0.16702680398304723,0.13977501638691564,1.1949689458142867
877,34,0.41778116094653805,0.07164887800152604,0.13072150154145473,0.14329775600305208,0.9122369057800913
878,90,0.41130072617622654,0.04335490326660377,0.08159424333524985,0.08670980653320753,0.941003637276038
879,55,0.4062408475316084,0.05477750470655225,0.1294775223632131,0.1095550094131045,1.1818494020203658
880,43,0.3847782070766144,0.05867812647432661,0.11946551920828022,0.11735625294865322,1.017973190235972
881,44,0.495948442897741,0.07476704092967305,0.13441405961612846,0.1495340818593461,0.8988857787120413
882,54,0.6020040145246391,0.08192236992735549,0.15233991478049727,0.16384473985471099,0.9297821517833554
883,83,0.44886307630181405,0.04926912340696453,0.1172262198977329,0.09853824681392906,1.1896519746194851
884,49,0.5712880361978818,0.08161257659969741,0.1433438975878875,0.16322515319939482,0.8781973536442602
885,19,0.44476066606567305,0.10203509460221623,0.1747122932067959,0.20407018920443246,0.8561382428659066
886,25,0.5187253374119632,0.10374506748239265,0.1904918407496011,0.2074901349647853,0.9180766149770488
887,19,0.4018353629341119,0.0921873546826728,0.13925133802769782,0.1843747093653456,0.7552626849258697
888,86,0.49487384323214606,0.05336361890156594,0.09520178011789084,0.10672723780313188,0.8920101567090043
889,15,0.41692429942197756,0.10764939121936758,0.22593405379884135,0.21529878243873515,1.0493977310955418
890,67,0.5621448024025237,0.06867691815730131,0.13191247474748027,0.13735383631460263,0.9603843495520638
891,85,0.5670397153118535,0.06150409252198042,0.10483001060300115,0.12300818504396084,0.852219797938949
892,23,0.38812979831325045,0.08093065747337803,0.14110733178949775,0.16186131494675607,0.8717792255420308
893,25,0.44719791102335865,0.08943958220467173,0.16704226407489078,0.17887916440934346,0.9338273947469625
894,12,0.36506239525710976,0.10538443608635095,0.21192537337786996,0.2107688721727019,1.0054870588490905
895,8,0.46841241165304837,0.16560879633590753,0.2987137395886707,0.33121759267181505,0.9018655596734845
896,65,0.4706750774168118,0.0583800583051494,0.10046571656286339,0.1167601166102988,0.860445496968627
897,48,0.5785931391169952,0.08351272615511694,0.1698759100669702,0.16702545231023389,1.017066008307775
898,24,0.36684930852550657,0.07488280153169416,0.14647565994736614,0.14976560306338832,0.9780327188037315
899,22,0.45249938274180007,0.09647319255102332,0.2529784102934493,0.19294638510204665,1.3111331946418823
900,29,0.422391189842391,0.07843607484079011,0.1351238331084328,0.15687214968158023,0.8613627937317602
901,11,0.5451310403238091,0.16436319293910676,0.2792673577452378,0.3287263858782135,0.8495434797518832
902,19,0.3956044853211794,0.09075789332244424,0.19553827772006824,0.1815157866448885,1.0772521846962704
903,18,0.4897043882508818,0.11542443123633614,0.2112502646378541,0.23084886247267228,0.9151020385160518
904,9,0.5035784919935254,0.16785949733117514,0.3640853930396405,0.3357189946623503,1.084494469566191
905,31,0.44852452624785144,0.0805573830031615,0.14945741268350796,0.161114766006323,0.9276456552569642
906,26,0.44742966982276333,0.08774817759179412,0.18283692781090605,0.17549635518358825,1.041827493338188
907,65,0.5005919787484044,0.06209079322154503,0.12348693100648758,0.12418158644309006,0.994406131726133
908,68,0.5421844770810339,0.06574952551692295,0.1122436922072984,0.1314990510338459,0.8535703590622
909,90,0.5224229403265984,0.05506821311180935,0.11391185751443925,0.1101364262236187,1.0342795877828375
910,19,0.3994578556997047,0.09164191711570871,0.21346270662825662,0.18328383423141742,1.1646564877005727
911,25,0.43359613978110656,0.0867192279562213,0.16510352821300345,0.1734384559124426,0.9519430240796948
912,12,0.5584818282315763,0.16121981693350748,0.21962823744883975,0.32243963386701496,0.681145288545458
913,98,0.5397754091091084,0.05452555029982764,0.0978624752116558,0.10905110059965528,0.8974001607826518
914,378,0.5386433507011209,0.027704824482662954,0.056428303280154614,0.05540964896532591,1.018384060066256
915,21,0.4427374446758364,0.09661323110563542,0.19772554521848565,0.19322646221127085,1.0232839899655957
916,51,0.42274829909039935,0.05919660237730026,0.10763253390097902,0.11839320475460052,0.909110739286721
917,89,0.5067328616759028,0.05371357591060131,0.10155636945846347,0.10742715182120262,0.9453510377664089
918,33,0.6931570896948305,0.12066316138314949,0.2595718930556873,0.24132632276629898,1.0756053880912833
921,34,0.35055902212416873,0.06012037630323639,0.08527621149327916,0.12024075260647278,0.7092122233497113
925,18,0.3681010441100501,0.08676224815068831,0.15133573508921824,0.17352449630137662,0.8721289403795702
926,46,0.47270065264182776,0.06969590890120762,0.11100551694975391,0.13939181780241525,0.7963560465729899
927,54,0.4603583066641303,0.06264683056548999,0.09511379953440165,0.12529366113097998,0.7591269875574249
928,58,0.46217165301956914,0.06068611112688104,0.1457186266684987,0.12137222225376208,1.2005928865983333
929,20,0.4563940232164389,0.10205280604365745,0.20267714975693404,0.2041056120873149,0.9930013569162921
930,36,0.46966982813064684,0.07827830468844114,0.14379349846165468,0.1565566093768823,0.9184760645620353
931,64,0.4934326075191271,0.06167907593989089,0.14396798262481958,0.12335815187978177,1.1670731154040233
932,42,0.5370057879472226,0.08286179202928921,0.15969544769957447,0.16572358405857843,0.9636253560816475
933,12,0.39435743919242056,0.11384118683733775,0.21953565664313499,0.2276823736746755,0.9642189384269994
934,36,0.3969732097249935,0.06616220162083225,0.1481379222365962,0.1323244032416645,1.1195056891059725
935,31,0.4870698299737505,0.08748032392056536,0.16742811218950912,0.17496064784113072,0.9569472578858913
936,29,0.5628019434224432,0.1045096972105326,0.1903991944686088,0.2090193944210652,0.9109164008247657
937,96,0.38803650172410226,0.03960380961661065,0.08075905481835548,0.0792076192332213,1.0195869488333702
938,24,0.6059640667922592,0.12369189717523497,0.2613378412597161,0.24738379435046995,1.0564064713530805
939,40,0.4172426769192587,0.06597185980453121,0.10675210456725884,0.13194371960906243,0.8090730266173781
940,53,0.42260278317192945,0.058048956622781776,0.09314633664562756,0.11609791324556355,0.8023084484611696
941,24,0.49187866794158575,0.10040431265139727,0.23715241809704157,0.20080862530279453,1.180987209784665
942,10,0.5028736424213845,0.1590226085316646,0.35246672828601644,0.3180452170633292,1.1082283567742923
943,38,0.5878845561990634,0.09536746816743971,0.17916836051478835,0.19073493633487942,0.9393578541909948
944,30,0.632052876777242,0.11539653938230952,0.17800748049658066,0.23079307876461905,0.7712860431058537
945,55,0.47877586488720153,0.06455812445153421,0.16733531401132345,0.12911624890306841,1.296005076301026
946,45,0.41509077930824767,0.06187807995777366,0.09015328727286731,0.12375615991554732,0.7284751509289638
947,96,0.4893926113787359,0.049948424240253655,0.10243805538023384,0.09989684848050731,1.0254383089995316
948,61,0.48360351389352296,0.061919085043511596,0.11764714509577687,0.12383817008702319,0.9500071344166683
949,63,0.5948813910789591,0.07494801049405159,0.16012958870823932,0.14989602098810317,1.0682711098845536
950,26,0.4056150392586731,0.07954765385333376,0.12759057830387613,0.15909530770666752,0.8019757473873564
951,13,0.39207624734375507,0.10874238566841621,0.2459290315122585,0.21748477133683242,1.1307873650214004
952,29,0.39030444339635406,0.07247771560849196,0.1495961539567156,0.14495543121698393,1.0320148248380219
953,24,0.5183112431913871,0.10579983948054168,0.23812483228632128,0.21159967896108337,1.1253553571322588
954,22,0.588687353600564,0.1255085654971288,0.24431513740036695,0.2510171309942576,0.9733006525596695
955,36,0.36507928835300896,0.060846548058834826,0.11365839116808878,0.12169309611766965,0.9339756715384099
956,60,0.47612401156980755,0.0614673455846444,0.10138856005676719,0.1229346911692888,0.8247351426388566
957,30,0.42636270450872354,0.07784282364611249,0.13996759631695416,0.15568564729222498,0.8990398199920913
958,57,0.47022363153700014,0.062282641502738746,0.10101847146478067,0.12456528300547749,0.8109681046551197
959,36,0.5110125712153891,0.08516876186923152,0.17952266946309517,0.17033752373846303,1.0539232080110255
960,18,0.8335756994076767,0.19647567656116247,0.402000036941015,0.39295135312232493,1.023027491181264
966,93,0.9865595508603324,0.10230145982171089,0.22725465164001726,0.20460291964342178,1.1107106977557921
