farm_id,crop_type,pred_se,r_health,r_wit,disagree
1,Rice,0.054283791984698626,0.2441860465116279,0.1744186046511628,0.0697674418604651
2,Rice,0.061453196654975895,0.37209302325581395,0.011627906976744186,0.36046511627906974
3,Rice,0.03608568057550752,0.5697674418604651,0.7558139534883721,0.18604651162790697
5,Groundnut,0.036955151090916794,0.05555555555555555,0.08333333333333333,0.027777777777777776
6,Cotton,0.032299010534802344,0.30456852791878175,0.21065989847715735,0.0939086294416244
7,Bajra,0.06864705710154913,0.45390070921985815,0.524822695035461,0.07092198581560283
8,Groundnut,0.027904911708988633,0.2037037037037037,0.25462962962962965,0.05092592592592596
9,Cotton,0.055443362971177,0.5126903553299492,0.7944162436548223,0.2817258883248731
10,Cotton,0.04911304183642473,0.30710659898477155,0.46446700507614214,0.15736040609137059
11,Cotton,0.04604468415052456,0.12944162436548223,0.2715736040609137,0.14213197969543145
12,Cotton,0.0381676942075116,0.3629441624365482,0.10406091370558376,0.25888324873096447
13,Rice,0.04401460113338732,0.6627906976744186,0.22093023255813954,0.441860465116279
14,Cotton,0.06819160425409071,0.7284263959390863,0.2817258883248731,0.4467005076142132
20,Rice,0.046349438246826954,0.7790697674418605,0.7906976744186046,0.011627906976744096
21,Rice,0.03458165172260321,0.9186046511627907,0.4883720930232558,0.43023255813953487
22,Cotton,0.05210649018957597,0.04568527918781726,0.06091370558375635,0.01522842639593909
24,Rice,0.06878405150768233,0.23255813953488372,0.5348837209302325,0.3023255813953488
25,Cotton,0.08922432879153484,0.5076142131979695,0.19289340101522842,0.31472081218274106
26,Rice,0.03914248304675475,0.9767441860465116,0.43023255813953487,0.5465116279069767
27,Rice,0.03458415263910738,0.6976744186046512,0.47674418604651164,0.22093023255813954
28,Cotton,0.048688674298378136,0.41116751269035534,0.5,0.08883248730964466
29,Rice,0.0335338345700265,0.8023255813953488,0.023255813953488372,0.7790697674418604
30,Cotton,0.058621967239899146,0.8984771573604061,0.8629441624365483,0.035532994923857864
31,Maize,0.03446677803086942,0.8125,0.08333333333333333,0.7291666666666666
32,Rice,0.08250619078348409,0.2558139534883721,0.3023255813953488,0.046511627906976716
33,Cotton,0.033615823937952705,0.11548223350253807,0.20812182741116753,0.09263959390862946
34,Rice,0.035098193158093975,0.8953488372093024,0.627906976744186,0.2674418604651163
35,Rice,0.02700516321851272,0.5930232558139535,0.12790697674418605,0.4651162790697675
36,Maize,0.026728491044732645,0.10416666666666667,0.4166666666666667,0.3125
37,Rice,0.03520076993274166,0.6744186046511628,0.16279069767441862,0.5116279069767442
38,Rice,0.03750774130277439,0.47674418604651164,0.10465116279069768,0.37209302325581395
39,Cotton,0.046443693004187284,0.07360406091370558,0.3096446700507614,0.23604060913705582
40,Cotton,0.03355382240609123,0.40609137055837563,0.23857868020304568,0.16751269035532995
41,Cotton,0.029502940904813934,0.9035532994923858,0.7969543147208121,0.1065989847715737
42,Cotton,0.023432687653171344,0.9746192893401016,1.0,0.025380710659898442
43,Cotton,0.037155300450258895,0.32741116751269034,0.2918781725888325,0.035532994923857864
44,Cotton,0.045125245032781286,0.4010152284263959,0.34517766497461927,0.05583756345177665
45,Cotton,0.04452721044533756,0.5532994923857868,0.3629441624365482,0.1903553299492386
47,Cotton,0.027869592495005473,0.7030456852791879,0.6624365482233503,0.040609137055837574
48,Cotton,0.03684909044013094,0.21065989847715735,0.18781725888324874,0.022842639593908615
49,Rice,0.02158968411805968,0.9069767441860465,0.23255813953488372,0.6744186046511628
53,Cotton,0.07258550502188713,0.6294416243654822,0.5304568527918782,0.09898477157360408
54,Maize,0.0688402721275502,0.7708333333333334,0.625,0.14583333333333337
55,Maize,0.06352434120641949,1.0,0.2916666666666667,0.7083333333333333
56,Rice,0.046975730537463546,0.5465116279069767,0.20930232558139536,0.33720930232558133
58,Cotton,0.12101831234474782,0.7969543147208121,0.4847715736040609,0.3121827411167512
59,Cotton,0.032409749929608336,0.49746192893401014,0.6675126903553299,0.17005076142131975
60,Groundnut,0.04463333416178033,0.8287037037037037,0.5879629629629629,0.2407407407407408
61,Cotton,0.04910865588433417,0.18781725888324874,0.4137055837563452,0.22588832487309646
62,Cotton,0.04360271155074232,0.14213197969543148,0.12944162436548223,0.012690355329949249
63,Rice,0.030064869229708538,0.9534883720930233,0.06976744186046512,0.8837209302325582
64,Cotton,0.030648494272240256,0.3147208121827411,0.3350253807106599,0.020304568527918787
65,Rice,0.027216829538873208,0.9651162790697675,0.046511627906976744,0.9186046511627908
66,Rice,0.03396004219496201,0.8488372093023255,0.03488372093023256,0.813953488372093
67,Cotton,0.032275953700856515,0.9213197969543148,0.3020304568527919,0.6192893401015229
68,Cotton,0.04136672220671005,0.1598984771573604,0.13705583756345177,0.022842639593908642
69,Cotton,0.026761185361731082,0.8756345177664975,0.09644670050761421,0.7791878172588833
70,Cotton,0.026827516234935983,0.6015228426395939,0.10913705583756345,0.49238578680203043
71,Groundnut,0.03801022479505395,0.7731481481481481,0.20833333333333334,0.5648148148148148
72,Maize,0.043703725557715976,0.6041666666666666,0.875,0.27083333333333337
73,Maize,0.04897950794241036,0.020833333333333332,0.25,0.22916666666666666
74,Cotton,0.03436944524001074,0.8908629441624365,0.9416243654822335,0.050761421319796995
75,Cotton,0.027255892633040433,0.08883248730964467,0.23096446700507614,0.14213197969543145
76,Cotton,0.024499752846420888,0.09644670050761421,0.32741116751269034,0.2309644670050761
77,Cotton,0.028592156557013425,0.08629441624365482,0.04314720812182741,0.04314720812182741
78,Rice,0.04305966309814895,0.26744186046511625,0.46511627906976744,0.19767441860465118
79,Rice,0.03661413263272738,0.313953488372093,0.36046511627906974,0.046511627906976716
80,Rice,0.020407403357106117,0.29069767441860467,0.19767441860465115,0.09302325581395351
81,Maize,0.020680132355590956,0.9583333333333334,0.3958333333333333,0.5625
82,Maize,0.025288916058364325,0.3125,0.9166666666666666,0.6041666666666666
83,Cotton,0.03651724674284325,0.0583756345177665,0.4289340101522843,0.37055837563451777
84,Cotton,0.08370389968686677,0.766497461928934,0.4949238578680203,0.2715736040609137
85,Cotton,0.022941501291853964,0.9441624365482234,0.9695431472081218,0.025380710659898442
86,Cotton,0.016577294420116365,0.934010152284264,0.9923857868020305,0.058375634517766506
87,Cotton,0.03068326374856792,0.2614213197969543,0.18527918781725888,0.07614213197969544
88,Rice,0.04819103118076704,0.7674418604651163,0.7093023255813954,0.05813953488372092
89,Rice,0.032545452801738456,0.5813953488372093,0.4418604651162791,0.13953488372093026
90,Cotton,0.05469471212227269,0.4796954314720812,0.5913705583756346,0.11167512690355336
91,Cotton,0.06378725281645553,0.4873096446700508,0.9467005076142132,0.4593908629441624
92,Cotton,0.05881972301337605,0.4847715736040609,0.9390862944162437,0.45431472081218277
93,Cotton,0.1289495968306333,0.39593908629441626,0.8451776649746193,0.44923857868020306
94,Cotton,0.0561314701685314,0.4517766497461929,0.6954314720812182,0.24365482233502533
95,Cotton,0.056905411964562454,0.7474619289340102,0.2131979695431472,0.534263959390863
96,Cotton,0.021495695590869023,0.6243654822335025,0.4517766497461929,0.1725888324873096
97,Cotton,0.033338321340498286,0.05583756345177665,0.25888324873096447,0.20304568527918782
98,Cotton,0.05137389557120496,0.6878172588832487,0.15228426395939088,0.5355329949238579
99,Cotton,0.13113931328660297,0.7233502538071066,0.20050761421319796,0.5228426395939086
100,Maize,0.02292539657995955,0.5208333333333334,0.20833333333333334,0.3125
101,Cotton,0.029608182979498982,0.47715736040609136,0.5025380710659898,0.025380710659898442
102,Cotton,0.03459916427841964,0.42385786802030456,0.43908629441624364,0.015228426395939076
103,Cotton,0.027813295634573604,1.0,0.9974619289340102,0.0025380710659898
104,Groundnut,0.02440503307640236,0.7546296296296297,0.8935185185185185,0.13888888888888884
105,Cotton,0.0278501908073315,0.9416243654822335,0.7614213197969543,0.18020304568527923
106,Cotton,0.0206283386814495,0.9670050761421319,0.9644670050761421,0.0025380710659898
107,Cotton,0.05219677915131582,0.09390862944162437,0.3477157360406091,0.25380710659898476
108,Cotton,0.0222665458174299,0.9619289340101523,0.8324873096446701,0.12944162436548223
109,Cotton,0.04437246914936396,0.048223350253807105,0.733502538071066,0.6852791878172589
110,Cotton,0.03394368280832696,0.9187817258883249,0.6294416243654822,0.2893401015228426
111,Groundnut,0.019812573953209775,0.4675925925925926,0.8518518518518519,0.38425925925925924
112,Maize,0.037526829970119344,0.6875,0.16666666666666666,0.5208333333333334
113,Rice,0.049984055283570396,0.8837209302325582,0.5581395348837209,0.32558139534883723
114,Groundnut,0.017191195844104036,0.018518518518518517,0.25925925925925924,0.24074074074074073
115,Cotton,0.022077842597548098,0.616751269035533,0.9365482233502538,0.31979695431472077
116,Groundnut,0.02002547330029572,0.42592592592592593,0.4583333333333333,0.032407407407407385
117,Cotton,0.030651251972485864,0.8857868020304569,0.017766497461928935,0.868020304568528
118,Rice,0.02584698341773894,0.6162790697674418,0.27906976744186046,0.3372093023255814
119,Cotton,0.03679303412845116,0.8604060913705583,0.06345177664974619,0.7969543147208121
120,Cotton,0.02533231533653262,0.7639593908629442,0.10152284263959391,0.6624365482233503
121,Cotton,0.024568075244375303,0.8629441624365483,0.7157360406091371,0.14720812182741116
122,Groundnut,0.035566987881177126,0.6620370370370371,0.13425925925925927,0.5277777777777778
123,Cotton,0.031243624895442693,0.38071065989847713,0.868020304568528,0.48730964467005083
124,Groundnut,0.03288673415962581,0.027777777777777776,0.027777777777777776,0.0
125,Groundnut,0.028038786182655966,0.44907407407407407,0.004629629629629629,0.4444444444444444
126,Groundnut,0.02919210901519234,0.46296296296296297,0.8425925925925926,0.3796296296296296
127,Groundnut,0.03386124529530949,0.8379629629629629,0.8842592592592593,0.04629629629629639
128,Groundnut,0.06317055838056143,0.7083333333333334,0.1388888888888889,0.5694444444444444
129,Groundnut,0.05368844451292804,0.9583333333333334,0.06944444444444445,0.888888888888889
130,Cotton,0.025768835906084548,0.5,0.41624365482233505,0.08375634517766495
131,Groundnut,0.03986751206829867,0.8055555555555556,0.9629629629629629,0.15740740740740733
132,Bajra,0.05768319501055225,0.7092198581560284,0.7163120567375887,0.007092198581560294
133,Groundnut,0.056220624697785625,0.9074074074074074,0.3055555555555556,0.6018518518518519
134,Groundnut,0.03311193193834378,0.37962962962962965,0.9537037037037037,0.5740740740740741
135,Cotton,0.06971887927001298,0.017766497461928935,0.2436548223350254,0.22588832487309646
136,Cotton,0.04280386044301168,0.550761421319797,0.24111675126903553,0.30964467005076146
137,Cotton,0.020144786635568904,0.9771573604060914,0.8857868020304569,0.09137055837563446
138,Cotton,0.02679130164723144,0.9949238578680203,0.7055837563451777,0.2893401015228426
139,Groundnut,0.03529467343440321,0.6805555555555556,0.6898148148148148,0.00925925925925919
140,Cotton,0.04716172198785425,0.5380710659898477,0.8045685279187818,0.2664974619289341
141,Maize,0.03596063856935834,0.6458333333333334,0.22916666666666666,0.41666666666666674
142,Groundnut,0.019253104620177517,0.7870370370370371,0.009259259259259259,0.7777777777777778
143,Cotton,0.028828550017950788,0.4365482233502538,0.02030456852791878,0.416243654822335
144,Groundnut,0.01693048049195194,0.9027777777777778,0.9120370370370371,0.0092592592592593
145,Groundnut,0.023018787897144902,0.8240740740740741,0.07407407407407407,0.75
146,Cotton,0.038649781467713286,0.24111675126903553,0.11928934010152284,0.1218274111675127
147,Cotton,0.03934751383625859,0.9720812182741116,0.1065989847715736,0.8654822335025381
148,Cotton,0.05145616449978927,0.39847715736040606,0.7385786802030457,0.34010152284263967
149,Maize,0.05186819047110555,0.3541666666666667,0.3333333333333333,0.02083333333333337
150,Cotton,0.0319925976138479,0.11928934010152284,0.07868020304568528,0.04060913705583756
151,Cotton,0.03459407098747288,0.850253807106599,0.35786802030456855,0.4923857868020305
152,Groundnut,0.04500331704222441,0.5648148148148148,0.6712962962962963,0.10648148148148151
153,Cotton,0.059897449005263205,0.28426395939086296,0.350253807106599,0.06598984771573602
154,Cotton,0.0337396001687448,0.9974619289340102,0.9873096446700508,0.010152284263959421
155,Bajra,0.04045914674343174,0.375886524822695,0.12056737588652482,0.2553191489361702
156,Groundnut,0.027216226783582396,0.8796296296296297,0.6018518518518519,0.2777777777777778
157,Groundnut,0.03977647799027828,0.7222222222222222,0.24537037037037038,0.47685185185185186
158,Maize,0.03521664440362409,0.2708333333333333,0.7916666666666666,0.5208333333333333
159,Cotton,0.0442188057196795,0.4263959390862944,0.19543147208121828,0.23096446700507614
160,Cotton,0.0385740643299689,0.02284263959390863,0.0583756345177665,0.03553299492385787
161,Cotton,0.040604600156488944,0.15736040609137056,0.1446700507614213,0.012690355329949249
162,Cotton,0.05645784042185712,0.27918781725888325,0.1218274111675127,0.15736040609137056
163,Cotton,0.027257021210265023,0.9289340101522843,0.8020304568527918,0.12690355329949243
164,Cotton,0.06017038230142667,0.10406091370558376,0.015228426395939087,0.08883248730964467
165,Groundnut,0.033679395578341154,0.5879629629629629,0.16666666666666666,0.4212962962962963
166,Groundnut,0.023373562214660575,0.5972222222222222,0.14814814814814814,0.44907407407407407
167,Groundnut,0.030235543770173453,0.30092592592592593,0.4212962962962963,0.12037037037037035
168,Groundnut,0.03356011334866184,0.5787037037037037,0.38425925925925924,0.19444444444444448
169,Maize,0.02397280154619077,0.9791666666666666,0.0625,0.9166666666666666
170,Groundnut,0.03600843037506555,0.3055555555555556,0.10185185185185185,0.20370370370370372
171,Cotton,0.05733150017997777,0.2715736040609137,0.1116751269035533,0.15989847715736039
172,Groundnut,0.10160437227865829,0.49537037037037035,0.1527777777777778,0.34259259259259256
173,Cotton,0.03515371613605538,0.8477157360406091,0.6573604060913706,0.19035532994923854
174,Cotton,0.04633668234838444,0.4746192893401015,0.07106598984771574,0.4035532994923858
175,Cotton,0.06925028116564268,0.6421319796954315,0.6142131979695431,0.027918781725888353
176,Cotton,0.07207424154967368,0.03299492385786802,0.33756345177664976,0.30456852791878175
177,Cotton,0.046652735870782065,0.21573604060913706,0.30710659898477155,0.09137055837563449
178,Cotton,0.10475312672980712,0.5609137055837563,0.16243654822335024,0.39847715736040606
179,Cotton,0.0661393699121439,0.06472081218274112,0.41878172588832485,0.35406091370558374
180,Bajra,0.04114066427470884,0.49645390070921985,0.723404255319149,0.22695035460992913
181,Rice,0.06706801535112858,0.4069767441860465,0.313953488372093,0.09302325581395349
182,Rice,0.05176614105701448,0.27906976744186046,0.8488372093023255,0.569767441860465
183,Rice,0.043431705507471684,0.4186046511627907,0.6395348837209303,0.22093023255813954
184,Rice,0.029159055097597655,0.8604651162790697,0.7325581395348837,0.12790697674418605
185,Cotton,0.0433768138958746,0.4720812182741117,0.233502538071066,0.2385786802030457
186,Cotton,0.055329592683944766,0.005076142131979695,0.26903553299492383,0.2639593908629441
187,Cotton,0.05465502150479612,0.6598984771573604,0.1548223350253807,0.5050761421319797
188,Cotton,0.033551569059634745,0.09898477157360407,0.16751269035532995,0.06852791878172589
189,Cotton,0.03394064480287614,0.6522842639593909,0.3197969543147208,0.33248730964467005
190,Groundnut,0.03538449383965837,0.7175925925925926,0.013888888888888888,0.7037037037037037
191,Cotton,0.06418137309000647,0.6370558375634517,0.28426395939086296,0.3527918781725888
192,Bajra,0.03501813635984563,0.3475177304964539,0.23404255319148937,0.11347517730496454
193,Groundnut,0.025132468653571473,0.8148148148148148,0.10648148148148148,0.7083333333333333
194,Rice,0.03310052652716319,0.872093023255814,0.29069767441860467,0.5813953488372092
195,Groundnut,0.04609974487921331,0.75,0.12037037037037036,0.6296296296296297
196,Groundnut,0.0694670333043489,0.8333333333333334,0.3425925925925926,0.49074074074074076
197,Bajra,0.04665432797149281,0.8794326241134752,0.1276595744680851,0.7517730496453902
198,Groundnut,0.08809558395953415,0.5509259259259259,0.11574074074074074,0.4351851851851852
199,Cotton,0.016959804391363048,0.46446700507614214,0.17766497461928935,0.2868020304568528
200,Cotton,0.03224437993767807,0.868020304568528,0.8604060913705583,0.0076142131979696215
201,Groundnut,0.02769752130473644,0.5833333333333334,0.3287037037037037,0.25462962962962965
202,Rice,0.03604265168381007,0.023255813953488372,0.3372093023255814,0.313953488372093
203,Rice,0.04234269626591906,0.19767441860465115,0.11627906976744186,0.0813953488372093
204,Groundnut,0.025519030439451793,0.7638888888888888,0.3888888888888889,0.37499999999999994
205,Cotton,0.03615353211633467,0.9390862944162437,0.8578680203045685,0.08121827411167515
206,Cotton,0.03266472236147583,0.7157360406091371,0.6522842639593909,0.06345177664974622
207,Cotton,0.03880182311040775,0.08121827411167512,0.4365482233502538,0.35532994923857864
208,Groundnut,0.047818879309791784,0.5416666666666666,0.44907407407407407,0.09259259259259256
209,Cotton,0.06711591867686321,0.817258883248731,0.3934010152284264,0.42385786802030456
210,Cotton,0.05855999184763208,0.015228426395939087,0.4213197969543147,0.40609137055837563
211,Cotton,0.06817115066489186,0.7791878172588832,0.3604060913705584,0.4187817258883248
212,Rice,0.03772041561462831,0.7441860465116279,0.5930232558139535,0.15116279069767435
213,Cotton,0.055086113027862246,0.9644670050761421,0.7741116751269036,0.19035532994923854
214,Groundnut,0.034359977837335305,0.08333333333333333,0.5787037037037037,0.4953703703703704
215,Groundnut,0.04917972012989399,0.6157407407407407,0.4537037037037037,0.16203703703703698
216,Cotton,0.019203830872456966,0.9238578680203046,0.700507614213198,0.2233502538071066
217,Cotton,0.022682365214982247,0.1700507614213198,0.5253807106598984,0.35532994923857864
218,Cotton,0.04054164584107785,0.9137055837563451,0.44416243654822335,0.4695431472081218
219,Cotton,0.04246074082028138,0.9581218274111675,0.5177664974619289,0.44035532994923854
220,Rice,0.03353368249765044,0.8372093023255814,0.37209302325581395,0.4651162790697675
221,Rice,0.04127207022760987,0.7906976744186046,0.7209302325581395,0.06976744186046513
222,Rice,0.05761866374331338,0.16279069767441862,0.686046511627907,0.5232558139534884
223,Rice,0.027194759971687084,0.627906976744186,0.3953488372093023,0.23255813953488375
224,Rice,0.04307917531816844,0.46511627906976744,0.26744186046511625,0.19767441860465118
225,Rice,0.0420668833438209,0.13953488372093023,0.13953488372093023,0.0
226,Rice,0.025555452530766125,0.5,0.05813953488372093,0.4418604651162791
227,Rice,0.019525632266513306,0.6046511627906976,0.5697674418604651,0.03488372093023251
228,Maize,0.04784595655251327,0.14583333333333334,0.4583333333333333,0.3125
229,Groundnut,0.029743015700958938,0.5601851851851852,0.9074074074074074,0.3472222222222222
230,Cotton,0.024224884804915147,0.9365482233502538,0.5989847715736041,0.3375634517766497
231,Groundnut,0.02761360117438911,0.5694444444444444,0.35185185185185186,0.21759259259259256
232,Cotton,0.06872453898949266,0.17766497461928935,0.8147208121827412,0.6370558375634519
233,Rice,0.02265101564971366,0.1744186046511628,0.6162790697674418,0.4418604651162791
234,Groundnut,0.03314201058438388,0.49074074074074076,0.5416666666666666,0.050925925925925875
235,Cotton,0.030857632479942335,0.8934010152284264,0.027918781725888325,0.8654822335025381
236,Groundnut,0.025220880324812203,0.37037037037037035,0.5694444444444444,0.19907407407407407
237,Cotton,0.03989504147138704,0.03553299492385787,0.2233502538071066,0.18781725888324874
238,Cotton,0.08125955015795785,0.22588832487309646,0.5126903553299492,0.28680203045685276
239,Groundnut,0.030419124783911528,0.47685185185185186,0.5833333333333334,0.10648148148148151
240,Cotton,0.04014344524657717,0.5304568527918782,0.4035532994923858,0.12690355329949238
241,Groundnut,0.022935782687597904,0.2175925925925926,0.2777777777777778,0.0601851851851852
242,Bajra,0.05255577953265414,0.2978723404255319,0.574468085106383,0.27659574468085113
243,Maize,0.05256867853817601,0.041666666666666664,0.5625,0.5208333333333334
244,Cotton,0.02749407901154986,0.23604060913705585,0.5532994923857868,0.31725888324873097
245,Rice,0.04073444272882957,0.5116279069767442,0.3488372093023256,0.16279069767441862
246,Cotton,0.08085819427556305,0.883248730964467,0.9619289340101523,0.07868020304568535
247,Cotton,0.05265856275971392,0.10913705583756345,0.26649746192893403,0.15736040609137059
248,Cotton,0.03976943485211645,0.9873096446700508,0.5406091370558376,0.4467005076142132
249,Groundnut,0.054103017941028224,0.25462962962962965,0.3472222222222222,0.09259259259259256
250,Cotton,0.03809198050299676,0.5710659898477157,0.2868020304568528,0.2842639593908629
251,Groundnut,0.03825086541495032,0.4212962962962963,0.5185185185185185,0.09722222222222221
252,Groundnut,0.024350040004148976,0.23148148148148148,0.4398148148148148,0.20833333333333334
253,Cotton,0.03156990814774721,0.9898477157360406,0.9898477157360406,0.0
254,Groundnut,0.016833382381626738,0.12962962962962962,0.7685185185185185,0.6388888888888888
255,Bajra,0.07561514299216103,0.425531914893617,0.09929078014184398,0.3262411347517731
256,Cotton,0.07225969855118224,0.18274111675126903,0.1751269035532995,0.007614213197969538
257,Cotton,0.047944571181545326,0.1802030456852792,0.5685279187817259,0.3883248730964467
258,Groundnut,0.044827284718430296,0.12037037037037036,0.1111111111111111,0.009259259259259259
259,Rice,0.03347438855903765,0.3953488372093023,0.45348837209302323,0.05813953488372092
260,Groundnut,0.019200860106946757,0.16666666666666666,0.4027777777777778,0.23611111111111113
261,Groundnut,0.027265486235314905,0.9351851851851852,0.2824074074074074,0.6527777777777779
262,Groundnut,0.024107519494035404,0.6712962962962963,0.018518518518518517,0.6527777777777778
263,Maize,0.03241901833482255,0.5833333333333334,0.2708333333333333,0.31250000000000006
264,Cotton,0.03563454869213618,0.11548223350253807,0.7918781725888325,0.6763959390862945
265,Cotton,0.06492481084233627,0.26903553299492383,0.3401015228426396,0.07106598984771578
266,Groundnut,0.03949522957059175,0.5555555555555556,0.16203703703703703,0.39351851851851855
267,Cotton,0.01801287168352968,0.8578680203045685,0.9847715736040609,0.12690355329949232
268,Cotton,0.04072606856171628,0.9479695431472082,0.4720812182741117,0.47588832487309646
269,Cotton,0.031879989023467566,0.2131979695431472,0.4263959390862944,0.2131979695431472
270,Maize,0.02473081443312909,0.1875,0.6458333333333334,0.45833333333333337
271,Groundnut,0.03758408003798193,0.7453703703703703,0.5509259259259259,0.19444444444444442
272,Groundnut,0.02892751165656269,0.21296296296296297,0.032407407407407406,0.18055555555555555
273,Rice,0.023601395627945387,0.7209302325581395,0.2558139534883721,0.4651162790697674
274,Maize,0.022926511541701975,0.5625,0.020833333333333332,0.5416666666666666
275,Cotton,0.04859839590860831,0.4593908629441624,0.6218274111675127,0.1624365482233503
276,Bajra,0.018689575191161954,0.1702127659574468,0.14184397163120568,0.02836879432624112
277,Groundnut,0.04324052422482277,0.6203703703703703,0.5925925925925926,0.02777777777777779
278,Cotton,0.03553738298643778,0.3223350253807107,0.44923857868020306,0.12690355329949238
279,Groundnut,0.022199134221309265,0.3611111111111111,0.26851851851851855,0.09259259259259256
280,Groundnut,0.028052323493815236,0.1527777777777778,0.2037037037037037,0.0509259259259259
281,Groundnut,0.027918734256118793,0.35185185185185186,1.0,0.6481481481481481
282,Groundnut,0.03324804511045875,0.6527777777777778,0.9953703703703703,0.34259259259259256
283,Groundnut,0.05205982158872728,0.9120370370370371,0.5046296296296297,0.40740740740740744
284,Groundnut,0.0468489358756661,0.11574074074074074,0.49074074074074076,0.375
285,Groundnut,0.0328100801449918,0.14814814814814814,0.24074074074074073,0.09259259259259259
286,Cotton,0.022800899469821036,0.13705583756345177,0.4873096446700508,0.35025380710659904
287,Cotton,0.01836381146193285,0.9517766497461929,0.050761421319796954,0.9010152284263959
288,Cotton,0.0531879086897211,0.31218274111675126,0.116751269035533,0.19543147208121825
289,Cotton,0.05560180439081464,0.631979695431472,0.43147208121827413,0.2005076142131979
290,Cotton,0.026399820020082423,0.9581218274111675,0.6269035532994924,0.33121827411167504
291,Cotton,0.023690868450677728,0.3604060913705584,0.7868020304568528,0.4263959390862944
292,Cotton,0.023778670798941453,0.9923857868020305,0.9796954314720813,0.012690355329949221
293,Groundnut,0.03290940995882121,0.8518518518518519,0.0787037037037037,0.7731481481481481
294,Cotton,0.03663006896809799,0.9111675126903553,0.8908629441624365,0.020304568527918843
295,Groundnut,0.020881044767779935,0.7685185185185185,0.7314814814814815,0.03703703703703698
296,Cotton,0.03179977284561808,0.35786802030456855,0.39593908629441626,0.03807106598984772
297,Groundnut,0.026312576245391236,0.625,0.2962962962962963,0.3287037037037037
298,Rice,0.039769790855774305,0.6511627906976745,0.6046511627906976,0.04651162790697683
299,Cotton,0.036802034781715315,0.0025380710659898475,0.08375634517766498,0.08121827411167513
300,Cotton,0.08540176494983938,0.18527918781725888,0.012690355329949238,0.17258883248730963
301,Rice,0.03944562368705191,0.45348837209302323,0.18604651162790697,0.26744186046511625
302,Bajra,0.03672324998941254,0.46099290780141844,0.0851063829787234,0.375886524822695
303,Cotton,0.07624746030777517,0.5812182741116751,0.5228426395939086,0.058375634517766506
304,Cotton,0.03154684890584043,0.0532994923857868,0.22588832487309646,0.17258883248730966
305,Rice,0.04467682066309015,0.1511627906976744,0.4186046511627907,0.2674418604651163
306,Cotton,0.035998423874991255,0.5101522842639594,0.19035532994923857,0.3197969543147209
307,Groundnut,0.036962632894055096,0.037037037037037035,0.4444444444444444,0.4074074074074074
308,Groundnut,0.033623777536949694,0.5324074074074074,0.7453703703703703,0.2129629629629629
309,Groundnut,0.033719538231117854,0.4444444444444444,0.06481481481481481,0.3796296296296296
310,Rice,0.03632885422060282,0.5232558139534884,0.5,0.023255813953488413
311,Cotton,0.057724483242743985,0.6395939086294417,0.25380710659898476,0.3857868020304569
312,Bajra,0.028395232912859305,0.7801418439716312,0.014184397163120567,0.7659574468085106
313,Cotton,0.032268694538884,0.08375634517766498,0.08121827411167512,0.0025380710659898553
314,Cotton,0.05867670729684664,0.2182741116751269,0.0532994923857868,0.1649746192893401
315,Groundnut,0.036342939539274,0.1574074074074074,0.47685185185185186,0.3194444444444444
316,Cotton,0.05400892685718329,0.7055837563451777,0.42385786802030456,0.2817258883248731
317,Groundnut,0.032083751037718156,0.6342592592592593,0.046296296296296294,0.587962962962963
318,Maize,0.028298866994628816,0.625,0.5208333333333334,0.10416666666666663
319,Cotton,0.03234267972506184,0.1065989847715736,0.27918781725888325,0.17258883248730966
320,Cotton,0.028507160372787894,0.9695431472081218,0.7639593908629442,0.20558375634517767
321,Cotton,0.05191083124902786,0.4949238578680203,0.4010152284263959,0.09390862944162437
322,Cotton,0.04930710651034803,0.030456852791878174,0.33248730964467005,0.3020304568527919
323,Bajra,0.01912971586896065,0.40070921985815605,0.0070921985815602835,0.39361702127659576
324,Maize,0.03501779092621896,0.8541666666666666,0.1875,0.6666666666666666
325,Cotton,0.030667660049060644,0.6624365482233503,0.7538071065989848,0.09137055837563446
326,Maize,0.031033473875968172,0.7916666666666666,0.375,0.41666666666666663
327,Groundnut,0.0228697701909148,0.27314814814814814,0.35648148148148145,0.08333333333333331
328,Rice,0.028855417468632873,0.7325581395348837,0.6744186046511628,0.05813953488372092
329,Bajra,0.029089454705121125,0.41843971631205673,0.2624113475177305,0.15602836879432624
330,Groundnut,0.016028069713668953,0.5370370370370371,0.14351851851851852,0.3935185185185186
331,Groundnut,0.025234731915428223,0.5231481481481481,0.4166666666666667,0.10648148148148145
332,Bajra,0.048331684308485535,0.3900709219858156,0.07092198581560284,0.3191489361702128
333,Bajra,0.026250588995911563,0.475177304964539,0.028368794326241134,0.4468085106382979
334,Cotton,0.03640160075877119,0.1218274111675127,0.682741116751269,0.5609137055837563
335,Rice,0.030182204026335292,0.5581395348837209,0.09302325581395349,0.46511627906976744
336,Groundnut,0.052804747825898314,0.013888888888888888,0.09259259259259259,0.07870370370370369
337,Groundnut,0.044552131949299106,0.4166666666666667,0.8472222222222222,0.4305555555555555
338,Groundnut,0.030390704769922686,0.3287037037037037,0.3148148148148148,0.013888888888888895
339,Groundnut,0.01957275763253282,0.023148148148148147,0.5092592592592593,0.48611111111111116
340,Rice,0.026433666013112075,0.686046511627907,0.8372093023255814,0.15116279069767447
341,Groundnut,0.026786729748951313,0.18981481481481483,0.3333333333333333,0.1435185185185185
342,Cotton,0.06168147718428757,0.12563451776649745,0.17258883248730963,0.046954314720812185
343,Groundnut,0.039233550844531284,0.20833333333333334,0.30092592592592593,0.09259259259259259
344,Cotton,0.034590696298215526,0.916243654822335,0.8756345177664975,0.040609137055837574
345,Bajra,0.02597563783223427,0.028368794326241134,0.14893617021276595,0.12056737588652482
346,Bajra,0.028280880553011794,0.3546099290780142,0.07801418439716312,0.2765957446808511
347,Groundnut,0.025256415388963286,0.06018518518518518,0.5324074074074074,0.47222222222222227
348,Bajra,0.05284852062919181,0.07801418439716312,0.09219858156028368,0.01418439716312056
349,Rice,0.023084218367266162,0.43023255813953487,0.4069767441860465,0.023255813953488358
350,Groundnut,0.041004464512122314,0.7962962962962963,0.5,0.2962962962962963
351,Cotton,0.024338857299675252,0.02030456852791878,0.37817258883248733,0.35786802030456855
352,Groundnut,0.03375310880661418,0.17592592592592593,0.37037037037037035,0.19444444444444442
353,Groundnut,0.030661511299115936,0.48148148148148145,0.5555555555555556,0.07407407407407413
354,Bajra,0.08177735835865875,0.0851063829787234,0.8014184397163121,0.7163120567375887
355,Groundnut,0.03712516566531332,0.2962962962962963,0.9490740740740741,0.6527777777777778
356,Groundnut,0.02215815033616625,0.7361111111111112,0.6990740740740741,0.03703703703703709
357,Groundnut,0.018464725408680802,0.6018518518518519,0.6944444444444444,0.09259259259259256
358,Groundnut,0.029119715002384635,0.6759259259259259,0.7546296296296297,0.07870370370370372
359,Groundnut,0.02166773583458122,0.7291666666666666,0.9907407407407407,0.26157407407407407
360,Cotton,0.04800934752611947,0.007614213197969543,0.24873096446700507,0.24111675126903553
361,Groundnut,0.022765411217097988,0.3148148148148148,0.17592592592592593,0.1388888888888889
362,Groundnut,0.03148262144738201,0.22685185185185186,0.22685185185185186,0.0
363,Cotton,0.0363931594667951,0.34517766497461927,0.2969543147208122,0.048223350253807085
364,Groundnut,0.04441385044748857,0.8888888888888888,0.875,0.01388888888888884
365,Bajra,0.04657220120845042,0.3049645390070922,0.6028368794326241,0.2978723404255319
366,Groundnut,0.03569341612841241,0.2361111111111111,0.6111111111111112,0.37500000000000006
367,Bajra,0.07433984287842775,0.36879432624113473,0.3546099290780142,0.014184397163120532
368,Groundnut,0.027713436178813115,0.3888888888888889,0.7361111111111112,0.34722222222222227
369,Cotton,0.09827389321628661,0.19035532994923857,0.07360406091370558,0.11675126903553298
370,Cotton,0.05608415199057857,0.1446700507614213,0.8401015228426396,0.6954314720812182
371,Cotton,0.03519613491432492,0.35279187817258884,0.5964467005076142,0.24365482233502533
372,Cotton,0.04930857854171458,0.04060913705583756,0.7284263959390863,0.6878172588832487
373,Groundnut,0.020142493000823426,0.39814814814814814,0.21296296296296297,0.18518518518518517
374,Groundnut,0.01653766645800451,0.4537037037037037,0.28703703703703703,0.16666666666666669
375,Rice,0.04094595558720415,0.22093023255813954,0.5232558139534884,0.3023255813953489
376,Cotton,0.045464403703070234,0.01015228426395939,0.2639593908629442,0.2538071065989848
377,Rice,0.038076313398070875,0.12790697674418605,0.813953488372093,0.686046511627907
378,Cotton,0.023968922430375798,0.7944162436548223,0.766497461928934,0.027918781725888353
379,Cotton,0.06396867340052066,0.350253807106599,0.6548223350253807,0.3045685279187817
380,Cotton,0.04731140137134304,0.7715736040609137,0.383248730964467,0.3883248730964467
381,Groundnut,0.042023111325337946,0.1712962962962963,0.5601851851851852,0.38888888888888895
382,Cotton,0.06823526005062311,0.10152284263959391,0.4467005076142132,0.3451776649746193
386,Rice,0.10089128688875919,0.05813953488372093,0.38372093023255816,0.32558139534883723
387,Rice,0.14557721255589443,0.011627906976744186,0.8604651162790697,0.8488372093023255
388,Cotton,0.14766129632929204,0.5215736040609137,0.4593908629441624,0.06218274111675126
410,Cotton,0.27183401338208724,0.06472081218274112,0.7182741116751269,0.6535532994923858
418,Rice,0.2325939636658186,0.9883720930232558,0.7674418604651163,0.22093023255813948
419,Cotton,0.06826635386363289,0.5215736040609137,0.467005076142132,0.054568527918781695
420,Maize,0.08874775490371001,0.20833333333333334,0.5416666666666666,0.33333333333333326
421,Groundnut,0.07940693981854743,0.14351851851851852,0.7870370370370371,0.6435185185185186
422,Bajra,0.05092831606040892,0.7304964539007093,0.40425531914893614,0.32624113475177313
423,Maize,0.07357360665901447,0.3958333333333333,0.8125,0.4166666666666667
424,Groundnut,0.07972186139002059,0.5462962962962963,0.6759259259259259,0.12962962962962965
425,Cotton,0.07367011941740231,0.8197969543147208,0.8299492385786802,0.010152284263959421
426,Groundnut,0.14288155890326307,0.9305555555555556,0.8148148148148148,0.11574074074074081
427,Groundnut,0.06231084132815929,0.6574074074074074,0.5648148148148148,0.09259259259259267
428,Groundnut,0.07428005880971791,0.5092592592592593,0.1574074074074074,0.35185185185185186
429,Cotton,0.09030585373196492,0.8096446700507615,0.29949238578680204,0.5101522842639594
430,Cotton,0.10028375261210015,0.7436548223350253,0.21573604060913706,0.5279187817258882
431,Cotton,0.12047654415525234,0.19543147208121828,0.20558375634517767,0.010152284263959394
432,Bajra,0.11357483141181231,0.9716312056737588,0.8723404255319149,0.09929078014184389
433,Groundnut,0.08230037474803577,0.16203703703703703,0.8055555555555556,0.6435185185185186
434,Cotton,0.1037831642501453,0.7474619289340102,0.6725888324873096,0.0748730964467006
435,Bajra,0.14062832082712182,1.0,0.9716312056737588,0.028368794326241176
436,Cotton,0.1153264742297036,0.22842639593908629,0.751269035532995,0.5228426395939086
437,Cotton,0.07778935941207338,0.5761421319796954,0.5786802030456852,0.0025380710659898
438,Cotton,0.08015937752615025,0.6751269035532995,0.7309644670050761,0.055837563451776595
439,Maize,0.09738643375171964,0.75,0.7291666666666666,0.02083333333333337
440,Cotton,0.06919783355193011,0.16243654822335024,0.3426395939086294,0.18020304568527917
441,Groundnut,0.07986762932976807,0.9953703703703703,0.4305555555555556,0.5648148148148148
442,Groundnut,0.08604924612712302,0.3194444444444444,0.12962962962962962,0.1898148148148148
443,Bajra,0.05537337584264698,0.7588652482269503,0.6666666666666666,0.09219858156028371
444,Rice,0.1520261348028518,0.06976744186046512,0.9883720930232558,0.9186046511627907
445,Rice,0.05055400031268197,0.32558139534883723,0.9651162790697675,0.6395348837209303
446,Cotton,0.14454913739726885,0.06472081218274112,0.9060913705583756,0.8413705583756346
452,Rice,0.16095472239577677,0.046511627906976744,1.0,0.9534883720930233
453,Cotton,0.3036463665823907,0.027918781725888325,0.7842639593908629,0.7563451776649746
454,Bajra,0.051117276702853084,0.5602836879432624,0.7021276595744681,0.14184397163120566
455,Bajra,0.08298546516247773,0.4326241134751773,0.5957446808510638,0.16312056737588648
456,Cotton,0.0746525059983526,0.43147208121827413,0.9568527918781726,0.5253807106598984
457,Cotton,0.12274040923457939,0.20050761421319796,0.9213197969543148,0.7208121827411168
458,Cotton,0.10302017000585532,0.3299492385786802,0.9035532994923858,0.5736040609137056
459,Rice,0.07947637848607836,0.7093023255813954,0.9069767441860465,0.19767441860465107
460,Groundnut,0.07213260427288345,0.9675925925925926,0.7175925925925926,0.25
461,Rice,0.09152953183642279,0.7558139534883721,0.5813953488372093,0.17441860465116277
463,Rice,0.18595809338888783,0.03488372093023256,0.9418604651162791,0.9069767441860466
466,Bajra,0.050163098444969245,0.8723404255319149,0.9361702127659575,0.06382978723404253
467,Groundnut,0.04991136902719131,0.35648148148148145,0.49537037037037035,0.1388888888888889
468,Rice,0.162952627130711,0.813953488372093,0.9767441860465116,0.16279069767441856
469,Cotton,0.07589046128426624,0.7081218274111675,0.949238578680203,0.24111675126903553
470,Cotton,0.07666371342842154,0.5964467005076142,0.4746192893401015,0.12182741116751267
471,Cotton,0.06107999279437113,0.6979695431472082,0.9187817258883249,0.2208121827411167
472,Cotton,0.07572624416275411,0.3680203045685279,0.48984771573604063,0.12182741116751272
473,Bajra,0.08324340631401866,0.9290780141843972,0.9219858156028369,0.007092198581560294
474,Cotton,0.14797477701351813,0.1319796954314721,0.9263959390862944,0.7944162436548223
475,Rice,0.11845963660024865,0.08139534883720931,0.872093023255814,0.7906976744186046
476,Groundnut,0.10544863085423427,0.4074074074074074,0.8796296296296297,0.47222222222222227
477,Bajra,0.10370406581081089,0.0070921985815602835,0.6170212765957447,0.6099290780141844
478,Bajra,0.16727413589680767,0.3829787234042553,0.8581560283687943,0.475177304964539
479,Bajra,0.12272143300844823,0.8226950354609929,0.9929078014184397,0.17021276595744683
480,Groundnut,0.11813079521307461,0.7824074074074074,0.8101851851851852,0.02777777777777779
481,Bajra,0.05316130809590884,0.5177304964539007,0.3191489361702128,0.1985815602836879
484,Cotton,0.0844549929505624,0.24619289340101522,0.6370558375634517,0.3908629441624365
485,Cotton,0.07156636313399607,0.2563451776649746,0.7131979695431472,0.45685279187817257
486,Rice,0.06165348426577843,0.9302325581395349,0.6976744186046512,0.2325581395348837
487,Bajra,0.09838657691923089,0.09929078014184398,0.8652482269503546,0.7659574468085106
488,Groundnut,0.07404042178867597,0.25,0.7037037037037037,0.4537037037037037
489,Bajra,0.1405791470988015,0.75177304964539,0.7872340425531915,0.03546099290780147
490,Groundnut,0.09215948845920104,0.8981481481481481,0.625,0.27314814814814814
491,Bajra,0.071029550014931,0.9078014184397163,0.9290780141843972,0.021276595744680882
492,Cotton,0.10862410837597632,0.3934010152284264,0.8426395939086294,0.449238578680203
493,Cotton,0.09006851603346142,0.649746192893401,0.7715736040609137,0.12182741116751272
494,Cotton,0.0877942308468037,0.45685279187817257,0.5710659898477157,0.11421319796954316
495,Bajra,0.07789194848082011,0.15602836879432624,1.0,0.8439716312056738
496,Cotton,0.09163287115377598,0.23857868020304568,0.7791878172588832,0.5406091370558375
497,Cotton,0.06009987247790085,0.6116751269035533,0.3553299492385787,0.2563451776649746
498,Bajra,0.06388781139076657,0.9645390070921985,0.7446808510638298,0.21985815602836878
499,Bajra,0.06750679066806935,0.02127659574468085,0.3333333333333333,0.3120567375886525
500,Groundnut,0.07297477641891391,0.9768518518518519,0.7777777777777778,0.19907407407407407
501,Cotton,0.07164619842183363,0.49238578680203043,0.6091370558375635,0.11675126903553307
502,Cotton,0.08148493258318401,0.14974619289340102,0.916243654822335,0.766497461928934
503,Bajra,0.07327195622235706,0.2198581560283688,0.10638297872340426,0.11347517730496455
504,Cotton,0.08710703200574582,0.29441624365482233,0.24619289340101522,0.04822335025380711
505,Bajra,0.07063974526734397,0.9397163120567376,0.45390070921985815,0.4858156028368794
506,Bajra,0.13966612273681678,0.2695035460992908,0.3404255319148936,0.07092198581560283
507,Bajra,0.0634475659656708,0.28368794326241137,0.3262411347517731,0.04255319148936171
508,Bajra,0.060977521213942364,0.6595744680851063,0.5886524822695035,0.07092198581560283
509,Bajra,0.07463357964344687,0.48226950354609927,0.4397163120567376,0.04255319148936165
510,Cotton,0.08982399754507354,0.682741116751269,0.9771573604060914,0.29441624365482233
511,Maize,0.0471516382002851,0.7291666666666666,0.9791666666666666,0.25
512,Cotton,0.0700043439801003,0.2233502538071066,0.7588832487309645,0.5355329949238579
513,Bajra,0.09063859157138703,0.0425531914893617,0.8085106382978723,0.7659574468085106
514,Groundnut,0.0684236109446073,0.1388888888888889,0.9166666666666666,0.7777777777777777
515,Cotton,0.10462913346105773,0.15228426395939088,0.7030456852791879,0.550761421319797
516,Bajra,0.05352415683798583,0.574468085106383,0.5531914893617021,0.021276595744680882
517,Cotton,0.0968853729664832,0.8883248730964467,0.49238578680203043,0.39593908629441626
518,Bajra,0.16728479808502458,0.9219858156028369,0.5319148936170213,0.3900709219858156
519,Cotton,0.035278093222953756,0.4213197969543147,0.05583756345177665,0.36548223350253806
520,Cotton,0.025448692787953968,0.5253807106598984,0.03299492385786802,0.49238578680203043
521,Cotton,0.05253442636275641,0.38578680203045684,0.5736040609137056,0.1878172588832488
522,Cotton,0.05374023449137035,0.19289340101522842,0.799492385786802,0.6065989847715736
523,Cotton,0.10928161660060938,0.6700507614213198,0.3883248730964467,0.2817258883248731
524,Groundnut,0.02932509190042502,0.36574074074074076,0.19444444444444445,0.1712962962962963
525,Bajra,0.05404113194732897,0.7021276595744681,0.19858156028368795,0.5035460992907801
526,Groundnut,0.05087818178940034,0.8009259259259259,0.8240740740740741,0.02314814814814814
527,Groundnut,0.016740621436843406,0.5,0.6481481481481481,0.14814814814814814
528,Groundnut,0.02657491740634417,0.08796296296296297,0.6851851851851852,0.5972222222222223
529,Cotton,0.035522059609363325,0.44923857868020306,0.49746192893401014,0.048223350253807085
530,Groundnut,0.04680629910378626,0.009259259259259259,0.6527777777777778,0.6435185185185185
531,Groundnut,0.12477710237599925,0.875,0.6805555555555556,0.19444444444444442
532,Maize,0.06962301268247419,0.4791666666666667,0.7708333333333334,0.2916666666666667
533,Cotton,0.051702277882798915,0.8223350253807107,0.7563451776649747,0.06598984771573602
534,Bajra,0.07065752867743773,0.3120567375886525,0.7588652482269503,0.44680851063829785
535,Cotton,0.10330664780473121,0.39086294416243655,0.9086294416243654,0.5177664974619289
540,Cotton,0.14313922974005794,0.7309644670050761,0.31725888324873097,0.41370558375634514
541,Cotton,0.12755473675585552,0.3350253807106599,0.3680203045685279,0.03299492385786801
542,Cotton,0.0805721818567754,0.5406091370558376,0.7766497461928934,0.23604060913705582
543,Cotton,0.08260069386457035,0.5329949238578681,0.6598984771573604,0.12690355329949232
544,Groundnut,0.024476503350532777,0.8425925925925926,0.037037037037037035,0.8055555555555556
545,Maize,0.02346979445745098,0.3333333333333333,0.10416666666666667,0.22916666666666663
546,Cotton,0.022445648683885523,0.9796954314720813,0.9949238578680203,0.015228426395939021
547,Groundnut,0.030498273206865857,0.6944444444444444,0.125,0.5694444444444444
548,Groundnut,0.026757190142380094,0.2824074074074074,0.041666666666666664,0.24074074074074073
549,Cotton,0.06435976185131492,0.4086294416243655,0.8071065989847716,0.39847715736040606
550,Rice,0.040127957308481205,0.5348837209302325,0.32558139534883723,0.20930232558139528
551,Bajra,0.08082814216431788,0.7375886524822695,0.2978723404255319,0.43971631205673756
552,Bajra,0.0503598090712887,0.3333333333333333,0.0425531914893617,0.2907801418439716
553,Bajra,0.06748296810584935,0.7872340425531915,0.03546099290780142,0.75177304964539
554,Bajra,0.04250417731584467,0.41134751773049644,0.02127659574468085,0.3900709219858156
555,Groundnut,0.020873295260758082,0.18055555555555555,0.18518518518518517,0.0046296296296296224
556,Cotton,0.04803407324675689,0.8781725888324873,0.6015228426395939,0.2766497461928934
557,Cotton,0.05878177291401319,0.9263959390862944,0.6903553299492385,0.23604060913705582
558,Bajra,0.023566129244331182,0.723404255319149,0.6312056737588653,0.09219858156028371
559,Maize,0.04197648256497378,0.8958333333333334,0.14583333333333334,0.75
560,Bajra,0.03229593214231463,0.5106382978723404,0.375886524822695,0.13475177304964536
561,Cotton,0.043775391557360266,0.33248730964467005,0.04568527918781726,0.2868020304568528
562,Cotton,0.07335807059281631,0.8020304568527918,0.2893401015228426,0.5126903553299492
563,Cotton,0.06920527950709211,0.3197969543147208,0.15736040609137056,0.16243654822335027
564,Cotton,0.05581802261451486,0.33756345177664976,0.7208121827411168,0.38324873096446704
565,Cotton,0.10645019830537499,0.5050761421319797,0.7461928934010152,0.24111675126903553
566,Cotton,0.05962620175991226,0.1751269035532995,0.1319796954314721,0.0431472081218274
567,Cotton,0.051781363092286266,0.07614213197969544,0.5050761421319797,0.4289340101522843
568,Cotton,0.12166700874779228,0.7411167512690355,0.5558375634517766,0.18527918781725894
569,Groundnut,0.035374217224911096,0.18518518518518517,0.6064814814814815,0.42129629629629634
570,Cotton,0.019609809856140796,0.983502538071066,0.9670050761421319,0.016497461928934087
571,Groundnut,0.02917650152480335,0.9166666666666666,0.19907407407407407,0.7175925925925926
572,Cotton,0.036118560515501934,0.5989847715736041,0.08629441624365482,0.5126903553299492
573,Groundnut,0.022916575060202376,0.7129629629629629,0.48148148148148145,0.23148148148148145
574,Cotton,0.033390645079790844,0.5786802030456852,0.6979695431472082,0.11928934010152292
575,Groundnut,0.03437810351149621,0.41203703703703703,0.7129629629629629,0.3009259259259259
576,Groundnut,0.09136425213470299,0.0787037037037037,0.7731481481481481,0.6944444444444444
577,Cotton,0.09652576375451222,0.6040609137055838,0.7360406091370558,0.13197969543147203
578,Cotton,0.04582337482525958,0.565989847715736,0.03807106598984772,0.5279187817258884
579,Cotton,0.03572523640628439,0.7538071065989848,0.025380710659898477,0.7284263959390863
580,Cotton,0.07933025050221315,0.6725888324873096,0.09137055837563451,0.5812182741116751
581,Cotton,0.05212075362343933,0.6091370558375635,0.5355329949238579,0.07360406091370564
582,Cotton,0.042135617002614874,0.7690355329949239,0.9314720812182741,0.16243654822335019
583,Groundnut,0.031187570814227194,0.6388888888888888,0.8703703703703703,0.2314814814814815
584,Maize,0.032042915315634767,0.9166666666666666,0.3541666666666667,0.5625
585,Cotton,0.052058312275370486,0.8527918781725888,0.3730964467005076,0.4796954314720812
586,Bajra,0.096843093447492,0.9787234042553191,0.7801418439716312,0.1985815602836879
587,Cotton,0.11079231003853897,0.4137055837563452,0.8705583756345178,0.45685279187817257
588,Bajra,0.085211579979871,0.950354609929078,0.8368794326241135,0.11347517730496459
590,Cotton,0.10254747219108466,0.3553299492385787,0.46954314720812185,0.11421319796954316
591,Cotton,0.10557296088350122,0.13959390862944163,0.5101522842639594,0.37055837563451777
592,Cotton,0.030928946161026094,0.5025380710659898,0.07614213197969544,0.42639593908629436
593,Groundnut,0.02950408286720265,0.8935185185185185,0.2222222222222222,0.6712962962962963
594,Cotton,0.021703101992048814,0.9314720812182741,0.883248730964467,0.048223350253807085
595,Cotton,0.029143348681139967,0.9479695431472082,0.3756345177664975,0.5723350253807107
596,Groundnut,0.04459361282895958,0.2777777777777778,0.2361111111111111,0.041666666666666685
597,Cotton,0.09733947419500805,0.012690355329949238,0.04060913705583756,0.027918781725888322
598,Cotton,0.07172867272322314,0.2868020304568528,0.2766497461928934,0.010152284263959421
599,Cotton,0.043262238592792435,0.14720812182741116,0.38071065989847713,0.23350253807106597
600,Cotton,0.057654246850841306,0.17258883248730963,0.6243654822335025,0.4517766497461929
601,Bajra,0.08651040042377589,0.5460992907801419,0.7730496453900709,0.22695035460992907
602,Cotton,0.13672877081383297,0.6903553299492385,0.631979695431472,0.058375634517766506
603,Cotton,0.07995113247117121,0.025380710659898477,0.27411167512690354,0.24873096446700507
604,Cotton,0.061139911648260645,0.2436548223350254,0.6446700507614214,0.401015228426396
605,Cotton,0.07949292583267933,0.04314720812182741,0.6395939086294417,0.5964467005076143
606,Bajra,0.04804364952086394,0.16312056737588654,0.3475177304964539,0.18439716312056736
607,Groundnut,0.09312290769001083,0.28703703703703703,0.9722222222222222,0.6851851851851851
608,Cotton,0.07255219349319576,0.8553299492385786,0.6192893401015228,0.23604060913705582
609,Groundnut,0.13139959180424068,0.39351851851851855,0.8379629629629629,0.44444444444444436
610,Cotton,0.13583266539777764,0.3401015228426396,0.5761421319796954,0.23604060913705582
612,Cotton,0.09730406307502905,0.1649746192893401,0.7690355329949239,0.6040609137055838
613,Cotton,0.05512779958882188,0.16751269035532995,0.5583756345177665,0.39086294416243655
614,Cotton,0.05635353262478417,0.2817258883248731,0.8223350253807107,0.5406091370558376
615,Cotton,0.026801617802827395,0.9086294416243654,0.9289340101522843,0.020304568527918843
616,Groundnut,0.01752091072025076,0.09259259259259259,0.36574074074074076,0.27314814814814814
617,Cotton,0.04225458327636352,0.41624365482233505,0.5609137055837563,0.14467005076142125
618,Groundnut,0.0370384548323812,0.5185185185185185,0.7824074074074074,0.26388888888888895
619,Cotton,0.06058861978535535,0.37055837563451777,0.3223350253807107,0.048223350253807085
620,Bajra,0.052267255501846605,0.11347517730496454,0.5106382978723404,0.39716312056737585
621,Cotton,0.053466112737314525,0.5583756345177665,0.36548223350253806,0.19289340101522845
622,Groundnut,0.041793946023206414,0.5925925925925926,0.09722222222222222,0.49537037037037035
623,Bajra,0.04044481346351772,0.8085106382978723,0.6808510638297872,0.12765957446808507
624,Groundnut,0.02150002908293676,0.7291666666666666,0.023148148148148147,0.7060185185185185
625,Cotton,0.0783517161860767,0.5634517766497462,0.8959390862944162,0.33248730964467
626,Cotton,0.06984059302453441,0.4467005076142132,0.9137055837563451,0.46700507614213194
627,Groundnut,0.039013446792756805,0.046296296296296294,0.5370370370370371,0.4907407407407408
628,Cotton,0.07933525718250045,0.467005076142132,0.09898477157360407,0.3680203045685279
629,Maize,0.04210313781252758,0.4375,0.5833333333333334,0.14583333333333337
630,Cotton,0.07058226840546655,0.3730964467005076,0.20304568527918782,0.1700507614213198
631,Cotton,0.033322928531179685,0.25888324873096447,0.7817258883248731,0.5228426395939086
632,Bajra,0.04538964367972506,0.6879432624113475,0.3120567375886525,0.375886524822695
633,Bajra,0.038933602715980856,0.19858156028368795,0.1347517730496454,0.06382978723404256
634,Bajra,0.05498987498382662,0.06382978723404255,0.4326241134751773,0.3687943262411348
636,Cotton,0.18466566168118378,0.5355329949238579,0.6852791878172588,0.14974619289340096
637,Bajra,0.11445665648553496,0.2907801418439716,0.5815602836879432,0.2907801418439716
638,Bajra,0.0637857469360335,0.1347517730496454,0.16312056737588654,0.028368794326241148
639,Groundnut,0.07292898248179194,0.032407407407407406,0.05555555555555555,0.023148148148148147
640,Bajra,0.06229660602316315,0.14893617021276595,0.36879432624113473,0.21985815602836878
641,Groundnut,0.05263717663872215,0.6851851851851852,0.42592592592592593,0.2592592592592593
643,Rice,0.06212917598972067,0.3372093023255814,0.8023255813953488,0.46511627906976744
644,Bajra,0.06828057981682474,0.4397163120567376,0.6879432624113475,0.2482269503546099
645,Cotton,0.029954097602971408,0.9060913705583756,0.5634517766497462,0.3426395939086294
646,Bajra,0.06681960642665778,0.12056737588652482,0.48226950354609927,0.36170212765957444
647,Cotton,0.1511361585802657,0.29949238578680204,0.40609137055837563,0.10659898477157359
648,Cotton,0.10935758678576775,0.7842639593908629,0.8350253807106599,0.050761421319796995
649,Cotton,0.06930887596441894,0.6218274111675127,0.5888324873096447,0.032994923857868064
650,Groundnut,0.06719253810609649,0.6064814814814815,0.8981481481481481,0.29166666666666663
651,Bajra,0.06047138997481692,0.18439716312056736,0.624113475177305,0.4397163120567376
652,Cotton,0.0976158635243011,0.20558375634517767,0.45685279187817257,0.2512690355329949
653,Cotton,0.04646952276662432,0.13451776649746192,0.09390862944162437,0.040609137055837546
654,Bajra,0.04788166322698953,0.900709219858156,0.06382978723404255,0.8368794326241135
655,Groundnut,0.02989242623900801,0.7037037037037037,0.05092592592592592,0.6527777777777778
656,Bajra,0.04519744443303394,0.851063829787234,0.24113475177304963,0.6099290780141844
657,Bajra,0.04506014534412161,0.5673758865248227,0.41843971631205673,0.148936170212766
658,Bajra,0.04114192495645676,0.6453900709219859,0.5390070921985816,0.1063829787234043
659,Cotton,0.04238677352589288,0.25380710659898476,0.583756345177665,0.3299492385786802
660,Maize,0.06356229040849155,0.125,0.75,0.625
661,Cotton,0.04666995256539924,0.8274111675126904,0.8375634517766497,0.01015228426395931
662,Cotton,0.03240369040569615,0.9543147208121827,0.6700507614213198,0.2842639593908629
663,Cotton,0.04237253540868764,0.4289340101522843,0.19796954314720813,0.23096446700507614
664,Groundnut,0.03245222898983346,0.041666666666666664,0.4351851851851852,0.3935185185185185
665,Cotton,0.034710488742262194,0.583756345177665,0.7233502538071066,0.13959390862944165
666,Cotton,0.02309020062104262,0.983502538071066,0.2614213197969543,0.7220812182741116
667,Cotton,0.05343568303733921,0.7766497461928934,0.7081218274111675,0.06852791878172593
668,Groundnut,0.09955547179574112,0.4583333333333333,0.5740740740740741,0.11574074074074076
669,Bajra,0.06120869443498755,0.5531914893617021,0.7092198581560284,0.15602836879432624
670,Bajra,0.050805277961009296,0.46808510638297873,0.7659574468085106,0.2978723404255319
671,Cotton,0.46022974229903596,0.5177664974619289,0.31218274111675126,0.20558375634517767
672,Groundnut,0.07683801614115585,0.07407407407407407,0.5277777777777778,0.4537037037037037
673,Cotton,0.09939451356306667,0.050761421319796954,0.29441624365482233,0.2436548223350254
674,Bajra,0.03961458457251378,0.6737588652482269,0.1773049645390071,0.4964539007092198
675,Groundnut,0.07863826674291285,0.7592592592592593,0.32407407407407407,0.43518518518518523
676,Groundnut,0.15034688341856606,0.8101851851851852,0.5462962962962963,0.26388888888888895
677,Groundnut,0.14606271691571723,0.2638888888888889,0.5138888888888888,0.24999999999999994
678,Maize,0.04002718810153926,0.4166666666666667,0.4791666666666667,0.0625
679,Cotton,0.05768041005441507,0.8705583756345178,0.3248730964467005,0.5456852791878173
680,Cotton,0.05001474705110069,0.6472081218274112,0.18274111675126903,0.46446700507614214
681,Cotton,0.07535846343974265,0.7918781725888325,0.8730964467005076,0.08121827411167504
682,Cotton,0.0579599422657616,0.19796954314720813,0.6751269035532995,0.47715736040609136
683,Cotton,0.06310696145846946,0.37817258883248733,0.3299492385786802,0.04822335025380714
684,Cotton,0.10090359835941949,0.7258883248730964,0.4416243654822335,0.2842639593908629
685,Groundnut,0.06967084551994068,0.09722222222222222,0.6666666666666666,0.5694444444444444
686,Groundnut,0.06972072981677666,0.13425925925925927,0.3611111111111111,0.22685185185185183
687,Cotton,0.07330022242889797,0.20304568527918782,0.1700507614213198,0.03299492385786801
688,Groundnut,0.023687064779417937,0.3472222222222222,0.1712962962962963,0.1759259259259259
689,Rice,0.030075992859683622,0.3023255813953488,0.7790697674418605,0.4767441860465117
690,Rice,0.03298437055598983,0.38372093023255816,0.8255813953488372,0.4418604651162791
691,Rice,0.022456318126052952,0.18604651162790697,0.08139534883720931,0.10465116279069767
692,Bajra,0.07605089473545164,0.07092198581560284,0.5460992907801419,0.475177304964539
693,Cotton,0.0739033752269191,0.36548223350253806,0.3147208121827411,0.05076142131979694
694,Cotton,0.026254830787879622,0.9010152284263959,0.8197969543147208,0.08121827411167515
695,Groundnut,0.10978054263777501,0.9907407407407407,0.9351851851851852,0.05555555555555547
696,Cotton,0.08233544605319572,0.6192893401015228,0.8274111675126904,0.20812182741116758
697,Cotton,0.1080397612022052,0.44416243654822335,0.9517766497461929,0.5076142131979695
698,Cotton,0.06872632139856438,0.3477157360406091,0.35279187817258884,0.005076142131979711
699,Groundnut,0.0612515154195319,0.1111111111111111,0.37962962962962965,0.26851851851851855
700,Bajra,0.055334287554549916,0.2765957446808511,0.6453900709219859,0.3687943262411348
701,Bajra,0.052813496503327895,0.20567375886524822,0.9858156028368794,0.7801418439716312
702,Groundnut,0.05999645635158845,0.3425925925925926,0.6157407407407407,0.2731481481481481
703,Cotton,0.055201483412908106,0.3883248730964467,0.6040609137055838,0.2157360406091371
704,Bajra,0.018280582961897135,0.05673758865248227,0.2198581560283688,0.16312056737588654
705,Cotton,0.07343244060343843,0.8959390862944162,0.9720812182741116,0.07614213197969544
706,Bajra,0.057324847155534854,0.6382978723404256,0.425531914893617,0.21276595744680854
707,Cotton,0.02146745486745476,0.41878172588832485,0.5482233502538071,0.12944162436548223
708,Groundnut,0.028328414565222743,0.2222222222222222,0.4074074074074074,0.18518518518518517
709,Groundnut,0.030880541031289066,0.4398148148148148,0.08796296296296297,0.35185185185185186
710,Cotton,0.06357548882758347,0.8299492385786802,0.06598984771573604,0.7639593908629442
711,Cotton,0.05571856239741556,0.6446700507614214,0.8096446700507615,0.1649746192893401
712,Cotton,0.07263589211864732,0.2639593908629442,0.13959390862944163,0.12436548223350255
713,Cotton,0.0730983555876348,0.7385786802030457,0.5939086294416244,0.14467005076142136
714,Rice,0.07474529952827598,0.4418604651162791,0.5116279069767442,0.06976744186046513
715,Cotton,0.07136599456632871,0.8451776649746193,0.14720812182741116,0.6979695431472082
716,Groundnut,0.06369310925826584,0.125,0.8888888888888888,0.7638888888888888
717,Cotton,0.04456633393008424,0.383248730964467,0.30456852791878175,0.07868020304568524
718,Bajra,0.06582263367053105,0.5886524822695035,0.8865248226950354,0.2978723404255319
719,Cotton,0.030702709182687183,0.6675126903553299,0.0025380710659898475,0.6649746192893401
720,Maize,0.09598069918225807,0.9375,0.041666666666666664,0.8958333333333334
721,Cotton,0.0401153878587322,0.6269035532994924,0.005076142131979695,0.6218274111675127
722,Cotton,0.028112742634608768,0.8654822335025381,0.007614213197969543,0.8578680203045685
723,Cotton,0.02988816215915829,0.8730964467005076,0.14213197969543148,0.7309644670050761
724,Cotton,0.03673433873391663,0.20812182741116753,0.01015228426395939,0.19796954314720813
725,Groundnut,0.022608332738183256,0.4027777777777778,0.18055555555555555,0.22222222222222224
726,Cotton,0.048435927274019276,0.3020304568527919,0.12690355329949238,0.17512690355329952
727,Groundnut,0.023906291417763438,0.7777777777777778,0.9305555555555556,0.1527777777777778
728,Bajra,0.026200503239815102,0.04964539007092199,0.04964539007092199,0.0
729,Cotton,0.02814728986221782,0.1548223350253807,0.03553299492385787,0.11928934010152284
730,Cotton,0.021001996096163947,0.6928934010152284,0.030456852791878174,0.6624365482233503
731,Groundnut,0.06656893950936353,0.9537037037037037,0.4675925925925926,0.4861111111111111
732,Cotton,0.05526812257674677,0.8147208121827412,0.47715736040609136,0.3375634517766498
733,Cotton,0.019683891239291144,0.8426395939086294,0.02284263959390863,0.8197969543147208
734,Maize,0.062332434661688,0.8333333333333334,0.3125,0.5208333333333334
735,Cotton,0.09476383662560174,0.8121827411167513,0.2512690355329949,0.5609137055837563
736,Cotton,0.08373054111211502,0.8071065989847716,0.22081218274111675,0.5862944162436547
737,Cotton,0.06369700593124464,0.733502538071066,0.22842639593908629,0.5050761421319797
738,Cotton,0.039417021207431346,0.233502538071066,0.9822335025380711,0.748730964467005
739,Cotton,0.023601700889965188,0.6142131979695431,0.08883248730964467,0.5253807106598984
740,Cotton,0.06250399944433982,0.2512690355329949,0.6065989847715736,0.3553299492385787
741,Rice,0.04635170690081497,0.9418604651162791,0.9534883720930233,0.011627906976744207
742,Cotton,0.16685581232483085,0.06472081218274112,0.37055837563451777,0.30583756345177665
743,Groundnut,0.06295007196978838,0.8657407407407407,0.8611111111111112,0.004629629629629539
744,Bajra,0.13349700180093982,0.6170212765957447,0.05673758865248227,0.5602836879432624
745,Rice,0.19233839926491766,0.10465116279069768,0.6511627906976745,0.5465116279069768
746,Rice,0.228727710506118,0.11627906976744186,0.8837209302325582,0.7674418604651163
747,Rice,0.06438803720794416,0.8255813953488372,0.7441860465116279,0.08139534883720934
748,Groundnut,0.07391669055448039,0.9490740740740741,0.9768518518518519,0.02777777777777779
749,Groundnut,0.07294128065990271,0.26851851851851855,0.9861111111111112,0.7175925925925926
750,Groundnut,0.06723833323152066,0.8611111111111112,0.7962962962962963,0.06481481481481488
751,Groundnut,0.07429765106273514,0.9722222222222222,0.9259259259259259,0.04629629629629628
752,Cotton,0.06384051225594796,0.6776649746192893,0.8807106598984772,0.20304568527918787
753,Cotton,0.07934012324479221,0.7182741116751269,0.6776649746192893,0.040609137055837574
754,Cotton,0.06901401617124217,0.8248730964467005,0.048223350253807105,0.7766497461928934
755,Cotton,0.07059708270752642,0.7817258883248731,0.7411167512690355,0.040609137055837574
756,Cotton,0.05464225434542612,0.7614213197969543,0.434010152284264,0.3274111675126903
757,Groundnut,0.05670759430033333,0.8194444444444444,0.9398148148148148,0.12037037037037035
758,Cotton,0.12648629193027533,0.8375634517766497,0.7893401015228426,0.048223350253807085
759,Groundnut,0.06523636393133975,0.9259259259259259,0.8287037037037037,0.09722222222222221
760,Bajra,0.08611339517714356,0.9574468085106383,0.475177304964539,0.4822695035460993
761,Groundnut,0.08471237079039937,0.9629629629629629,0.3194444444444444,0.6435185185185185
762,Bajra,0.048878887458096335,0.3191489361702128,0.24822695035460993,0.07092198581560286
763,Maize,0.0413653280133692,0.7083333333333334,0.9375,0.22916666666666663
764,Groundnut,0.05655230252562173,0.375,0.8657407407407407,0.4907407407407407
765,Groundnut,0.05653564858435122,0.6481481481481481,0.8564814814814815,0.20833333333333337
766,Cotton,0.09267339457464967,0.434010152284264,0.8477157360406091,0.41370558375634514
767,Groundnut,0.06663179491112349,0.06944444444444445,0.27314814814814814,0.2037037037037037
768,Bajra,0.06303338947824617,0.7730496453900709,0.8936170212765957,0.12056737588652477
769,Cotton,0.10515612809241048,0.2918781725888325,0.6345177664974619,0.34263959390862947
770,Cotton,0.08824314171239743,0.3426395939086294,0.5203045685279187,0.17766497461928932
771,Cotton,0.0915101668029521,0.03807106598984772,0.9593908629441624,0.9213197969543148
772,Cotton,0.09593841978705503,0.24873096446700507,0.7258883248730964,0.47715736040609136
773,Cotton,0.07382341917679097,0.12563451776649745,0.5380710659898477,0.4124365482233502
774,Maize,0.067654913922579,0.25,0.9583333333333334,0.7083333333333334
775,Groundnut,0.07818454532590226,0.4722222222222222,0.9444444444444444,0.4722222222222222
776,Bajra,0.06604816608855821,0.22695035460992907,0.8156028368794326,0.5886524822695035
777,Bajra,0.07163209376553636,0.1773049645390071,0.6382978723404256,0.46099290780141844
778,Bajra,0.046135382414340745,0.5390070921985816,0.2695035460992908,0.2695035460992908
779,Bajra,0.04811068651364483,0.03546099290780142,0.5602836879432624,0.524822695035461
780,Bajra,0.060845386728322556,0.09219858156028368,0.46099290780141844,0.36879432624113473
781,Groundnut,0.05385452455468156,0.05092592592592592,0.39814814814814814,0.3472222222222222
782,Groundnut,0.0477784784425014,0.4305555555555556,0.6296296296296297,0.19907407407407407
783,Cotton,0.05850525284441213,0.5558375634517766,0.6878172588832487,0.13197969543147214
784,Maize,0.03317347103632414,0.16666666666666666,0.6666666666666666,0.5
785,Groundnut,0.0321430588040945,0.06481481481481481,0.06018518518518518,0.004629629629629629
786,Groundnut,0.037141053664199064,0.10648148148148148,0.9583333333333334,0.8518518518518519
787,Bajra,0.05742002698810861,0.5035460992907801,0.5035460992907801,0.0
788,Bajra,0.09720812696426095,0.5319148936170213,0.9432624113475178,0.4113475177304965
789,Cotton,0.08003638653573933,0.23096446700507614,0.9111675126903553,0.6802030456852792
790,Groundnut,0.06771154698532726,0.33796296296296297,0.8009259259259259,0.46296296296296297
791,Groundnut,0.07697682894935062,0.9861111111111112,0.7592592592592593,0.22685185185185186
792,Bajra,0.1203448496056515,0.9148936170212766,0.9787234042553191,0.06382978723404253
793,Bajra,0.04859793761468134,0.44680851063829785,0.8226950354609929,0.375886524822695
794,Bajra,0.07920485903974833,0.524822695035461,0.9148936170212766,0.3900709219858156
795,Maize,0.06207347899515916,0.875,1.0,0.125
796,Cotton,0.07553513867090152,0.751269035532995,0.8248730964467005,0.07360406091370553
797,Cotton,0.0785513396385156,0.799492385786802,0.8553299492385786,0.055837563451776595
798,Cotton,0.11104767903188045,0.7868020304568528,0.9746192893401016,0.18781725888324874
799,Cotton,0.11696509607764988,0.07106598984771574,0.9238578680203046,0.8527918781725888
800,Maize,0.0899956951552921,0.22916666666666666,0.8333333333333334,0.6041666666666667
801,Groundnut,0.1130470985487948,0.25925925925925924,0.75,0.49074074074074076
802,Maize,0.08130188232864707,0.6666666666666666,0.8958333333333334,0.22916666666666674
803,Bajra,0.08137595802861432,0.8865248226950354,0.7943262411347518,0.0921985815602836
805,Bajra,0.18454403945791423,0.9858156028368794,0.2127659574468085,0.7730496453900709
807,Groundnut,0.13623098410391943,1.0,0.5972222222222222,0.4027777777777778
808,Groundnut,0.07592770842446643,0.9814814814814815,0.6203703703703703,0.36111111111111116
809,Maize,0.08723618398793681,0.0625,0.6041666666666666,0.5416666666666666
810,Cotton,0.07878279320264951,0.6065989847715736,0.565989847715736,0.040609137055837574
811,Bajra,0.05255459470114246,0.7446808510638298,0.3617021276595745,0.38297872340425526
812,Cotton,0.06881978541491197,0.6649746192893401,0.6421319796954315,0.022842639593908642
813,Cotton,0.061640379673522434,0.5862944162436549,0.12436548223350254,0.46192893401015234
814,Cotton,0.11327622387829246,0.8807106598984772,0.5431472081218274,0.3375634517766498
815,Bajra,0.08757321120726463,0.8368794326241135,0.48936170212765956,0.3475177304964539
816,Bajra,0.10419367212856098,0.40070921985815605,0.18439716312056736,0.2163120567375887
817,Cotton,0.08701399080337169,0.07868020304568528,0.41116751269035534,0.33248730964467005
818,Groundnut,0.1082063455848743,0.24537037037037038,0.4861111111111111,0.24074074074074073
819,Bajra,0.08633840547707564,0.7659574468085106,0.22695035460992907,0.5390070921985816
820,Groundnut,0.11134272163424781,0.3333333333333333,0.2638888888888889,0.06944444444444442
821,Bajra,0.08782016821091955,0.48936170212765956,0.6737588652482269,0.18439716312056736
822,Bajra,0.13102530351645264,0.3404255319148936,0.7304964539007093,0.39007092198581567
829,Groundnut,0.09900320452746199,0.9444444444444444,0.9814814814814815,0.03703703703703709
830,Cotton,0.060546652981370346,0.43908629441624364,0.6649746192893401,0.22588832487309646
831,Bajra,0.07608252329131837,0.8652482269503546,0.9645390070921985,0.09929078014184389
832,Cotton,0.05350955506653651,0.1116751269035533,0.550761421319797,0.4390862944162437
833,Cotton,0.08409785845414561,0.3248730964467005,0.6116751269035533,0.2868020304568528
834,Cotton,0.05905609685326829,0.27411167512690354,0.5329949238578681,0.2588832487309645
835,Maize,0.07084051968595406,0.2916666666666667,0.6875,0.3958333333333333
836,Groundnut,0.07953517553421148,0.4861111111111111,0.2175925925925926,0.2685185185185185
837,Bajra,0.15749210246912757,0.9397163120567376,0.41134751773049644,0.5283687943262412
838,Bajra,0.07966548147056354,0.14184397163120568,0.6524822695035462,0.5106382978723405
839,Cotton,0.05811975055323481,0.3756345177664975,0.6472081218274112,0.2715736040609137
840,Cotton,0.05086298306473549,0.26649746192893403,0.7106598984771574,0.44416243654822335
841,Cotton,0.08906080142099178,0.7741116751269036,0.7436548223350253,0.030456852791878264
842,Cotton,0.11251853595559821,0.5456852791878173,0.5279187817258884,0.017766497461928932
843,Bajra,0.0919113753359195,0.6312056737588653,0.44680851063829785,0.18439716312056742
844,Groundnut,0.024210196584591677,0.19444444444444445,0.18981481481481483,0.0046296296296296224
845,Cotton,0.024159064034540934,0.7208121827411168,0.9441624365482234,0.2233502538071066
846,Bajra,0.02389648811584478,0.10638297872340426,0.28368794326241137,0.17730496453900713
847,Cotton,0.048831674292361064,0.09137055837563451,0.06852791878172589,0.02284263959390863
848,Rice,0.020457492254170522,0.36046511627906974,0.1511627906976744,0.20930232558139533
849,Groundnut,0.018551189721805625,0.38425925925925924,0.23148148148148148,0.15277777777777776
850,Cotton,0.05767169453650878,0.700507614213198,0.850253807106599,0.14974619289340108
851,Bajra,0.07673002833816676,0.6950354609929078,0.7375886524822695,0.04255319148936165
852,Rice,0.07981369818639993,0.20930232558139536,0.6627906976744186,0.4534883720930232
853,Rice,0.07202759629245568,0.6395348837209303,0.5465116279069767,0.09302325581395354
854,Groundnut,0.0687409448402118,0.8703703703703703,0.7916666666666666,0.07870370370370372
855,Bajra,0.1874780786314864,0.8936170212765957,0.5673758865248227,0.32624113475177297
856,Bajra,0.07831004350618274,0.5957446808510638,0.5177304964539007,0.07801418439716312
857,Cotton,0.09393063660627078,0.2766497461928934,0.5456852791878173,0.2690355329949239
858,Bajra,0.0788914820480625,0.5815602836879432,0.6950354609929078,0.11347517730496459
859,Bajra,0.056265408499858054,0.7943262411347518,0.900709219858156,0.10638297872340419
860,Bajra,0.07306631478780932,0.23404255319148937,0.3049645390070922,0.07092198581560283
861,Cotton,0.05507176609010587,0.6954314720812182,0.817258883248731,0.12182741116751272
864,Bajra,0.05263636639909575,0.3262411347517731,0.11347517730496454,0.21276595744680854
865,Bajra,0.07241320287410137,0.6524822695035462,0.19148936170212766,0.4609929078014185
866,Cotton,0.0687322264404338,0.7106598984771574,0.5862944162436549,0.12436548223350252
867,Cotton,0.05772206116846455,0.5431472081218274,0.649746192893401,0.10659898477157359
868,Bajra,0.05769511954184671,0.9929078014184397,0.8297872340425532,0.16312056737588654
869,Bajra,0.06830862306121918,0.8156028368794326,0.8794326241134752,0.06382978723404265
870,Cotton,0.047500669546839895,0.7588832487309645,0.5076142131979695,0.25126903553299496
871,Maize,0.11395913757677538,0.375,0.8541666666666666,0.47916666666666663
872,Groundnut,0.12181431209022604,0.9398148148148148,0.6388888888888888,0.30092592592592593
873,Cotton,0.20803823359524823,0.6573604060913706,0.6928934010152284,0.035532994923857864
874,Maize,0.021133168253015783,0.5,0.125,0.375
875,Cotton,0.07271493499447719,0.7893401015228426,0.8654822335025381,0.07614213197969544
876,Groundnut,0.06988750819345782,0.8842592592592593,0.8194444444444444,0.06481481481481488
877,Groundnut,0.07164887800152604,0.5740740740740741,0.6435185185185185,0.06944444444444442
878,Cotton,0.04335490326660377,0.48223350253807107,0.8781725888324873,0.3959390862944162
879,Bajra,0.05477750470655225,0.6808510638297872,0.950354609929078,0.26950354609929084
880,Bajra,0.05867812647432661,0.6666666666666666,0.75177304964539,0.08510638297872342
881,Groundnut,0.07476704092967305,0.9212962962962963,0.7407407407407407,0.18055555555555558
882,Groundnut,0.08192236992735549,0.2916666666666667,0.41203703703703703,0.12037037037037035
883,Groundnut,0.04926912340696453,0.6435185185185185,0.8333333333333334,0.18981481481481488
884,Cotton,0.08161257659969741,0.22081218274111675,0.4796954314720812,0.25888324873096447
885,Groundnut,0.10203509460221623,0.6666666666666666,0.4722222222222222,0.19444444444444442
886,Groundnut,0.10374506748239265,0.5046296296296297,0.3101851851851852,0.19444444444444448
887,Bajra,0.0921873546826728,0.624113475177305,0.8439716312056738,0.21985815602836878
888,Bajra,0.05336361890156594,0.8297872340425532,0.2553191489361702,0.574468085106383
889,Groundnut,0.10764939121936758,0.24074074074074073,0.25,0.009259259259259273
890,Bajra,0.06867691815730131,0.2127659574468085,0.20567375886524822,0.007092198581560294
891,Bajra,0.06150409252198042,0.1276595744680851,0.49645390070921985,0.36879432624113473
892,Groundnut,0.08093065747337803,0.6296296296296297,0.9212962962962963,0.29166666666666663
893,Cotton,0.08943958220467173,0.7563451776649747,0.4086294416243655,0.3477157360406092
894,Bajra,0.10538443608635095,0.014184397163120567,0.3829787234042553,0.36879432624113473
895,Cotton,0.16560879633590753,0.46954314720812185,0.14974619289340102,0.3197969543147208
896,Bajra,0.0583800583051494,0.7163120567375887,0.6099290780141844,0.1063829787234043
897,Cotton,0.08351272615511694,0.6548223350253807,0.4543147208121827,0.20050761421319796
898,Cotton,0.07488280153169416,0.4543147208121827,0.748730964467005,0.29441624365482233
899,Cotton,0.09647319255102332,0.5913705583756346,0.48223350253807107,0.1091370558375635
900,Maize,0.07843607484079011,0.08333333333333333,0.7083333333333334,0.625
901,Cotton,0.16436319293910676,0.3096446700507614,0.8527918781725888,0.5431472081218274
902,Cotton,0.09075789332244424,0.4416243654822335,0.934010152284264,0.4923857868020305
903,Groundnut,0.11542443123633614,0.8564814814814815,0.9027777777777778,0.04629629629629628
904,Rice,0.16785949733117514,0.3488372093023256,0.9302325581395349,0.5813953488372092
905,Cotton,0.0805573830031615,0.6345177664974619,0.5812182741116751,0.053299492385786795
906,Cotton,0.08774817759179412,0.6802030456852792,0.4619289340101523,0.21827411167512695
907,Bajra,0.06209079322154503,0.19148936170212766,0.15602836879432624,0.035460992907801414
908,Cotton,0.06574952551692295,0.5279187817258884,0.11421319796954314,0.4137055837563452
909,Cotton,0.05506821311180935,0.5482233502538071,0.8121827411167513,0.2639593908629442
910,Cotton,0.09164191711570871,0.5736040609137056,0.8934010152284264,0.31979695431472077
911,Cotton,0.0867192279562213,0.48984771573604063,0.38578680203045684,0.10406091370558379
912,Cotton,0.16121981693350748,0.8401015228426396,0.39847715736040606,0.44162436548223355
913,Bajra,0.05452555029982764,0.24822695035460993,0.2907801418439716,0.04255319148936168
914,Groundnut,0.027704824482662954,0.10185185185185185,0.33796296296296297,0.2361111111111111
915,Bajra,0.09661323110563542,0.6099290780141844,0.3900709219858156,0.21985815602836878
916,Cotton,0.05919660237730026,0.2969543147208122,0.2182741116751269,0.07868020304568529
917,Groundnut,0.05371357591060131,0.8472222222222222,0.2916666666666667,0.5555555555555556
918,Groundnut,0.12066316138314949,0.6898148148148148,0.7268518518518519,0.03703703703703709
921,Bajra,0.06012037630323639,0.24113475177304963,0.6595744680851063,0.4184397163120567
925,Maize,0.08676224815068831,0.4583333333333333,0.5,0.041666666666666685
926,Cotton,0.06969590890120762,0.8324873096446701,0.23604060913705585,0.5964467005076143
927,Groundnut,0.06264683056548999,0.6990740740740741,0.6342592592592593,0.06481481481481477
928,Bajra,0.06068611112688104,0.8581560283687943,0.851063829787234,0.007092198581560294
929,Cotton,0.10205280604365745,0.6852791878172588,0.8883248730964467,0.20304568527918787
930,Groundnut,0.07827830468844114,0.3101851851851852,0.7222222222222222,0.41203703703703703
931,Rice,0.06167907593989089,1.0,0.9186046511627907,0.08139534883720934
932,Cotton,0.08286179202928921,0.5152284263959391,0.6802030456852792,0.1649746192893401
933,Cotton,0.11384118683733775,0.5888324873096447,0.39086294416243655,0.1979695431472081
934,Cotton,0.06616220162083225,0.5685279187817259,0.1598984771573604,0.40862944162436554
935,Rice,0.08748032392056536,0.4883720930232558,0.2441860465116279,0.2441860465116279
936,Maize,0.1045096972105326,0.5416666666666666,0.4375,0.10416666666666663
937,Cotton,0.03960380961661065,0.4619289340101523,0.13451776649746192,0.3274111675126904
938,Bajra,0.12369189717523497,0.2553191489361702,0.9078014184397163,0.6524822695035462
939,Cotton,0.06597185980453121,0.8045685279187818,0.9010152284263959,0.09644670050761417
940,Groundnut,0.058048956622781776,0.32407407407407407,0.46296296296296297,0.1388888888888889
941,Cotton,0.10040431265139727,0.8350253807106599,0.8984771573604061,0.06345177664974622
942,Groundnut,0.1590226085316646,0.5138888888888888,0.9675925925925926,0.4537037037037037
943,Groundnut,0.09536746816743971,0.4351851851851852,0.375,0.060185185185185175
944,Cotton,0.11539653938230952,0.5939086294416244,0.1802030456852792,0.41370558375634514
945,Cotton,0.06455812445153421,0.4035532994923858,0.1649746192893401,0.23857868020304568
946,Cotton,0.06187807995777366,0.2893401015228426,0.9543147208121827,0.6649746192893401
947,Groundnut,0.049948424240253655,0.6111111111111112,0.5231481481481481,0.08796296296296302
948,Bajra,0.061919085043511596,0.3617021276595745,0.1702127659574468,0.1914893617021277
949,Cotton,0.07494801049405159,0.7360406091370558,0.616751269035533,0.11928934010152281
950,Groundnut,0.07954765385333376,0.7407407407407407,0.7638888888888888,0.02314814814814814
951,Bajra,0.10874238566841621,0.8014184397163121,0.3971631205673759,0.4042553191489362
952,Bajra,0.07247771560849196,0.6028368794326241,0.9574468085106383,0.35460992907801425
953,Bajra,0.10579983948054168,0.8439716312056738,0.46808510638297873,0.375886524822695
954,Groundnut,0.1255085654971288,0.7916666666666666,0.6574074074074074,0.1342592592592592
955,Groundnut,0.060846548058834826,0.5277777777777778,0.7083333333333334,0.18055555555555558
956,Groundnut,0.0614673455846444,0.19907407407407407,0.39351851851851855,0.19444444444444448
957,Cotton,0.07784282364611249,0.7131979695431472,0.5152284263959391,0.19796954314720805
958,Bajra,0.062282641502738746,0.2624113475177305,0.2765957446808511,0.014184397163120588
959,Cotton,0.08516876186923152,0.31725888324873097,0.2563451776649746,0.06091370558375636
960,Groundnut,0.19647567656116247,0.004629629629629629,0.6620370370370371,0.6574074074074074
966,Rice,0.10230145982171089,0.09302325581395349,0.8953488372093024,0.8023255813953489
